2026-06-25 23:38:20 | INFO   | main_6_2_orch.py             | 80   : setup_logging            | ============================================================
2026-06-25 23:38:20 | INFO   | main_6_2_orch.py             | 81   : setup_logging            | Bot-RL-3 Starting - Listener-based, No Polling
2026-06-25 23:38:20 | INFO   | main_6_2_orch.py             | 82   : setup_logging            | ============================================================
2026-06-25 23:38:20 | INFO   | config_loader.py             | 476  : reload                   | Config loaded: E:\Bot-RL-3\f01_config\config.yaml (env prefix=BOT_)
2026-06-25 23:38:20 | INFO   | main_6_2_orch.py             | 197  : load_configuration       | Configuration loaded successfully
2026-06-25 23:38:20 | INFO   | feature_B_bootstrap.py       | 146  : build_feature_system     | function 'build_feature_system' is started
2026-06-25 23:38:20 | INFO   | config_loader.py             | 476  : reload                   | Config loaded: E:\Bot-RL-3\f01_config\config.yaml (env prefix=BOT_)
2026-06-25 23:38:20 | INFO   | main_6_2_orch.py             | 281  : _init_components         | DataHandler initialized in batch mode for train
2026-06-25 23:38:22 | INFO   | data_handler_F_2.py          | 343  : _check_ohlc              | OHLC validity OK for 'H1'.
2026-06-25 23:38:23 | WARNING | data_handler_F_2.py          | 682  : build                    | NaN after ffill for TF 'H4': 7 cells remain. These rows will be dropped to avoid lookahead.
2026-06-25 23:38:23 | INFO   | data_handler_F_2.py          | 343  : _check_ohlc              | OHLC validity OK for 'H4'.
2026-06-25 23:38:23 | WARNING | data_handler_F_2.py          | 682  : build                    | NaN after ffill for TF 'D1': 77 cells remain. These rows will be dropped to avoid lookahead.
2026-06-25 23:38:23 | INFO   | data_handler_F_2.py          | 343  : _check_ohlc              | OHLC validity OK for 'D1'.
2026-06-25 23:38:24 | INFO   | data_handler_F_2.py          | 482  : _finalize_dataframe      | NaN check passed: no NaN in data columns.
2026-06-25 23:38:24 | INFO   | data_handler_F_2.py          | 499  : _finalize_dataframe      | Column check passed: all expected OHLC columns present.
2026-06-25 23:38:24 | INFO   | main_6_2_orch.py             | 303  : start_batch              | Batch mode started: 125828 rows
2026-06-25 23:38:40 | INFO   | feature_C_engine_4.py        | 70   : execute                  | ✅ Parsed 23 feature specs: ["sma(column='close',period=20)@H1", "wma(column='close',period=20)@H4", "ema(column='close',period=20)@D1", "roc(column='close',period=14)@H4", 'rsi(period=14)@H1', 'true_range@H1', 'atr(period=14)@H1', 'macd(fast=12,slow=26,signal=9)@H1', 'bollinger_bands(close,20,2)@D1', "keltner_channel(close_col='close', n=20, m=2)@H1", 'stochastic(k_period=14, d_period=3, slowing=3)@H1', 'cci(period=20)@H1', 'mfi(period=14)@H1', 'obv@H1', 'williams_r(period=14)@H1', 'parabolic_sar(step=0.02, max_step=0.02, acceleration=0.2)@H1', 'heikin_ashi@H1', 'supertrend(period=10, multiplier=3)@H1', 'aroon(period=25)@H1', "dema(column='close', period=20)@H1", "tema(column='close', period=20)@H1", "kama(column='close', period=20)@H1", "hma(column='close', period=20)@H1"]
2026-06-25 23:38:40 | INFO   | feature_C_engine_4.py        | 75   : execute                  | ✅ Execution order: ['aroon(period=25)@H1', 'atr(period=14)@H1', 'bollinger_bands(close,20,2)@D1', 'cci(period=20)@H1', "dema(column='close', period=20)@H1", "ema(column='close',period=20)@D1", 'heikin_ashi@H1', "hma(column='close', period=20)@H1", "kama(column='close', period=20)@H1", "keltner_channel(close_col='close', n=20, m=2)@H1", 'macd(fast=12,slow=26,signal=9)@H1', 'mfi(period=14)@H1', 'obv@H1', 'parabolic_sar(step=0.02, max_step=0.02, acceleration=0.2)@H1', "roc(column='close',period=14)@H4", 'rsi(period=14)@H1', "sma(column='close',period=20)@H1", 'stochastic(k_period=14, d_period=3, slowing=3)@H1', 'supertrend(period=10, multiplier=3)@H1', "tema(column='close', period=20)@H1", 'true_range@H1', 'williams_r(period=14)@H1', "wma(column='close',period=20)@H4"]
2026-06-25 23:38:40 | INFO   | feature_C_engine_4.py        | 119  : _apply_spec              | 🔄 Applying aroon (mode=train) with args=[], kwargs={'period': 25}
2026-06-25 23:38:40 | INFO   | feature_C_engine_4.py        | 303  : _call_batch              | 📊 Calling aroon_batch_df with filtered kwargs: {'period': 25, 'high_col': 'H1_high', 'low_col': 'H1_low', 'min_periods': -1, 'aroon_up_col': 'aroon_up', 'aroon_down_col': 'aroon_down', 'aroon_osc_col': 'aroon_oscillator', 'add_para_to_names': False}
2026-06-25 23:38:41 | INFO   | feature_C_engine_4.py        | 119  : _apply_spec              | 🔄 Applying atr (mode=train) with args=[], kwargs={'period': 14}
2026-06-25 23:38:41 | INFO   | feature_C_engine_4.py        | 303  : _call_batch              | 📊 Calling atr_batch_df with filtered kwargs: {'high_col': 'H1_high', 'low_col': 'H1_low', 'close_col': 'H1_close', 'n': 14, 'method': 'wilder', 'min_periods': -1, 'result_col': 'atr', 'add_para_to_names': False}
2026-06-25 23:38:42 | INFO   | feature_C_engine_4.py        | 119  : _apply_spec              | 🔄 Applying bollinger_bands (mode=train) with args=[], kwargs={'close_col': 'close', 'n': 20, 'k': 2}
2026-06-25 23:38:42 | INFO   | feature_C_engine_4.py        | 303  : _call_batch              | 📊 Calling bollinger_batch_df with filtered kwargs: {'close_col': 'D1_close', 'n': 20, 'k': 2, 'min_periods': -1, 'upper_col': 'bb_upper', 'middle_col': 'bb_middle', 'lower_col': 'bb_lower', 'width_col': 'bb_width', 'percent_col': 'bb_percent', 'add_para_to_names': False}
2026-06-25 23:38:42 | INFO   | feature_C_engine_4.py        | 119  : _apply_spec              | 🔄 Applying cci (mode=train) with args=[], kwargs={'period': 20}
2026-06-25 23:38:42 | INFO   | feature_C_engine_4.py        | 303  : _call_batch              | 📊 Calling cci_batch_df with filtered kwargs: {'high_col': 'H1_high', 'low_col': 'H1_low', 'close_col': 'H1_close', 'n': 20, 'min_periods': -1, 'result_col': 'cci', 'add_para_to_names': False}
2026-06-25 23:38:43 | INFO   | feature_C_engine_4.py        | 119  : _apply_spec              | 🔄 Applying dema (mode=train) with args=[], kwargs={'column': 'close', 'period': 20}
2026-06-25 23:38:43 | INFO   | feature_C_engine_4.py        | 303  : _call_batch              | 📊 Calling dema_batch_df with filtered kwargs: {'price_col': 'H1_close', 'n': 20, 'min_periods': -1, 'result_col': 'dema', 'add_para_to_names': False}
2026-06-25 23:38:44 | INFO   | feature_C_engine_4.py        | 119  : _apply_spec              | 🔄 Applying ema (mode=train) with args=[], kwargs={'column': 'close', 'period': 20}
2026-06-25 23:38:44 | INFO   | feature_C_engine_4.py        | 303  : _call_batch              | 📊 Calling ema_batch_df with filtered kwargs: {'column': 'D1_close', 'period': 20, 'min_periods': -1, 'result_col': 'ema', 'add_para_to_names': False}
2026-06-25 23:38:44 | INFO   | feature_C_engine_4.py        | 119  : _apply_spec              | 🔄 Applying heikin_ashi (mode=train) with args=[], kwargs={}
2026-06-25 23:38:44 | INFO   | feature_C_engine_4.py        | 303  : _call_batch              | 📊 Calling heikinashi_batch_df with filtered kwargs: {'open_col': 'H1_open', 'high_col': 'H1_high', 'low_col': 'H1_low', 'close_col': 'H1_close', 'result_prefix': 'ha', 'add_para_to_names': False}
2026-06-25 23:38:44 | INFO   | feature_C_engine_4.py        | 119  : _apply_spec              | 🔄 Applying hma (mode=train) with args=[], kwargs={'column': 'close', 'period': 20}
2026-06-25 23:38:44 | INFO   | feature_C_engine_4.py        | 303  : _call_batch              | 📊 Calling hma_batch_df with filtered kwargs: {'price_col': 'H1_close', 'n': 20, 'min_periods': -1, 'result_col': 'hma', 'add_para_to_names': False}
2026-06-25 23:38:46 | INFO   | feature_C_engine_4.py        | 119  : _apply_spec              | 🔄 Applying kama (mode=train) with args=[], kwargs={'column': 'close', 'period': 20}
2026-06-25 23:38:46 | INFO   | feature_C_engine_4.py        | 303  : _call_batch              | 📊 Calling kama_batch_df with filtered kwargs: {'price_col': 'H1_close', 'n': 10, 'fast_span': 2, 'slow_span': 30, 'min_periods': -1, 'result_col': 'kama', 'add_para_to_names': False}
2026-06-25 23:38:46 | INFO   | feature_C_engine_4.py        | 119  : _apply_spec              | 🔄 Applying keltner_channel (mode=train) with args=[], kwargs={'close_col': 'close', 'n': 20, 'm': 2}
2026-06-25 23:38:46 | INFO   | feature_C_engine_4.py        | 303  : _call_batch              | 📊 Calling keltner_batch_df with filtered kwargs: {'close_col': 'H1_close', 'n': 20, 'm': 2, 'high_col': 'H1_high', 'low_col': 'H1_low', 'min_periods': -1, 'upper_col': 'kc_upper', 'middle_col': 'kc_middle', 'lower_col': 'kc_lower', 'width_col': 'kc_width', 'percent_col': 'kc_percent', 'add_para_to_names': False}
2026-06-25 23:38:47 | INFO   | feature_C_engine_4.py        | 119  : _apply_spec              | 🔄 Applying macd (mode=train) with args=[], kwargs={'fast': 12, 'slow': 26, 'signal': 9}
2026-06-25 23:38:47 | INFO   | feature_C_engine_4.py        | 303  : _call_batch              | 📊 Calling macd_batch_df with filtered kwargs: {'fast': 12, 'slow': 26, 'signal': 9, 'close_col': 'H1_close', 'macd_col': 'macd', 'signal_col': 'macd_signal', 'hist_col': 'macd_hist', 'add_para_to_names': False}
2026-06-25 23:38:48 | INFO   | feature_C_engine_4.py        | 119  : _apply_spec              | 🔄 Applying mfi (mode=train) with args=[], kwargs={'period': 14}
2026-06-25 23:38:48 | INFO   | feature_C_engine_4.py        | 303  : _call_batch              | 📊 Calling mfi_batch_df with filtered kwargs: {'high_col': 'H1_high', 'low_col': 'H1_low', 'close_col': 'H1_close', 'volume_col': 'H1_volume', 'n': 14, 'min_periods': -1, 'result_col': 'mfi', 'add_para_to_names': False}
2026-06-25 23:38:48 | INFO   | feature_C_engine_4.py        | 119  : _apply_spec              | 🔄 Applying obv (mode=train) with args=[], kwargs={}
2026-06-25 23:38:48 | INFO   | feature_C_engine_4.py        | 303  : _call_batch              | 📊 Calling obv_batch_df with filtered kwargs: {'close_col': 'H1_close', 'volume_col': 'H1_volume', 'result_col': 'obv', 'add_para_to_names': False}
2026-06-25 23:38:48 | INFO   | feature_C_engine_4.py        | 119  : _apply_spec              | 🔄 Applying parabolic_sar (mode=train) with args=[], kwargs={'step': 0.02, 'max_step': 0.02, 'acceleration': 0.2}
2026-06-25 23:38:48 | INFO   | feature_C_engine_4.py        | 303  : _call_batch              | 📊 Calling parabolicsar_batch_df with filtered kwargs: {'high_col': 'H1_high', 'low_col': 'H1_low', 'af_start': 0.02, 'af_step': 0.02, 'af_max': 0.2, 'result_col': 'psar', 'add_para_to_names': False}
2026-06-25 23:38:49 | INFO   | feature_C_engine_4.py        | 119  : _apply_spec              | 🔄 Applying roc (mode=train) with args=[], kwargs={'column': 'close', 'period': 14}
2026-06-25 23:38:49 | INFO   | feature_C_engine_4.py        | 303  : _call_batch              | 📊 Calling roc_batch_df with filtered kwargs: {'column': 'H4_close', 'period': 14, 'result_col': 'roc', 'add_para_to_names': False}
2026-06-25 23:38:49 | INFO   | feature_C_engine_4.py        | 119  : _apply_spec              | 🔄 Applying rsi (mode=train) with args=[], kwargs={'period': 14}
2026-06-25 23:38:49 | INFO   | feature_C_engine_4.py        | 303  : _call_batch              | 📊 Calling rsi_batch_df with filtered kwargs: {'period': 14, 'column': 'H1_close', 'method': 'ema', 'result_col': 'rsi', 'add_para_to_names': False}
2026-06-25 23:38:50 | INFO   | feature_C_engine_4.py        | 119  : _apply_spec              | 🔄 Applying sma (mode=train) with args=[], kwargs={'column': 'close', 'period': 20}
2026-06-25 23:38:50 | INFO   | feature_C_engine_4.py        | 303  : _call_batch              | 📊 Calling sma_batch_df with filtered kwargs: {'column': 'H1_close', 'period': 20, 'min_periods': -1, 'result_col': 'sma', 'add_para_to_names': False}
2026-06-25 23:38:50 | INFO   | feature_C_engine_4.py        | 119  : _apply_spec              | 🔄 Applying stochastic (mode=train) with args=[], kwargs={'k_period': 14, 'd_period': 3, 'slowing': 3}
2026-06-25 23:38:50 | INFO   | feature_C_engine_4.py        | 303  : _call_batch              | 📊 Calling stochastic_batch_df with filtered kwargs: {'k_period': 14, 'd_period': 3, 'high_col': 'H1_high', 'low_col': 'H1_low', 'close_col': 'H1_close', 'smooth_k': 3, 'method': 'sma', 'min_periods': -1, 'k_col': 'stoch_k', 'd_col': 'stoch_d', 'add_para_to_names': False}
2026-06-25 23:38:52 | INFO   | feature_C_engine_4.py        | 119  : _apply_spec              | 🔄 Applying supertrend (mode=train) with args=[], kwargs={'period': 10, 'multiplier': 3}
2026-06-25 23:38:52 | INFO   | feature_C_engine_4.py        | 303  : _call_batch              | 📊 Calling supertrend_batch_df with filtered kwargs: {'period': 10, 'multiplier': 3, 'high_col': 'H1_high', 'low_col': 'H1_low', 'close_col': 'H1_close', 'atr_method': 'wilder', 'min_periods': -1, 'super_col': 'supertrend', 'direction_col': 'st_direction', 'add_para_to_names': False}
2026-06-25 23:38:52 | INFO   | feature_C_engine_4.py        | 119  : _apply_spec              | 🔄 Applying tema (mode=train) with args=[], kwargs={'column': 'close', 'period': 20}
2026-06-25 23:38:52 | INFO   | feature_C_engine_4.py        | 303  : _call_batch              | 📊 Calling tema_batch_df with filtered kwargs: {'price_col': 'H1_close', 'n': 20, 'min_periods': -1, 'result_col': 'tema', 'add_para_to_names': False}
2026-06-25 23:38:53 | INFO   | feature_C_engine_4.py        | 119  : _apply_spec              | 🔄 Applying true_range (mode=train) with args=[], kwargs={}
2026-06-25 23:38:53 | INFO   | feature_C_engine_4.py        | 303  : _call_batch              | 📊 Calling truerange_batch_df with filtered kwargs: {'high_col': 'H1_high', 'low_col': 'H1_low', 'close_col': 'H1_close', 'result_col': 'true_range', 'add_para_to_names': False}
2026-06-25 23:38:53 | INFO   | feature_C_engine_4.py        | 119  : _apply_spec              | 🔄 Applying williams_r (mode=train) with args=[], kwargs={'period': 14}
2026-06-25 23:38:53 | INFO   | feature_C_engine_4.py        | 303  : _call_batch              | 📊 Calling williamsr_batch_df with filtered kwargs: {'high_col': 'H1_high', 'low_col': 'H1_low', 'close_col': 'H1_close', 'n': 14, 'min_periods': -1, 'result_col': 'williamsr', 'add_para_to_names': False}
2026-06-25 23:38:54 | INFO   | feature_C_engine_4.py        | 119  : _apply_spec              | 🔄 Applying wma (mode=train) with args=[], kwargs={'column': 'close', 'period': 20}
2026-06-25 23:38:54 | INFO   | feature_C_engine_4.py        | 303  : _call_batch              | 📊 Calling wma_batch_df with filtered kwargs: {'column': 'H4_close', 'period': 20, 'min_periods': -1, 'result_col': 'wma', 'add_para_to_names': False}
2026-06-25 23:38:54 | INFO   | feature_C_engine_4.py        | 88   : execute                  | ✅ Feature calculation complete. Result shape: (125828, 72), Columns: ['H1_open', 'H1_high', 'H1_low', 'H1_close', 'H1_volume', 'H1_spread', 'H4_open', 'H4_high', 'H4_low', 'H4_close', 'H4_volume', 'H4_spread', 'H4_start_time', 'D1_open', 'D1_high', 'D1_low', 'D1_close', 'D1_volume', 'D1_spread', 'D1_start_time', 'hour_of_day', 'hour_sin', 'hour_cos', 'day_of_week', 'dow_sin', 'dow_cos', 'session_asia', 'session_london', 'session_newyork', 'qc_gap', 'qc_spike', 'qc_stale', 'aroon_up', 'aroon_down', 'aroon_oscillator', 'atr', 'bb_upper', 'bb_middle', 'bb_lower', 'bb_width', 'bb_percent', 'cci', 'dema', 'ema', 'ha_open', 'ha_high', 'ha_low', 'ha_close', 'hma', 'kama', 'kc_upper', 'kc_middle', 'kc_lower', 'kc_width', 'kc_percent', 'macd', 'macd_signal', 'macd_hist', 'mfi', 'obv', 'psar', 'roc', 'rsi', 'sma', 'stoch_k', 'stoch_d', 'supertrend', 'st_direction', 'tema', 'true_range', 'williamsr', 'wma']
2026-06-25 23:42:31 | INFO   | main_6_2_orch.py             | 80   : setup_logging            | ============================================================
2026-06-25 23:42:31 | INFO   | main_6_2_orch.py             | 81   : setup_logging            | Bot-RL-3 Starting - Listener-based, No Polling
2026-06-25 23:42:31 | INFO   | main_6_2_orch.py             | 82   : setup_logging            | ============================================================
2026-06-25 23:42:32 | INFO   | config_loader.py             | 476  : reload                   | Config loaded: E:\Bot-RL-3\f01_config\config.yaml (env prefix=BOT_)
2026-06-25 23:42:32 | INFO   | main_6_2_orch.py             | 197  : load_configuration       | Configuration loaded successfully
2026-06-25 23:42:32 | INFO   | feature_B_bootstrap.py       | 146  : build_feature_system     | function 'build_feature_system' is started
2026-06-25 23:42:32 | INFO   | config_loader.py             | 476  : reload                   | Config loaded: E:\Bot-RL-3\f01_config\config.yaml (env prefix=BOT_)
2026-06-25 23:42:32 | INFO   | main_6_2_orch.py             | 281  : _init_components         | DataHandler initialized in batch mode for train
2026-06-25 23:42:34 | INFO   | data_handler_F_2.py          | 343  : _check_ohlc              | OHLC validity OK for 'H1'.
2026-06-25 23:42:34 | WARNING | data_handler_F_2.py          | 682  : build                    | NaN after ffill for TF 'H4': 7 cells remain. These rows will be dropped to avoid lookahead.
2026-06-25 23:42:34 | INFO   | data_handler_F_2.py          | 343  : _check_ohlc              | OHLC validity OK for 'H4'.
2026-06-25 23:42:35 | WARNING | data_handler_F_2.py          | 682  : build                    | NaN after ffill for TF 'D1': 77 cells remain. These rows will be dropped to avoid lookahead.
2026-06-25 23:42:35 | INFO   | data_handler_F_2.py          | 343  : _check_ohlc              | OHLC validity OK for 'D1'.
2026-06-25 23:42:35 | INFO   | data_handler_F_2.py          | 482  : _finalize_dataframe      | NaN check passed: no NaN in data columns.
2026-06-25 23:42:35 | INFO   | data_handler_F_2.py          | 499  : _finalize_dataframe      | Column check passed: all expected OHLC columns present.
2026-06-25 23:42:35 | INFO   | main_6_2_orch.py             | 303  : start_batch              | Batch mode started: 125828 rows
2026-06-25 23:42:52 | INFO   | feature_C_engine_4.py        | 70   : execute                  | ✅ Parsed 2 feature specs: ["sma(column='close',period=20)@H1", "sma(column='close',period=20)@H4"]
2026-06-25 23:42:52 | INFO   | feature_C_engine_4.py        | 75   : execute                  | ✅ Execution order: ["sma(column='close',period=20)@H1", "sma(column='close',period=20)@H4"]
2026-06-25 23:42:52 | INFO   | feature_C_engine_4.py        | 119  : _apply_spec              | 🔄 Applying sma (mode=train) with args=[], kwargs={'column': 'close', 'period': 20}
2026-06-25 23:42:52 | INFO   | feature_C_engine_4.py        | 303  : _call_batch              | 📊 Calling sma_batch_df with filtered kwargs: {'column': 'H1_close', 'period': 20, 'min_periods': -1, 'result_col': 'sma', 'add_para_to_names': False}
2026-06-25 23:42:53 | INFO   | feature_C_engine_4.py        | 119  : _apply_spec              | 🔄 Applying sma (mode=train) with args=[], kwargs={'column': 'close', 'period': 20}
2026-06-25 23:42:53 | INFO   | feature_C_engine_4.py        | 303  : _call_batch              | 📊 Calling sma_batch_df with filtered kwargs: {'column': 'H4_close', 'period': 20, 'min_periods': -1, 'result_col': 'sma', 'add_para_to_names': False}
2026-06-25 23:42:53 | INFO   | feature_C_engine_4.py        | 88   : execute                  | ✅ Feature calculation complete. Result shape: (125828, 34), Columns: ['H1_open', 'H1_high', 'H1_low', 'H1_close', 'H1_volume', 'H1_spread', 'H4_open', 'H4_high', 'H4_low', 'H4_close', 'H4_volume', 'H4_spread', 'H4_start_time', 'D1_open', 'D1_high', 'D1_low', 'D1_close', 'D1_volume', 'D1_spread', 'D1_start_time', 'hour_of_day', 'hour_sin', 'hour_cos', 'day_of_week', 'dow_sin', 'dow_cos', 'session_asia', 'session_london', 'session_newyork', 'qc_gap', 'qc_spike', 'qc_stale', 'sma', 'sma__dup']
2026-06-25 23:46:32 | INFO   | main_6_2_orch.py             | 80   : setup_logging            | ============================================================
2026-06-25 23:46:32 | INFO   | main_6_2_orch.py             | 81   : setup_logging            | Bot-RL-3 Starting - Listener-based, No Polling
2026-06-25 23:46:32 | INFO   | main_6_2_orch.py             | 82   : setup_logging            | ============================================================
2026-06-25 23:46:32 | INFO   | config_loader.py             | 476  : reload                   | Config loaded: E:\Bot-RL-3\f01_config\config.yaml (env prefix=BOT_)
2026-06-25 23:46:32 | INFO   | main_6_2_orch.py             | 197  : load_configuration       | Configuration loaded successfully
2026-06-25 23:46:32 | INFO   | feature_B_bootstrap.py       | 146  : build_feature_system     | function 'build_feature_system' is started
2026-06-25 23:46:32 | INFO   | config_loader.py             | 476  : reload                   | Config loaded: E:\Bot-RL-3\f01_config\config.yaml (env prefix=BOT_)
2026-06-25 23:46:32 | INFO   | main_6_2_orch.py             | 281  : _init_components         | DataHandler initialized in batch mode for train
2026-06-25 23:46:34 | INFO   | data_handler_F_2.py          | 343  : _check_ohlc              | OHLC validity OK for 'H1'.
2026-06-25 23:46:35 | WARNING | data_handler_F_2.py          | 682  : build                    | NaN after ffill for TF 'H4': 7 cells remain. These rows will be dropped to avoid lookahead.
2026-06-25 23:46:35 | INFO   | data_handler_F_2.py          | 343  : _check_ohlc              | OHLC validity OK for 'H4'.
2026-06-25 23:46:35 | WARNING | data_handler_F_2.py          | 682  : build                    | NaN after ffill for TF 'D1': 77 cells remain. These rows will be dropped to avoid lookahead.
2026-06-25 23:46:35 | INFO   | data_handler_F_2.py          | 343  : _check_ohlc              | OHLC validity OK for 'D1'.
2026-06-25 23:46:36 | INFO   | data_handler_F_2.py          | 482  : _finalize_dataframe      | NaN check passed: no NaN in data columns.
2026-06-25 23:46:36 | INFO   | data_handler_F_2.py          | 499  : _finalize_dataframe      | Column check passed: all expected OHLC columns present.
2026-06-25 23:46:36 | INFO   | main_6_2_orch.py             | 303  : start_batch              | Batch mode started: 125828 rows
2026-06-25 23:46:52 | INFO   | feature_C_engine_4.py        | 70   : execute                  | ✅ Parsed 3 feature specs: ["sma(column='close',period=20)@H1", "sma(column='close',period=20)@H4", "sma(column='close',period=20)@D1"]
2026-06-25 23:46:52 | INFO   | feature_C_engine_4.py        | 75   : execute                  | ✅ Execution order: ["sma(column='close',period=20)@D1", "sma(column='close',period=20)@H1", "sma(column='close',period=20)@H4"]
2026-06-25 23:46:52 | INFO   | feature_C_engine_4.py        | 119  : _apply_spec              | 🔄 Applying sma (mode=train) with args=[], kwargs={'column': 'close', 'period': 20}
2026-06-25 23:46:52 | INFO   | feature_C_engine_4.py        | 303  : _call_batch              | 📊 Calling sma_batch_df with filtered kwargs: {'column': 'D1_close', 'period': 20, 'min_periods': -1, 'result_col': 'sma', 'add_para_to_names': False}
2026-06-25 23:46:53 | INFO   | feature_C_engine_4.py        | 119  : _apply_spec              | 🔄 Applying sma (mode=train) with args=[], kwargs={'column': 'close', 'period': 20}
2026-06-25 23:46:53 | INFO   | feature_C_engine_4.py        | 303  : _call_batch              | 📊 Calling sma_batch_df with filtered kwargs: {'column': 'H1_close', 'period': 20, 'min_periods': -1, 'result_col': 'sma', 'add_para_to_names': False}
2026-06-25 23:46:53 | INFO   | feature_C_engine_4.py        | 119  : _apply_spec              | 🔄 Applying sma (mode=train) with args=[], kwargs={'column': 'close', 'period': 20}
2026-06-25 23:46:53 | INFO   | feature_C_engine_4.py        | 303  : _call_batch              | 📊 Calling sma_batch_df with filtered kwargs: {'column': 'H4_close', 'period': 20, 'min_periods': -1, 'result_col': 'sma', 'add_para_to_names': False}
2026-06-25 23:46:53 | INFO   | feature_C_engine_4.py        | 88   : execute                  | ✅ Feature calculation complete. Result shape: (125828, 34), Columns: ['H1_open', 'H1_high', 'H1_low', 'H1_close', 'H1_volume', 'H1_spread', 'H4_open', 'H4_high', 'H4_low', 'H4_close', 'H4_volume', 'H4_spread', 'H4_start_time', 'D1_open', 'D1_high', 'D1_low', 'D1_close', 'D1_volume', 'D1_spread', 'D1_start_time', 'hour_of_day', 'hour_sin', 'hour_cos', 'day_of_week', 'dow_sin', 'dow_cos', 'session_asia', 'session_london', 'session_newyork', 'qc_gap', 'qc_spike', 'qc_stale', 'sma', 'sma__dup']
2026-06-26 00:21:06 | INFO   | main_6_2_orch.py             | 80   : setup_logging            | ============================================================
2026-06-26 00:21:06 | INFO   | main_6_2_orch.py             | 81   : setup_logging            | Bot-RL-3 Starting - Listener-based, No Polling
2026-06-26 00:21:06 | INFO   | main_6_2_orch.py             | 82   : setup_logging            | ============================================================
2026-06-26 00:21:07 | INFO   | config_loader.py             | 476  : reload                   | Config loaded: E:\Bot-RL-3\f01_config\config.yaml (env prefix=BOT_)
2026-06-26 00:21:07 | INFO   | main_6_2_orch.py             | 197  : load_configuration       | Configuration loaded successfully
2026-06-26 00:21:07 | INFO   | feature_B_bootstrap.py       | 146  : build_feature_system     | function 'build_feature_system' is started
2026-06-26 00:21:07 | INFO   | config_loader.py             | 476  : reload                   | Config loaded: E:\Bot-RL-3\f01_config\config.yaml (env prefix=BOT_)
2026-06-26 00:21:07 | INFO   | main_6_2_orch.py             | 281  : _init_components         | DataHandler initialized in batch mode for train
2026-06-26 00:21:09 | INFO   | data_handler_F_2.py          | 343  : _check_ohlc              | OHLC validity OK for 'H1'.
2026-06-26 00:21:09 | WARNING | data_handler_F_2.py          | 682  : build                    | NaN after ffill for TF 'H4': 7 cells remain. These rows will be dropped to avoid lookahead.
2026-06-26 00:21:09 | INFO   | data_handler_F_2.py          | 343  : _check_ohlc              | OHLC validity OK for 'H4'.
2026-06-26 00:21:09 | WARNING | data_handler_F_2.py          | 682  : build                    | NaN after ffill for TF 'D1': 77 cells remain. These rows will be dropped to avoid lookahead.
2026-06-26 00:21:09 | INFO   | data_handler_F_2.py          | 343  : _check_ohlc              | OHLC validity OK for 'D1'.
2026-06-26 00:21:10 | INFO   | data_handler_F_2.py          | 482  : _finalize_dataframe      | NaN check passed: no NaN in data columns.
2026-06-26 00:21:10 | INFO   | data_handler_F_2.py          | 499  : _finalize_dataframe      | Column check passed: all expected OHLC columns present.
2026-06-26 00:21:10 | INFO   | main_6_2_orch.py             | 303  : start_batch              | Batch mode started: 125828 rows
2026-06-26 00:21:28 | INFO   | feature_C_engine_4.py        | 70   : execute                  | ✅ Parsed 3 feature specs: ["sma(column='close',period=20)@H1", "sma(column='close',period=20)@H4", "sma(column='close',period=20)@D1"]
2026-06-26 00:21:28 | INFO   | feature_C_engine_4.py        | 75   : execute                  | ✅ Execution order: ["sma(column='close',period=20)@D1", "sma(column='close',period=20)@H1", "sma(column='close',period=20)@H4"]
2026-06-26 00:21:28 | INFO   | feature_C_engine_4.py        | 119  : _apply_spec              | 🔄 Applying sma (mode=train) with args=[], kwargs={'column': 'close', 'period': 20}
2026-06-26 00:21:28 | INFO   | feature_C_engine_4.py        | 307  : _call_batch              | 📊 Calling sma_batch_df with filtered kwargs: {'column': 'D1_close', 'period': 20, 'min_periods': -1, 'result_col': 'sma', 'add_para_to_names': False}
2026-06-26 00:21:29 | INFO   | feature_C_engine_4.py        | 119  : _apply_spec              | 🔄 Applying sma (mode=train) with args=[], kwargs={'column': 'close', 'period': 20}
2026-06-26 00:21:29 | INFO   | feature_C_engine_4.py        | 307  : _call_batch              | 📊 Calling sma_batch_df with filtered kwargs: {'column': 'H1_close', 'period': 20, 'min_periods': -1, 'result_col': 'sma', 'add_para_to_names': False}
2026-06-26 00:21:29 | INFO   | feature_C_engine_4.py        | 119  : _apply_spec              | 🔄 Applying sma (mode=train) with args=[], kwargs={'column': 'close', 'period': 20}
2026-06-26 00:21:29 | INFO   | feature_C_engine_4.py        | 307  : _call_batch              | 📊 Calling sma_batch_df with filtered kwargs: {'column': 'H4_close', 'period': 20, 'min_periods': -1, 'result_col': 'sma', 'add_para_to_names': False}
2026-06-26 00:21:29 | INFO   | feature_C_engine_4.py        | 88   : execute                  | ✅ Feature calculation complete. Result shape: (125828, 35), Columns: ['H1_open', 'H1_high', 'H1_low', 'H1_close', 'H1_volume', 'H1_spread', 'H4_open', 'H4_high', 'H4_low', 'H4_close', 'H4_volume', 'H4_spread', 'H4_start_time', 'D1_open', 'D1_high', 'D1_low', 'D1_close', 'D1_volume', 'D1_spread', 'D1_start_time', 'hour_of_day', 'hour_sin', 'hour_cos', 'day_of_week', 'dow_sin', 'dow_cos', 'session_asia', 'session_london', 'session_newyork', 'qc_gap', 'qc_spike', 'qc_stale', 'D1_sma', 'H1_sma', 'H4_sma']
2026-06-26 00:22:41 | INFO   | main_6_2_orch.py             | 80   : setup_logging            | ============================================================
2026-06-26 00:22:41 | INFO   | main_6_2_orch.py             | 81   : setup_logging            | Bot-RL-3 Starting - Listener-based, No Polling
2026-06-26 00:22:41 | INFO   | main_6_2_orch.py             | 82   : setup_logging            | ============================================================
2026-06-26 00:22:42 | INFO   | config_loader.py             | 476  : reload                   | Config loaded: E:\Bot-RL-3\f01_config\config.yaml (env prefix=BOT_)
2026-06-26 00:22:42 | INFO   | main_6_2_orch.py             | 197  : load_configuration       | Configuration loaded successfully
2026-06-26 00:22:42 | INFO   | feature_B_bootstrap.py       | 146  : build_feature_system     | function 'build_feature_system' is started
2026-06-26 00:22:42 | INFO   | config_loader.py             | 476  : reload                   | Config loaded: E:\Bot-RL-3\f01_config\config.yaml (env prefix=BOT_)
2026-06-26 00:22:42 | INFO   | main_6_2_orch.py             | 281  : _init_components         | DataHandler initialized in batch mode for train
2026-06-26 00:22:44 | INFO   | data_handler_F_2.py          | 343  : _check_ohlc              | OHLC validity OK for 'H1'.
2026-06-26 00:22:44 | WARNING | data_handler_F_2.py          | 682  : build                    | NaN after ffill for TF 'H4': 7 cells remain. These rows will be dropped to avoid lookahead.
2026-06-26 00:22:44 | INFO   | data_handler_F_2.py          | 343  : _check_ohlc              | OHLC validity OK for 'H4'.
2026-06-26 00:22:44 | WARNING | data_handler_F_2.py          | 682  : build                    | NaN after ffill for TF 'D1': 77 cells remain. These rows will be dropped to avoid lookahead.
2026-06-26 00:22:44 | INFO   | data_handler_F_2.py          | 343  : _check_ohlc              | OHLC validity OK for 'D1'.
2026-06-26 00:22:45 | INFO   | data_handler_F_2.py          | 482  : _finalize_dataframe      | NaN check passed: no NaN in data columns.
2026-06-26 00:22:45 | INFO   | data_handler_F_2.py          | 499  : _finalize_dataframe      | Column check passed: all expected OHLC columns present.
2026-06-26 00:22:45 | INFO   | main_6_2_orch.py             | 303  : start_batch              | Batch mode started: 125828 rows
2026-06-26 00:23:02 | INFO   | feature_C_engine_4.py        | 70   : execute                  | ✅ Parsed 3 feature specs: ['bollinger_bands(close,20,2)@H1', 'bollinger_bands(close,20,2)@H4', 'bollinger_bands(close,20,2)@D1']
2026-06-26 00:23:02 | INFO   | feature_C_engine_4.py        | 75   : execute                  | ✅ Execution order: ['bollinger_bands(close,20,2)@D1', 'bollinger_bands(close,20,2)@H1', 'bollinger_bands(close,20,2)@H4']
2026-06-26 00:23:02 | INFO   | feature_C_engine_4.py        | 119  : _apply_spec              | 🔄 Applying bollinger_bands (mode=train) with args=[], kwargs={'close_col': 'close', 'n': 20, 'k': 2}
2026-06-26 00:23:02 | INFO   | feature_C_engine_4.py        | 307  : _call_batch              | 📊 Calling bollinger_batch_df with filtered kwargs: {'close_col': 'D1_close', 'n': 20, 'k': 2, 'min_periods': -1, 'upper_col': 'bb_upper', 'middle_col': 'bb_middle', 'lower_col': 'bb_lower', 'width_col': 'bb_width', 'percent_col': 'bb_percent', 'add_para_to_names': False}
2026-06-26 00:23:03 | INFO   | feature_C_engine_4.py        | 119  : _apply_spec              | 🔄 Applying bollinger_bands (mode=train) with args=[], kwargs={'close_col': 'close', 'n': 20, 'k': 2}
2026-06-26 00:23:03 | INFO   | feature_C_engine_4.py        | 307  : _call_batch              | 📊 Calling bollinger_batch_df with filtered kwargs: {'close_col': 'H1_close', 'n': 20, 'k': 2, 'min_periods': -1, 'upper_col': 'bb_upper', 'middle_col': 'bb_middle', 'lower_col': 'bb_lower', 'width_col': 'bb_width', 'percent_col': 'bb_percent', 'add_para_to_names': False}
2026-06-26 00:23:03 | INFO   | feature_C_engine_4.py        | 119  : _apply_spec              | 🔄 Applying bollinger_bands (mode=train) with args=[], kwargs={'close_col': 'close', 'n': 20, 'k': 2}
2026-06-26 00:23:03 | INFO   | feature_C_engine_4.py        | 307  : _call_batch              | 📊 Calling bollinger_batch_df with filtered kwargs: {'close_col': 'H4_close', 'n': 20, 'k': 2, 'min_periods': -1, 'upper_col': 'bb_upper', 'middle_col': 'bb_middle', 'lower_col': 'bb_lower', 'width_col': 'bb_width', 'percent_col': 'bb_percent', 'add_para_to_names': False}
2026-06-26 00:23:03 | INFO   | feature_C_engine_4.py        | 88   : execute                  | ✅ Feature calculation complete. Result shape: (125828, 47), Columns: ['H1_open', 'H1_high', 'H1_low', 'H1_close', 'H1_volume', 'H1_spread', 'H4_open', 'H4_high', 'H4_low', 'H4_close', 'H4_volume', 'H4_spread', 'H4_start_time', 'D1_open', 'D1_high', 'D1_low', 'D1_close', 'D1_volume', 'D1_spread', 'D1_start_time', 'hour_of_day', 'hour_sin', 'hour_cos', 'day_of_week', 'dow_sin', 'dow_cos', 'session_asia', 'session_london', 'session_newyork', 'qc_gap', 'qc_spike', 'qc_stale', 'D1_bb_upper', 'D1_bb_middle', 'D1_bb_lower', 'D1_bb_width', 'D1_bb_percent', 'H1_bb_upper', 'H1_bb_middle', 'H1_bb_lower', 'H1_bb_width', 'H1_bb_percent', 'H4_bb_upper', 'H4_bb_middle', 'H4_bb_lower', 'H4_bb_width', 'H4_bb_percent']
2026-06-26 15:49:30 | INFO   | main_6_2_orch.py             | 80   : setup_logging            | ============================================================
2026-06-26 15:49:30 | INFO   | main_6_2_orch.py             | 81   : setup_logging            | Bot-RL-3 Starting - Listener-based, No Polling
2026-06-26 15:49:30 | INFO   | main_6_2_orch.py             | 82   : setup_logging            | ============================================================
2026-06-26 15:49:31 | INFO   | config_loader.py             | 476  : reload                   | Config loaded: E:\Bot-RL-3\f01_config\config.yaml (env prefix=BOT_)
2026-06-26 15:49:31 | INFO   | main_6_2_orch.py             | 197  : load_configuration       | Configuration loaded successfully
2026-06-26 15:49:31 | INFO   | feature_B_bootstrap.py       | 146  : build_feature_system     | function 'build_feature_system' is started
2026-06-26 15:49:31 | INFO   | config_loader.py             | 476  : reload                   | Config loaded: E:\Bot-RL-3\f01_config\config.yaml (env prefix=BOT_)
2026-06-26 15:49:31 | INFO   | main_6_2_orch.py             | 281  : _init_components         | DataHandler initialized in batch mode for train
2026-06-26 15:49:34 | INFO   | data_handler_F_2.py          | 343  : _check_ohlc              | OHLC validity OK for 'H1'.
2026-06-26 15:49:35 | WARNING | data_handler_F_2.py          | 682  : build                    | NaN after ffill for TF 'H4': 7 cells remain. These rows will be dropped to avoid lookahead.
2026-06-26 15:49:35 | INFO   | data_handler_F_2.py          | 343  : _check_ohlc              | OHLC validity OK for 'H4'.
2026-06-26 15:49:35 | WARNING | data_handler_F_2.py          | 592  : _load_raw                | Raw data XAUUSD_I/D not found or empty: E:\Bot-RL-3\f03_data\raw\XAUUSD_I\D.parquet
2026-06-26 15:49:35 | WARNING | data_handler_F_2.py          | 660  : build                    | Skipping D: Raw data not available.
2026-06-26 15:49:36 | INFO   | data_handler_F_2.py          | 482  : _finalize_dataframe      | NaN check passed: no NaN in data columns.
2026-06-26 15:49:36 | WARNING | data_handler_F_2.py          | 493  : _finalize_dataframe      | Expected columns missing from final DataFrame (6 cols): ['D_open', 'D_high', 'D_low', 'D_close', 'D_volume', 'D_spread']
2026-06-26 15:49:36 | INFO   | main_6_2_orch.py             | 303  : start_batch              | Batch mode started: 125839 rows
2026-06-26 15:49:55 | INFO   | feature_C_engine_4.py        | 70   : execute                  | ✅ Parsed 3 feature specs: ['bollinger_bands(close,20,2)@H1', 'bollinger_bands(close,20,2)@H4', 'bollinger_bands(close,20,2)@D1']
2026-06-26 15:49:55 | INFO   | feature_C_engine_4.py        | 75   : execute                  | ✅ Execution order: ['bollinger_bands(close,20,2)@D1', 'bollinger_bands(close,20,2)@H1', 'bollinger_bands(close,20,2)@H4']
2026-06-26 15:49:55 | WARNING | feature_C_engine_4.py        | 111  : _apply_spec              | Contract violation [bollinger_bands]: missing column D1_close
2026-06-26 15:49:55 | INFO   | feature_C_engine_4.py        | 119  : _apply_spec              | 🔄 Applying bollinger_bands (mode=train) with args=[], kwargs={'close_col': 'close', 'n': 20, 'k': 2}
2026-06-26 15:49:55 | INFO   | feature_C_engine_4.py        | 307  : _call_batch              | 📊 Calling bollinger_batch_df with filtered kwargs: {'close_col': 'H1_close', 'n': 20, 'k': 2, 'min_periods': -1, 'upper_col': 'bb_upper', 'middle_col': 'bb_middle', 'lower_col': 'bb_lower', 'width_col': 'bb_width', 'percent_col': 'bb_percent', 'add_para_to_names': False}
2026-06-26 15:49:58 | INFO   | feature_C_engine_4.py        | 119  : _apply_spec              | 🔄 Applying bollinger_bands (mode=train) with args=[], kwargs={'close_col': 'close', 'n': 20, 'k': 2}
2026-06-26 15:49:58 | INFO   | feature_C_engine_4.py        | 307  : _call_batch              | 📊 Calling bollinger_batch_df with filtered kwargs: {'close_col': 'H4_close', 'n': 20, 'k': 2, 'min_periods': -1, 'upper_col': 'bb_upper', 'middle_col': 'bb_middle', 'lower_col': 'bb_lower', 'width_col': 'bb_width', 'percent_col': 'bb_percent', 'add_para_to_names': False}
2026-06-26 15:49:58 | INFO   | feature_C_engine_4.py        | 88   : execute                  | ✅ Feature calculation complete. Result shape: (125839, 35), Columns: ['H1_open', 'H1_high', 'H1_low', 'H1_close', 'H1_volume', 'H1_spread', 'H4_open', 'H4_high', 'H4_low', 'H4_close', 'H4_volume', 'H4_spread', 'H4_start_time', 'hour_of_day', 'hour_sin', 'hour_cos', 'day_of_week', 'dow_sin', 'dow_cos', 'session_asia', 'session_london', 'session_newyork', 'qc_gap', 'qc_spike', 'qc_stale', 'H1_bb_upper', 'H1_bb_middle', 'H1_bb_lower', 'H1_bb_width', 'H1_bb_percent', 'H4_bb_upper', 'H4_bb_middle', 'H4_bb_lower', 'H4_bb_width', 'H4_bb_percent']
2026-06-26 15:49:58 | INFO   | main_6_2_orch.py             | 336  : run_batch_loop           | ✅ Features saved to: ./features_XAUUSD_I_H1_H1_H4_D.parquet (shape: (125839, 35))
2026-06-26 15:55:15 | INFO   | main_6_2_orch.py             | 80   : setup_logging            | ============================================================
2026-06-26 15:55:15 | INFO   | main_6_2_orch.py             | 81   : setup_logging            | Bot-RL-3 Starting - Listener-based, No Polling
2026-06-26 15:55:15 | INFO   | main_6_2_orch.py             | 82   : setup_logging            | ============================================================
2026-06-26 15:55:15 | INFO   | config_loader.py             | 476  : reload                   | Config loaded: E:\Bot-RL-3\f01_config\config.yaml (env prefix=BOT_)
2026-06-26 15:55:15 | INFO   | main_6_2_orch.py             | 197  : load_configuration       | Configuration loaded successfully
2026-06-26 15:55:15 | INFO   | feature_B_bootstrap.py       | 146  : build_feature_system     | function 'build_feature_system' is started
2026-06-26 15:55:15 | INFO   | config_loader.py             | 476  : reload                   | Config loaded: E:\Bot-RL-3\f01_config\config.yaml (env prefix=BOT_)
2026-06-26 15:55:15 | INFO   | main_6_2_orch.py             | 281  : _init_components         | DataHandler initialized in batch mode for train
2026-06-26 15:55:17 | INFO   | data_handler_F_2.py          | 343  : _check_ohlc              | OHLC validity OK for 'H1'.
2026-06-26 15:55:17 | WARNING | data_handler_F_2.py          | 682  : build                    | NaN after ffill for TF 'H4': 7 cells remain. These rows will be dropped to avoid lookahead.
2026-06-26 15:55:17 | INFO   | data_handler_F_2.py          | 343  : _check_ohlc              | OHLC validity OK for 'H4'.
2026-06-26 15:55:17 | WARNING | data_handler_F_2.py          | 592  : _load_raw                | Raw data XAUUSD_I/D not found or empty: E:\Bot-RL-3\f03_data\raw\XAUUSD_I\D.parquet
2026-06-26 15:55:17 | WARNING | data_handler_F_2.py          | 660  : build                    | Skipping D: Raw data not available.
2026-06-26 15:55:18 | INFO   | data_handler_F_2.py          | 482  : _finalize_dataframe      | NaN check passed: no NaN in data columns.
2026-06-26 15:55:18 | WARNING | data_handler_F_2.py          | 493  : _finalize_dataframe      | Expected columns missing from final DataFrame (6 cols): ['D_open', 'D_high', 'D_low', 'D_close', 'D_volume', 'D_spread']
2026-06-26 15:55:18 | INFO   | main_6_2_orch.py             | 303  : start_batch              | Batch mode started: 125839 rows
2026-06-26 15:55:33 | INFO   | feature_C_engine_4.py        | 70   : execute                  | ✅ Parsed 3 feature specs: ['bollinger_bands(close,20,2)@H1', 'bollinger_bands(close,20,2)@H4', 'bollinger_bands(close,20,2)@D1']
2026-06-26 15:55:33 | INFO   | feature_C_engine_4.py        | 75   : execute                  | ✅ Execution order: ['bollinger_bands(close,20,2)@D1', 'bollinger_bands(close,20,2)@H1', 'bollinger_bands(close,20,2)@H4']
2026-06-26 15:55:33 | WARNING | feature_C_engine_4.py        | 111  : _apply_spec              | Contract violation [bollinger_bands]: missing column D1_close
2026-06-26 15:55:33 | INFO   | feature_C_engine_4.py        | 119  : _apply_spec              | 🔄 Applying bollinger_bands (mode=train) with args=[], kwargs={'close_col': 'close', 'n': 20, 'k': 2}
2026-06-26 15:55:33 | INFO   | feature_C_engine_4.py        | 307  : _call_batch              | 📊 Calling bollinger_batch_df with filtered kwargs: {'close_col': 'H1_close', 'n': 20, 'k': 2, 'min_periods': -1, 'upper_col': 'bb_upper', 'middle_col': 'bb_middle', 'lower_col': 'bb_lower', 'width_col': 'bb_width', 'percent_col': 'bb_percent', 'add_para_to_names': False}
2026-06-26 15:55:34 | INFO   | feature_C_engine_4.py        | 119  : _apply_spec              | 🔄 Applying bollinger_bands (mode=train) with args=[], kwargs={'close_col': 'close', 'n': 20, 'k': 2}
2026-06-26 15:55:34 | INFO   | feature_C_engine_4.py        | 307  : _call_batch              | 📊 Calling bollinger_batch_df with filtered kwargs: {'close_col': 'H4_close', 'n': 20, 'k': 2, 'min_periods': -1, 'upper_col': 'bb_upper', 'middle_col': 'bb_middle', 'lower_col': 'bb_lower', 'width_col': 'bb_width', 'percent_col': 'bb_percent', 'add_para_to_names': False}
2026-06-26 15:55:34 | INFO   | feature_C_engine_4.py        | 88   : execute                  | ✅ Feature calculation complete. Result shape: (125839, 35), Columns: ['H1_open', 'H1_high', 'H1_low', 'H1_close', 'H1_volume', 'H1_spread', 'H4_open', 'H4_high', 'H4_low', 'H4_close', 'H4_volume', 'H4_spread', 'H4_start_time', 'hour_of_day', 'hour_sin', 'hour_cos', 'day_of_week', 'dow_sin', 'dow_cos', 'session_asia', 'session_london', 'session_newyork', 'qc_gap', 'qc_spike', 'qc_stale', 'H1_bb_upper', 'H1_bb_middle', 'H1_bb_lower', 'H1_bb_width', 'H1_bb_percent', 'H4_bb_upper', 'H4_bb_middle', 'H4_bb_lower', 'H4_bb_width', 'H4_bb_percent']
2026-06-26 15:55:34 | ERROR  | main_6_2_orch.py             | 388  : start                    | Failed to start bot: Cannot save file into a non-existent directory: 'f04_features\features_dfs'
Traceback (most recent call last):
  File "E:\Bot-RL-3\main_6_2_orch.py", line 382, in start
    self.run_batch_loop()
  File "E:\Bot-RL-3\main_6_2_orch.py", line 335, in run_batch_loop
    features_df.to_parquet(save_path, index=True)
  File "C:\Users\Farhad Vahedkia\.virtualenvs\Bot-RL-3-suBX_f4r\Lib\site-packages\pandas\util\_decorators.py", line 333, in wrapper
    return func(*args, **kwargs)
           ^^^^^^^^^^^^^^^^^^^^^
  File "C:\Users\Farhad Vahedkia\.virtualenvs\Bot-RL-3-suBX_f4r\Lib\site-packages\pandas\core\frame.py", line 3118, in to_parquet
    return to_parquet(
           ^^^^^^^^^^^
  File "C:\Users\Farhad Vahedkia\.virtualenvs\Bot-RL-3-suBX_f4r\Lib\site-packages\pandas\io\parquet.py", line 482, in to_parquet
    impl.write(
  File "C:\Users\Farhad Vahedkia\.virtualenvs\Bot-RL-3-suBX_f4r\Lib\site-packages\pandas\io\parquet.py", line 199, in write
    path_or_handle, handles, filesystem = _get_path_or_handle(
                                          ^^^^^^^^^^^^^^^^^^^^
  File "C:\Users\Farhad Vahedkia\.virtualenvs\Bot-RL-3-suBX_f4r\Lib\site-packages\pandas\io\parquet.py", line 141, in _get_path_or_handle
    handles = get_handle(
              ^^^^^^^^^^^
  File "C:\Users\Farhad Vahedkia\.virtualenvs\Bot-RL-3-suBX_f4r\Lib\site-packages\pandas\io\common.py", line 749, in get_handle
    check_parent_directory(str(handle))
  File "C:\Users\Farhad Vahedkia\.virtualenvs\Bot-RL-3-suBX_f4r\Lib\site-packages\pandas\io\common.py", line 616, in check_parent_directory
    raise OSError(rf"Cannot save file into a non-existent directory: '{parent}'")
OSError: Cannot save file into a non-existent directory: 'f04_features\features_dfs'
2026-06-26 15:55:34 | INFO   | main_6_2_orch.py             | 406  : shutdown                 | Initiating shutdown...
2026-06-26 15:55:34 | INFO   | main_6_2_orch.py             | 395  : stop                     | Stopping Bot-RL-3...
2026-06-26 15:55:34 | INFO   | main_6_2_orch.py             | 403  : stop                     | Bot-RL-3 stopped
2026-06-26 15:55:34 | INFO   | main_6_2_orch.py             | 408  : shutdown                 | Shutdown complete
2026-06-26 16:01:44 | INFO   | main_6_2_orch.py             | 81   : setup_logging            | ============================================================
2026-06-26 16:01:44 | INFO   | main_6_2_orch.py             | 82   : setup_logging            | Bot-RL-3 Starting - Listener-based, No Polling
2026-06-26 16:01:44 | INFO   | main_6_2_orch.py             | 83   : setup_logging            | ============================================================
2026-06-26 16:01:44 | INFO   | config_loader.py             | 476  : reload                   | Config loaded: E:\Bot-RL-3\f01_config\config.yaml (env prefix=BOT_)
2026-06-26 16:01:44 | INFO   | main_6_2_orch.py             | 198  : load_configuration       | Configuration loaded successfully
2026-06-26 16:01:44 | INFO   | feature_B_bootstrap.py       | 146  : build_feature_system     | function 'build_feature_system' is started
2026-06-26 16:01:44 | INFO   | config_loader.py             | 476  : reload                   | Config loaded: E:\Bot-RL-3\f01_config\config.yaml (env prefix=BOT_)
2026-06-26 16:01:44 | INFO   | main_6_2_orch.py             | 282  : _init_components         | DataHandler initialized in batch mode for train
2026-06-26 16:01:46 | INFO   | data_handler_F_2.py          | 343  : _check_ohlc              | OHLC validity OK for 'H1'.
2026-06-26 16:01:47 | WARNING | data_handler_F_2.py          | 682  : build                    | NaN after ffill for TF 'H4': 7 cells remain. These rows will be dropped to avoid lookahead.
2026-06-26 16:01:47 | INFO   | data_handler_F_2.py          | 343  : _check_ohlc              | OHLC validity OK for 'H4'.
2026-06-26 16:01:47 | WARNING | data_handler_F_2.py          | 592  : _load_raw                | Raw data XAUUSD_I/D not found or empty: E:\Bot-RL-3\f03_data\raw\XAUUSD_I\D.parquet
2026-06-26 16:01:47 | WARNING | data_handler_F_2.py          | 660  : build                    | Skipping D: Raw data not available.
2026-06-26 16:01:48 | INFO   | data_handler_F_2.py          | 482  : _finalize_dataframe      | NaN check passed: no NaN in data columns.
2026-06-26 16:01:48 | WARNING | data_handler_F_2.py          | 493  : _finalize_dataframe      | Expected columns missing from final DataFrame (6 cols): ['D_open', 'D_high', 'D_low', 'D_close', 'D_volume', 'D_spread']
2026-06-26 16:01:48 | INFO   | main_6_2_orch.py             | 304  : start_batch              | Batch mode started: 125839 rows
2026-06-26 16:02:01 | INFO   | feature_C_engine_4.py        | 70   : execute                  | ✅ Parsed 3 feature specs: ['bollinger_bands(close,20,2)@H1', 'bollinger_bands(close,20,2)@H4', 'bollinger_bands(close,20,2)@D1']
2026-06-26 16:02:01 | INFO   | feature_C_engine_4.py        | 75   : execute                  | ✅ Execution order: ['bollinger_bands(close,20,2)@D1', 'bollinger_bands(close,20,2)@H1', 'bollinger_bands(close,20,2)@H4']
2026-06-26 16:02:01 | WARNING | feature_C_engine_4.py        | 111  : _apply_spec              | Contract violation [bollinger_bands]: missing column D1_close
2026-06-26 16:02:01 | INFO   | feature_C_engine_4.py        | 119  : _apply_spec              | 🔄 Applying bollinger_bands (mode=train) with args=[], kwargs={'close_col': 'close', 'n': 20, 'k': 2}
2026-06-26 16:02:01 | INFO   | feature_C_engine_4.py        | 307  : _call_batch              | 📊 Calling bollinger_batch_df with filtered kwargs: {'close_col': 'H1_close', 'n': 20, 'k': 2, 'min_periods': -1, 'upper_col': 'bb_upper', 'middle_col': 'bb_middle', 'lower_col': 'bb_lower', 'width_col': 'bb_width', 'percent_col': 'bb_percent', 'add_para_to_names': False}
2026-06-26 16:02:02 | INFO   | feature_C_engine_4.py        | 119  : _apply_spec              | 🔄 Applying bollinger_bands (mode=train) with args=[], kwargs={'close_col': 'close', 'n': 20, 'k': 2}
2026-06-26 16:02:02 | INFO   | feature_C_engine_4.py        | 307  : _call_batch              | 📊 Calling bollinger_batch_df with filtered kwargs: {'close_col': 'H4_close', 'n': 20, 'k': 2, 'min_periods': -1, 'upper_col': 'bb_upper', 'middle_col': 'bb_middle', 'lower_col': 'bb_lower', 'width_col': 'bb_width', 'percent_col': 'bb_percent', 'add_para_to_names': False}
2026-06-26 16:02:02 | INFO   | feature_C_engine_4.py        | 88   : execute                  | ✅ Feature calculation complete. Result shape: (125839, 35), Columns: ['H1_open', 'H1_high', 'H1_low', 'H1_close', 'H1_volume', 'H1_spread', 'H4_open', 'H4_high', 'H4_low', 'H4_close', 'H4_volume', 'H4_spread', 'H4_start_time', 'hour_of_day', 'hour_sin', 'hour_cos', 'day_of_week', 'dow_sin', 'dow_cos', 'session_asia', 'session_london', 'session_newyork', 'qc_gap', 'qc_spike', 'qc_stale', 'H1_bb_upper', 'H1_bb_middle', 'H1_bb_lower', 'H1_bb_width', 'H1_bb_percent', 'H4_bb_upper', 'H4_bb_middle', 'H4_bb_lower', 'H4_bb_width', 'H4_bb_percent']
2026-06-26 16:02:03 | INFO   | main_6_2_orch.py             | 338  : run_batch_loop           | ✅ Features saved to: f04_features/features_dfs/features_XAUUSD_I_H1_H1_H4_D.parquet (shape: (125839, 35))
2026-06-26 16:02:11 | INFO   | main_6_2_orch.py             | 81   : setup_logging            | ============================================================
2026-06-26 16:02:11 | INFO   | main_6_2_orch.py             | 82   : setup_logging            | Bot-RL-3 Starting - Listener-based, No Polling
2026-06-26 16:02:11 | INFO   | main_6_2_orch.py             | 83   : setup_logging            | ============================================================
2026-06-26 16:02:11 | INFO   | config_loader.py             | 476  : reload                   | Config loaded: E:\Bot-RL-3\f01_config\config.yaml (env prefix=BOT_)
2026-06-26 16:02:11 | INFO   | main_6_2_orch.py             | 198  : load_configuration       | Configuration loaded successfully
2026-06-26 16:02:11 | INFO   | feature_B_bootstrap.py       | 146  : build_feature_system     | function 'build_feature_system' is started
2026-06-26 16:02:12 | INFO   | config_loader.py             | 476  : reload                   | Config loaded: E:\Bot-RL-3\f01_config\config.yaml (env prefix=BOT_)
2026-06-26 16:02:12 | INFO   | main_6_2_orch.py             | 282  : _init_components         | DataHandler initialized in batch mode for train
2026-06-26 16:02:14 | INFO   | data_handler_F_2.py          | 343  : _check_ohlc              | OHLC validity OK for 'H1'.
2026-06-26 16:02:14 | WARNING | data_handler_F_2.py          | 682  : build                    | NaN after ffill for TF 'H4': 7 cells remain. These rows will be dropped to avoid lookahead.
2026-06-26 16:02:14 | INFO   | data_handler_F_2.py          | 343  : _check_ohlc              | OHLC validity OK for 'H4'.
2026-06-26 16:02:14 | WARNING | data_handler_F_2.py          | 682  : build                    | NaN after ffill for TF 'D1': 77 cells remain. These rows will be dropped to avoid lookahead.
2026-06-26 16:02:14 | INFO   | data_handler_F_2.py          | 343  : _check_ohlc              | OHLC validity OK for 'D1'.
2026-06-26 16:02:15 | INFO   | data_handler_F_2.py          | 482  : _finalize_dataframe      | NaN check passed: no NaN in data columns.
2026-06-26 16:02:15 | INFO   | data_handler_F_2.py          | 499  : _finalize_dataframe      | Column check passed: all expected OHLC columns present.
2026-06-26 16:02:15 | INFO   | main_6_2_orch.py             | 304  : start_batch              | Batch mode started: 125828 rows
2026-06-26 16:02:31 | INFO   | feature_C_engine_4.py        | 70   : execute                  | ✅ Parsed 3 feature specs: ['bollinger_bands(close,20,2)@H1', 'bollinger_bands(close,20,2)@H4', 'bollinger_bands(close,20,2)@D1']
2026-06-26 16:02:31 | INFO   | feature_C_engine_4.py        | 75   : execute                  | ✅ Execution order: ['bollinger_bands(close,20,2)@D1', 'bollinger_bands(close,20,2)@H1', 'bollinger_bands(close,20,2)@H4']
2026-06-26 16:02:31 | INFO   | feature_C_engine_4.py        | 119  : _apply_spec              | 🔄 Applying bollinger_bands (mode=train) with args=[], kwargs={'close_col': 'close', 'n': 20, 'k': 2}
2026-06-26 16:02:31 | INFO   | feature_C_engine_4.py        | 307  : _call_batch              | 📊 Calling bollinger_batch_df with filtered kwargs: {'close_col': 'D1_close', 'n': 20, 'k': 2, 'min_periods': -1, 'upper_col': 'bb_upper', 'middle_col': 'bb_middle', 'lower_col': 'bb_lower', 'width_col': 'bb_width', 'percent_col': 'bb_percent', 'add_para_to_names': False}
2026-06-26 16:02:33 | INFO   | feature_C_engine_4.py        | 119  : _apply_spec              | 🔄 Applying bollinger_bands (mode=train) with args=[], kwargs={'close_col': 'close', 'n': 20, 'k': 2}
2026-06-26 16:02:33 | INFO   | feature_C_engine_4.py        | 307  : _call_batch              | 📊 Calling bollinger_batch_df with filtered kwargs: {'close_col': 'H1_close', 'n': 20, 'k': 2, 'min_periods': -1, 'upper_col': 'bb_upper', 'middle_col': 'bb_middle', 'lower_col': 'bb_lower', 'width_col': 'bb_width', 'percent_col': 'bb_percent', 'add_para_to_names': False}
2026-06-26 16:02:33 | INFO   | feature_C_engine_4.py        | 119  : _apply_spec              | 🔄 Applying bollinger_bands (mode=train) with args=[], kwargs={'close_col': 'close', 'n': 20, 'k': 2}
2026-06-26 16:02:33 | INFO   | feature_C_engine_4.py        | 307  : _call_batch              | 📊 Calling bollinger_batch_df with filtered kwargs: {'close_col': 'H4_close', 'n': 20, 'k': 2, 'min_periods': -1, 'upper_col': 'bb_upper', 'middle_col': 'bb_middle', 'lower_col': 'bb_lower', 'width_col': 'bb_width', 'percent_col': 'bb_percent', 'add_para_to_names': False}
2026-06-26 16:02:33 | INFO   | feature_C_engine_4.py        | 88   : execute                  | ✅ Feature calculation complete. Result shape: (125828, 47), Columns: ['H1_open', 'H1_high', 'H1_low', 'H1_close', 'H1_volume', 'H1_spread', 'H4_open', 'H4_high', 'H4_low', 'H4_close', 'H4_volume', 'H4_spread', 'H4_start_time', 'D1_open', 'D1_high', 'D1_low', 'D1_close', 'D1_volume', 'D1_spread', 'D1_start_time', 'hour_of_day', 'hour_sin', 'hour_cos', 'day_of_week', 'dow_sin', 'dow_cos', 'session_asia', 'session_london', 'session_newyork', 'qc_gap', 'qc_spike', 'qc_stale', 'D1_bb_upper', 'D1_bb_middle', 'D1_bb_lower', 'D1_bb_width', 'D1_bb_percent', 'H1_bb_upper', 'H1_bb_middle', 'H1_bb_lower', 'H1_bb_width', 'H1_bb_percent', 'H4_bb_upper', 'H4_bb_middle', 'H4_bb_lower', 'H4_bb_width', 'H4_bb_percent']
2026-06-26 16:02:33 | INFO   | main_6_2_orch.py             | 338  : run_batch_loop           | ✅ Features saved to: f04_features/features_dfs/features_XAUUSD_I_H1_H1_H4_D1.parquet (shape: (125828, 47))
2026-06-26 16:04:03 | INFO   | main_6_2_orch.py             | 81   : setup_logging            | ============================================================
2026-06-26 16:04:03 | INFO   | main_6_2_orch.py             | 82   : setup_logging            | Bot-RL-3 Starting - Listener-based, No Polling
2026-06-26 16:04:03 | INFO   | main_6_2_orch.py             | 83   : setup_logging            | ============================================================
2026-06-26 16:04:03 | INFO   | config_loader.py             | 476  : reload                   | Config loaded: E:\Bot-RL-3\f01_config\config.yaml (env prefix=BOT_)
2026-06-26 16:04:03 | INFO   | main_6_2_orch.py             | 198  : load_configuration       | Configuration loaded successfully
2026-06-26 16:04:03 | INFO   | feature_B_bootstrap.py       | 146  : build_feature_system     | function 'build_feature_system' is started
2026-06-26 16:04:03 | INFO   | config_loader.py             | 476  : reload                   | Config loaded: E:\Bot-RL-3\f01_config\config.yaml (env prefix=BOT_)
2026-06-26 16:04:03 | INFO   | main_6_2_orch.py             | 282  : _init_components         | DataHandler initialized in batch mode for train
2026-06-26 16:04:05 | INFO   | data_handler_F_2.py          | 343  : _check_ohlc              | OHLC validity OK for 'H1'.
2026-06-26 16:04:06 | WARNING | data_handler_F_2.py          | 682  : build                    | NaN after ffill for TF 'H4': 7 cells remain. These rows will be dropped to avoid lookahead.
2026-06-26 16:04:06 | INFO   | data_handler_F_2.py          | 343  : _check_ohlc              | OHLC validity OK for 'H4'.
2026-06-26 16:04:06 | WARNING | data_handler_F_2.py          | 682  : build                    | NaN after ffill for TF 'D1': 77 cells remain. These rows will be dropped to avoid lookahead.
2026-06-26 16:04:06 | INFO   | data_handler_F_2.py          | 343  : _check_ohlc              | OHLC validity OK for 'D1'.
2026-06-26 16:04:07 | INFO   | data_handler_F_2.py          | 482  : _finalize_dataframe      | NaN check passed: no NaN in data columns.
2026-06-26 16:04:07 | INFO   | data_handler_F_2.py          | 499  : _finalize_dataframe      | Column check passed: all expected OHLC columns present.
2026-06-26 16:04:07 | INFO   | main_6_2_orch.py             | 304  : start_batch              | Batch mode started: 125828 rows
2026-06-26 16:04:23 | INFO   | feature_C_engine_4.py        | 70   : execute                  | ✅ Parsed 3 feature specs: ['bollinger_bands(close,20,2)@H1', 'bollinger_bands(close,20,2)@H4', 'bollinger_bands(close,20,2)@D1']
2026-06-26 16:04:23 | INFO   | feature_C_engine_4.py        | 75   : execute                  | ✅ Execution order: ['bollinger_bands(close,20,2)@D1', 'bollinger_bands(close,20,2)@H1', 'bollinger_bands(close,20,2)@H4']
2026-06-26 16:04:23 | INFO   | feature_C_engine_4.py        | 119  : _apply_spec              | 🔄 Applying bollinger_bands (mode=train) with args=[], kwargs={'close_col': 'close', 'n': 20, 'k': 2}
2026-06-26 16:04:23 | INFO   | feature_C_engine_4.py        | 307  : _call_batch              | 📊 Calling bollinger_batch_df with filtered kwargs: {'close_col': 'D1_close', 'n': 20, 'k': 2, 'min_periods': -1, 'upper_col': 'bb_upper', 'middle_col': 'bb_middle', 'lower_col': 'bb_lower', 'width_col': 'bb_width', 'percent_col': 'bb_percent', 'add_para_to_names': False}
2026-06-26 16:04:24 | INFO   | feature_C_engine_4.py        | 119  : _apply_spec              | 🔄 Applying bollinger_bands (mode=train) with args=[], kwargs={'close_col': 'close', 'n': 20, 'k': 2}
2026-06-26 16:04:24 | INFO   | feature_C_engine_4.py        | 307  : _call_batch              | 📊 Calling bollinger_batch_df with filtered kwargs: {'close_col': 'H1_close', 'n': 20, 'k': 2, 'min_periods': -1, 'upper_col': 'bb_upper', 'middle_col': 'bb_middle', 'lower_col': 'bb_lower', 'width_col': 'bb_width', 'percent_col': 'bb_percent', 'add_para_to_names': False}
2026-06-26 16:04:24 | INFO   | feature_C_engine_4.py        | 119  : _apply_spec              | 🔄 Applying bollinger_bands (mode=train) with args=[], kwargs={'close_col': 'close', 'n': 20, 'k': 2}
2026-06-26 16:04:24 | INFO   | feature_C_engine_4.py        | 307  : _call_batch              | 📊 Calling bollinger_batch_df with filtered kwargs: {'close_col': 'H4_close', 'n': 20, 'k': 2, 'min_periods': -1, 'upper_col': 'bb_upper', 'middle_col': 'bb_middle', 'lower_col': 'bb_lower', 'width_col': 'bb_width', 'percent_col': 'bb_percent', 'add_para_to_names': False}
2026-06-26 16:04:24 | INFO   | feature_C_engine_4.py        | 88   : execute                  | ✅ Feature calculation complete. Result shape: (125828, 47), Columns: ['H1_open', 'H1_high', 'H1_low', 'H1_close', 'H1_volume', 'H1_spread', 'H4_open', 'H4_high', 'H4_low', 'H4_close', 'H4_volume', 'H4_spread', 'H4_start_time', 'D1_open', 'D1_high', 'D1_low', 'D1_close', 'D1_volume', 'D1_spread', 'D1_start_time', 'hour_of_day', 'hour_sin', 'hour_cos', 'day_of_week', 'dow_sin', 'dow_cos', 'session_asia', 'session_london', 'session_newyork', 'qc_gap', 'qc_spike', 'qc_stale', 'D1_bb_upper', 'D1_bb_middle', 'D1_bb_lower', 'D1_bb_width', 'D1_bb_percent', 'H1_bb_upper', 'H1_bb_middle', 'H1_bb_lower', 'H1_bb_width', 'H1_bb_percent', 'H4_bb_upper', 'H4_bb_middle', 'H4_bb_lower', 'H4_bb_width', 'H4_bb_percent']
2026-06-26 16:04:25 | INFO   | main_6_2_orch.py             | 338  : run_batch_loop           | ✅ Features saved to: f04_features/features_dfs/features_XAUUSD_I_H1_H1_H4_D1.parquet (shape: (125828, 47))
2026-06-26 16:09:31 | INFO   | main_6_2_orch.py             | 81   : setup_logging            | ============================================================
2026-06-26 16:09:31 | INFO   | main_6_2_orch.py             | 82   : setup_logging            | Bot-RL-3 Starting - Listener-based, No Polling
2026-06-26 16:09:31 | INFO   | main_6_2_orch.py             | 83   : setup_logging            | ============================================================
2026-06-26 16:09:32 | INFO   | config_loader.py             | 476  : reload                   | Config loaded: E:\Bot-RL-3\f01_config\config.yaml (env prefix=BOT_)
2026-06-26 16:09:32 | INFO   | main_6_2_orch.py             | 198  : load_configuration       | Configuration loaded successfully
2026-06-26 16:09:32 | INFO   | feature_B_bootstrap.py       | 146  : build_feature_system     | function 'build_feature_system' is started
2026-06-26 16:09:32 | INFO   | config_loader.py             | 476  : reload                   | Config loaded: E:\Bot-RL-3\f01_config\config.yaml (env prefix=BOT_)
2026-06-26 16:09:32 | INFO   | main_6_2_orch.py             | 282  : _init_components         | DataHandler initialized in batch mode for train
2026-06-26 16:09:34 | INFO   | data_handler_F_2.py          | 343  : _check_ohlc              | OHLC validity OK for 'H1'.
2026-06-26 16:09:34 | WARNING | data_handler_F_2.py          | 682  : build                    | NaN after ffill for TF 'H4': 7 cells remain. These rows will be dropped to avoid lookahead.
2026-06-26 16:09:34 | INFO   | data_handler_F_2.py          | 343  : _check_ohlc              | OHLC validity OK for 'H4'.
2026-06-26 16:09:34 | WARNING | data_handler_F_2.py          | 682  : build                    | NaN after ffill for TF 'D1': 77 cells remain. These rows will be dropped to avoid lookahead.
2026-06-26 16:09:34 | INFO   | data_handler_F_2.py          | 343  : _check_ohlc              | OHLC validity OK for 'D1'.
2026-06-26 16:09:35 | INFO   | data_handler_F_2.py          | 482  : _finalize_dataframe      | NaN check passed: no NaN in data columns.
2026-06-26 16:09:35 | INFO   | data_handler_F_2.py          | 499  : _finalize_dataframe      | Column check passed: all expected OHLC columns present.
2026-06-26 16:09:35 | INFO   | main_6_2_orch.py             | 304  : start_batch              | Batch mode started: 125828 rows
2026-06-26 16:09:51 | INFO   | feature_C_engine_4.py        | 70   : execute                  | ✅ Parsed 3 feature specs: ['bollinger_bands(close,20,2)@H1', 'bollinger_bands(close,20,2)@H4', 'bollinger_bands(close,20,2)@D1']
2026-06-26 16:09:51 | INFO   | feature_C_engine_4.py        | 75   : execute                  | ✅ Execution order: ['bollinger_bands(close,20,2)@D1', 'bollinger_bands(close,20,2)@H1', 'bollinger_bands(close,20,2)@H4']
2026-06-26 16:09:51 | INFO   | feature_C_engine_4.py        | 119  : _apply_spec              | 🔄 Applying bollinger_bands (mode=train) with args=[], kwargs={'close_col': 'close', 'n': 20, 'k': 2}
2026-06-26 16:09:51 | INFO   | feature_C_engine_4.py        | 307  : _call_batch              | 📊 Calling bollinger_batch_df with filtered kwargs: {'close_col': 'D1_close', 'n': 20, 'k': 2, 'min_periods': -1, 'upper_col': 'bb_upper', 'middle_col': 'bb_middle', 'lower_col': 'bb_lower', 'width_col': 'bb_width', 'percent_col': 'bb_percent', 'add_para_to_names': False}
2026-06-26 16:09:53 | INFO   | feature_C_engine_4.py        | 119  : _apply_spec              | 🔄 Applying bollinger_bands (mode=train) with args=[], kwargs={'close_col': 'close', 'n': 20, 'k': 2}
2026-06-26 16:09:53 | INFO   | feature_C_engine_4.py        | 307  : _call_batch              | 📊 Calling bollinger_batch_df with filtered kwargs: {'close_col': 'H1_close', 'n': 20, 'k': 2, 'min_periods': -1, 'upper_col': 'bb_upper', 'middle_col': 'bb_middle', 'lower_col': 'bb_lower', 'width_col': 'bb_width', 'percent_col': 'bb_percent', 'add_para_to_names': False}
2026-06-26 16:09:53 | INFO   | feature_C_engine_4.py        | 119  : _apply_spec              | 🔄 Applying bollinger_bands (mode=train) with args=[], kwargs={'close_col': 'close', 'n': 20, 'k': 2}
2026-06-26 16:09:53 | INFO   | feature_C_engine_4.py        | 307  : _call_batch              | 📊 Calling bollinger_batch_df with filtered kwargs: {'close_col': 'H4_close', 'n': 20, 'k': 2, 'min_periods': -1, 'upper_col': 'bb_upper', 'middle_col': 'bb_middle', 'lower_col': 'bb_lower', 'width_col': 'bb_width', 'percent_col': 'bb_percent', 'add_para_to_names': False}
2026-06-26 16:09:53 | INFO   | feature_C_engine_4.py        | 88   : execute                  | ✅ Feature calculation complete. Result shape: (125828, 47), Columns: ['H1_open', 'H1_high', 'H1_low', 'H1_close', 'H1_volume', 'H1_spread', 'H4_open', 'H4_high', 'H4_low', 'H4_close', 'H4_volume', 'H4_spread', 'H4_start_time', 'D1_open', 'D1_high', 'D1_low', 'D1_close', 'D1_volume', 'D1_spread', 'D1_start_time', 'hour_of_day', 'hour_sin', 'hour_cos', 'day_of_week', 'dow_sin', 'dow_cos', 'session_asia', 'session_london', 'session_newyork', 'qc_gap', 'qc_spike', 'qc_stale', 'D1_bb_upper', 'D1_bb_middle', 'D1_bb_lower', 'D1_bb_width', 'D1_bb_percent', 'H1_bb_upper', 'H1_bb_middle', 'H1_bb_lower', 'H1_bb_width', 'H1_bb_percent', 'H4_bb_upper', 'H4_bb_middle', 'H4_bb_lower', 'H4_bb_width', 'H4_bb_percent']
2026-06-26 16:09:53 | INFO   | main_6_2_orch.py             | 338  : run_batch_loop           | ✅ Features saved to: f04_features/features_dfs/features_XAUUSD_I_H1_H1_H4_D1.parquet (shape: (125828, 47))
2026-06-26 16:29:40 | INFO   | main_6_2_orch.py             | 81   : setup_logging            | ============================================================
2026-06-26 16:29:40 | INFO   | main_6_2_orch.py             | 82   : setup_logging            | Bot-RL-3 Starting - Listener-based, No Polling
2026-06-26 16:29:40 | INFO   | main_6_2_orch.py             | 83   : setup_logging            | ============================================================
2026-06-26 16:29:40 | INFO   | config_loader.py             | 476  : reload                   | Config loaded: E:\Bot-RL-3\f01_config\config.yaml (env prefix=BOT_)
2026-06-26 16:29:40 | INFO   | main_6_2_orch.py             | 198  : load_configuration       | Configuration loaded successfully
2026-06-26 16:29:40 | INFO   | feature_B_bootstrap.py       | 146  : build_feature_system     | function 'build_feature_system' is started
2026-06-26 16:29:40 | INFO   | config_loader.py             | 476  : reload                   | Config loaded: E:\Bot-RL-3\f01_config\config.yaml (env prefix=BOT_)
2026-06-26 16:29:40 | INFO   | main_6_2_orch.py             | 282  : _init_components         | DataHandler initialized in batch mode for train
2026-06-26 16:29:42 | INFO   | data_handler_F_2.py          | 343  : _check_ohlc              | OHLC validity OK for 'H1'.
2026-06-26 16:29:43 | WARNING | data_handler_F_2.py          | 682  : build                    | NaN after ffill for TF 'H4': 7 cells remain. These rows will be dropped to avoid lookahead.
2026-06-26 16:29:43 | INFO   | data_handler_F_2.py          | 343  : _check_ohlc              | OHLC validity OK for 'H4'.
2026-06-26 16:29:43 | WARNING | data_handler_F_2.py          | 682  : build                    | NaN after ffill for TF 'D1': 77 cells remain. These rows will be dropped to avoid lookahead.
2026-06-26 16:29:43 | INFO   | data_handler_F_2.py          | 343  : _check_ohlc              | OHLC validity OK for 'D1'.
2026-06-26 16:29:44 | INFO   | data_handler_F_2.py          | 482  : _finalize_dataframe      | NaN check passed: no NaN in data columns.
2026-06-26 16:29:44 | INFO   | data_handler_F_2.py          | 499  : _finalize_dataframe      | Column check passed: all expected OHLC columns present.
2026-06-26 16:29:44 | INFO   | main_6_2_orch.py             | 304  : start_batch              | Batch mode started: 125828 rows
2026-06-26 16:30:04 | INFO   | feature_C_engine_4.py        | 70   : execute                  | ✅ Parsed 3 feature specs: ['bollinger_bands(close,20,2)@H1', 'bollinger_bands(close,20,2)@H4', 'bollinger_bands(close,20,2)@D1']
2026-06-26 16:30:04 | INFO   | feature_C_engine_4.py        | 75   : execute                  | ✅ Execution order: ['bollinger_bands(close,20,2)@D1', 'bollinger_bands(close,20,2)@H1', 'bollinger_bands(close,20,2)@H4']
2026-06-26 16:30:04 | INFO   | feature_C_engine_4.py        | 119  : _apply_spec              | 🔄 Applying bollinger_bands (mode=train) with args=[], kwargs={'close_col': 'close', 'n': 20, 'k': 2}
2026-06-26 16:30:04 | INFO   | feature_C_engine_4.py        | 307  : _call_batch              | 📊 Calling bollinger_batch_df with filtered kwargs: {'close_col': 'D1_close', 'n': 20, 'k': 2, 'min_periods': -1, 'upper_col': 'bb_upper', 'middle_col': 'bb_middle', 'lower_col': 'bb_lower', 'width_col': 'bb_width', 'percent_col': 'bb_percent', 'add_para_to_names': False}
2026-06-26 16:30:06 | INFO   | feature_C_engine_4.py        | 119  : _apply_spec              | 🔄 Applying bollinger_bands (mode=train) with args=[], kwargs={'close_col': 'close', 'n': 20, 'k': 2}
2026-06-26 16:30:06 | INFO   | feature_C_engine_4.py        | 307  : _call_batch              | 📊 Calling bollinger_batch_df with filtered kwargs: {'close_col': 'H1_close', 'n': 20, 'k': 2, 'min_periods': -1, 'upper_col': 'bb_upper', 'middle_col': 'bb_middle', 'lower_col': 'bb_lower', 'width_col': 'bb_width', 'percent_col': 'bb_percent', 'add_para_to_names': False}
2026-06-26 16:30:06 | INFO   | feature_C_engine_4.py        | 119  : _apply_spec              | 🔄 Applying bollinger_bands (mode=train) with args=[], kwargs={'close_col': 'close', 'n': 20, 'k': 2}
2026-06-26 16:30:06 | INFO   | feature_C_engine_4.py        | 307  : _call_batch              | 📊 Calling bollinger_batch_df with filtered kwargs: {'close_col': 'H4_close', 'n': 20, 'k': 2, 'min_periods': -1, 'upper_col': 'bb_upper', 'middle_col': 'bb_middle', 'lower_col': 'bb_lower', 'width_col': 'bb_width', 'percent_col': 'bb_percent', 'add_para_to_names': False}
2026-06-26 16:30:06 | INFO   | feature_C_engine_4.py        | 88   : execute                  | ✅ Feature calculation complete. Result shape: (125828, 47), Columns: ['H1_open', 'H1_high', 'H1_low', 'H1_close', 'H1_volume', 'H1_spread', 'H4_open', 'H4_high', 'H4_low', 'H4_close', 'H4_volume', 'H4_spread', 'H4_start_time', 'D1_open', 'D1_high', 'D1_low', 'D1_close', 'D1_volume', 'D1_spread', 'D1_start_time', 'hour_of_day', 'hour_sin', 'hour_cos', 'day_of_week', 'dow_sin', 'dow_cos', 'session_asia', 'session_london', 'session_newyork', 'qc_gap', 'qc_spike', 'qc_stale', 'D1_bb_upper', 'D1_bb_middle', 'D1_bb_lower', 'D1_bb_width', 'D1_bb_percent', 'H1_bb_upper', 'H1_bb_middle', 'H1_bb_lower', 'H1_bb_width', 'H1_bb_percent', 'H4_bb_upper', 'H4_bb_middle', 'H4_bb_lower', 'H4_bb_width', 'H4_bb_percent']
2026-06-26 16:30:07 | INFO   | main_6_2_orch.py             | 338  : run_batch_loop           | ✅ Features saved to: f04_features/features_dfs/features_XAUUSD_I_H1_H1_H4_D1.parquet (shape: (125828, 47))
2026-06-26 16:30:07 | ERROR  | main_6_2_orch.py             | 390  : start                    | Failed to start bot: [Errno 13] Permission denied: 'f04_features/features_dfs/features_XAUUSD_I_H1_H1_H4_D1.csv'
Traceback (most recent call last):
  File "E:\Bot-RL-3\main_6_2_orch.py", line 384, in start
    self.run_batch_loop()
  File "E:\Bot-RL-3\main_6_2_orch.py", line 341, in run_batch_loop
    features_df.to_csv(save_path.replace('.parquet', '.csv'), index=True)
  File "C:\Users\Farhad Vahedkia\.virtualenvs\Bot-RL-3-suBX_f4r\Lib\site-packages\pandas\util\_decorators.py", line 333, in wrapper
    return func(*args, **kwargs)
           ^^^^^^^^^^^^^^^^^^^^^
  File "C:\Users\Farhad Vahedkia\.virtualenvs\Bot-RL-3-suBX_f4r\Lib\site-packages\pandas\core\generic.py", line 3986, in to_csv
    return DataFrameRenderer(formatter).to_csv(
           ^^^^^^^^^^^^^^^^^^^^^^^^^^^^^^^^^^^^
  File "C:\Users\Farhad Vahedkia\.virtualenvs\Bot-RL-3-suBX_f4r\Lib\site-packages\pandas\io\formats\format.py", line 1014, in to_csv
    csv_formatter.save()
  File "C:\Users\Farhad Vahedkia\.virtualenvs\Bot-RL-3-suBX_f4r\Lib\site-packages\pandas\io\formats\csvs.py", line 251, in save
    with get_handle(
         ^^^^^^^^^^^
  File "C:\Users\Farhad Vahedkia\.virtualenvs\Bot-RL-3-suBX_f4r\Lib\site-packages\pandas\io\common.py", line 873, in get_handle
    handle = open(
             ^^^^^
PermissionError: [Errno 13] Permission denied: 'f04_features/features_dfs/features_XAUUSD_I_H1_H1_H4_D1.csv'
2026-06-26 16:30:07 | INFO   | main_6_2_orch.py             | 408  : shutdown                 | Initiating shutdown...
2026-06-26 16:30:07 | INFO   | main_6_2_orch.py             | 397  : stop                     | Stopping Bot-RL-3...
2026-06-26 16:30:07 | INFO   | main_6_2_orch.py             | 405  : stop                     | Bot-RL-3 stopped
2026-06-26 16:30:07 | INFO   | main_6_2_orch.py             | 410  : shutdown                 | Shutdown complete
2026-06-26 16:37:11 | INFO   | main_6_2_orch.py             | 81   : setup_logging            | ============================================================
2026-06-26 16:37:11 | INFO   | main_6_2_orch.py             | 82   : setup_logging            | Bot-RL-3 Starting - Listener-based, No Polling
2026-06-26 16:37:11 | INFO   | main_6_2_orch.py             | 83   : setup_logging            | ============================================================
2026-06-26 16:37:11 | INFO   | config_loader.py             | 476  : reload                   | Config loaded: E:\Bot-RL-3\f01_config\config.yaml (env prefix=BOT_)
2026-06-26 16:37:11 | INFO   | main_6_2_orch.py             | 206  : load_configuration       | Configuration loaded successfully
2026-06-26 16:37:11 | INFO   | feature_B_bootstrap.py       | 146  : build_feature_system     | function 'build_feature_system' is started
2026-06-26 16:37:11 | INFO   | config_loader.py             | 476  : reload                   | Config loaded: E:\Bot-RL-3\f01_config\config.yaml (env prefix=BOT_)
2026-06-26 16:37:11 | INFO   | main_6_2_orch.py             | 290  : _init_components         | DataHandler initialized in batch mode for train
2026-06-26 16:37:13 | INFO   | data_handler_F_2.py          | 343  : _check_ohlc              | OHLC validity OK for 'H1'.
2026-06-26 16:37:13 | WARNING | data_handler_F_2.py          | 682  : build                    | NaN after ffill for TF 'H4': 7 cells remain. These rows will be dropped to avoid lookahead.
2026-06-26 16:37:13 | INFO   | data_handler_F_2.py          | 343  : _check_ohlc              | OHLC validity OK for 'H4'.
2026-06-26 16:37:13 | WARNING | data_handler_F_2.py          | 682  : build                    | NaN after ffill for TF 'D1': 77 cells remain. These rows will be dropped to avoid lookahead.
2026-06-26 16:37:13 | INFO   | data_handler_F_2.py          | 343  : _check_ohlc              | OHLC validity OK for 'D1'.
2026-06-26 16:37:14 | INFO   | data_handler_F_2.py          | 482  : _finalize_dataframe      | NaN check passed: no NaN in data columns.
2026-06-26 16:37:14 | INFO   | data_handler_F_2.py          | 499  : _finalize_dataframe      | Column check passed: all expected OHLC columns present.
2026-06-26 16:37:14 | INFO   | main_6_2_orch.py             | 312  : start_batch              | Batch mode started: 125828 rows
2026-06-26 16:37:30 | INFO   | feature_C_engine_4.py        | 70   : execute                  | ✅ Parsed 3 feature specs: ['bollinger_bands(close,20,2)@H1', 'bollinger_bands(close,20,2)@H4', 'bollinger_bands(close,20,2)@D1']
2026-06-26 16:37:30 | INFO   | feature_C_engine_4.py        | 75   : execute                  | ✅ Execution order: ['bollinger_bands(close,20,2)@D1', 'bollinger_bands(close,20,2)@H1', 'bollinger_bands(close,20,2)@H4']
2026-06-26 16:37:30 | INFO   | feature_C_engine_4.py        | 119  : _apply_spec              | 🔄 Applying bollinger_bands (mode=train) with args=[], kwargs={'close_col': 'close', 'n': 20, 'k': 2}
2026-06-26 16:37:30 | INFO   | feature_C_engine_4.py        | 307  : _call_batch              | 📊 Calling bollinger_batch_df with filtered kwargs: {'close_col': 'D1_close', 'n': 20, 'k': 2, 'min_periods': -1, 'upper_col': 'bb_upper', 'middle_col': 'bb_middle', 'lower_col': 'bb_lower', 'width_col': 'bb_width', 'percent_col': 'bb_percent', 'add_para_to_names': False}
2026-06-26 16:37:31 | INFO   | feature_C_engine_4.py        | 119  : _apply_spec              | 🔄 Applying bollinger_bands (mode=train) with args=[], kwargs={'close_col': 'close', 'n': 20, 'k': 2}
2026-06-26 16:37:31 | INFO   | feature_C_engine_4.py        | 307  : _call_batch              | 📊 Calling bollinger_batch_df with filtered kwargs: {'close_col': 'H1_close', 'n': 20, 'k': 2, 'min_periods': -1, 'upper_col': 'bb_upper', 'middle_col': 'bb_middle', 'lower_col': 'bb_lower', 'width_col': 'bb_width', 'percent_col': 'bb_percent', 'add_para_to_names': False}
2026-06-26 16:37:31 | INFO   | feature_C_engine_4.py        | 119  : _apply_spec              | 🔄 Applying bollinger_bands (mode=train) with args=[], kwargs={'close_col': 'close', 'n': 20, 'k': 2}
2026-06-26 16:37:31 | INFO   | feature_C_engine_4.py        | 307  : _call_batch              | 📊 Calling bollinger_batch_df with filtered kwargs: {'close_col': 'H4_close', 'n': 20, 'k': 2, 'min_periods': -1, 'upper_col': 'bb_upper', 'middle_col': 'bb_middle', 'lower_col': 'bb_lower', 'width_col': 'bb_width', 'percent_col': 'bb_percent', 'add_para_to_names': False}
2026-06-26 16:37:31 | INFO   | feature_C_engine_4.py        | 88   : execute                  | ✅ Feature calculation complete. Result shape: (125828, 47), Columns: ['H1_open', 'H1_high', 'H1_low', 'H1_close', 'H1_volume', 'H1_spread', 'H4_open', 'H4_high', 'H4_low', 'H4_close', 'H4_volume', 'H4_spread', 'H4_start_time', 'D1_open', 'D1_high', 'D1_low', 'D1_close', 'D1_volume', 'D1_spread', 'D1_start_time', 'hour_of_day', 'hour_sin', 'hour_cos', 'day_of_week', 'dow_sin', 'dow_cos', 'session_asia', 'session_london', 'session_newyork', 'qc_gap', 'qc_spike', 'qc_stale', 'D1_bb_upper', 'D1_bb_middle', 'D1_bb_lower', 'D1_bb_width', 'D1_bb_percent', 'H1_bb_upper', 'H1_bb_middle', 'H1_bb_lower', 'H1_bb_width', 'H1_bb_percent', 'H4_bb_upper', 'H4_bb_middle', 'H4_bb_lower', 'H4_bb_width', 'H4_bb_percent']
2026-06-26 16:37:32 | INFO   | main_6_2_orch.py             | 350  : run_batch_loop           | ✅ Features saved to: f04_features/features_dfs/features_XAUUSD_I_H1_H1_H4_D1.parquet (shape: (125828, 47))
2026-06-26 17:01:38 | INFO   | main_6_2_orch.py             | 81   : setup_logging            | ============================================================
2026-06-26 17:01:38 | INFO   | main_6_2_orch.py             | 82   : setup_logging            | Bot-RL-3 Starting - Listener-based, No Polling
2026-06-26 17:01:38 | INFO   | main_6_2_orch.py             | 83   : setup_logging            | ============================================================
2026-06-26 17:01:38 | INFO   | config_loader.py             | 476  : reload                   | Config loaded: E:\Bot-RL-3\f01_config\config.yaml (env prefix=BOT_)
2026-06-26 17:01:38 | INFO   | main_6_2_orch.py             | 206  : load_configuration       | Configuration loaded successfully
2026-06-26 17:01:38 | INFO   | feature_B_bootstrap.py       | 146  : build_feature_system     | function 'build_feature_system' is started
2026-06-26 17:01:38 | INFO   | config_loader.py             | 476  : reload                   | Config loaded: E:\Bot-RL-3\f01_config\config.yaml (env prefix=BOT_)
2026-06-26 17:01:38 | INFO   | main_6_2_orch.py             | 290  : _init_components         | DataHandler initialized in batch mode for train
2026-06-26 17:01:40 | INFO   | data_handler_F_2.py          | 343  : _check_ohlc              | OHLC validity OK for 'H1'.
2026-06-26 17:01:41 | WARNING | data_handler_F_2.py          | 682  : build                    | NaN after ffill for TF 'H4': 7 cells remain. These rows will be dropped to avoid lookahead.
2026-06-26 17:01:41 | INFO   | data_handler_F_2.py          | 343  : _check_ohlc              | OHLC validity OK for 'H4'.
2026-06-26 17:01:41 | WARNING | data_handler_F_2.py          | 682  : build                    | NaN after ffill for TF 'D1': 77 cells remain. These rows will be dropped to avoid lookahead.
2026-06-26 17:01:41 | INFO   | data_handler_F_2.py          | 343  : _check_ohlc              | OHLC validity OK for 'D1'.
2026-06-26 17:01:42 | INFO   | data_handler_F_2.py          | 482  : _finalize_dataframe      | NaN check passed: no NaN in data columns.
2026-06-26 17:01:42 | INFO   | data_handler_F_2.py          | 499  : _finalize_dataframe      | Column check passed: all expected OHLC columns present.
2026-06-26 17:01:42 | INFO   | main_6_2_orch.py             | 312  : start_batch              | Batch mode started: 125828 rows
2026-06-26 17:01:56 | INFO   | feature_C_engine_4.py        | 70   : execute                  | ✅ Parsed 3 feature specs: ['bollinger_bands(close,20,2)@H1', 'bollinger_bands(close,20,2)@H4', 'bollinger_bands(close,20,2)@D1']
2026-06-26 17:01:56 | INFO   | feature_C_engine_4.py        | 75   : execute                  | ✅ Execution order: ['bollinger_bands(close,20,2)@D1', 'bollinger_bands(close,20,2)@H1', 'bollinger_bands(close,20,2)@H4']
2026-06-26 17:01:56 | INFO   | feature_C_engine_4.py        | 119  : _apply_spec              | 🔄 Applying bollinger_bands (mode=train) with args=[], kwargs={'close_col': 'close', 'n': 20, 'k': 2}
2026-06-26 17:01:56 | INFO   | feature_C_engine_4.py        | 307  : _call_batch              | 📊 Calling bollinger_batch_df with filtered kwargs: {'close_col': 'D1_close', 'n': 20, 'k': 2, 'min_periods': -1, 'upper_col': 'bb_upper', 'middle_col': 'bb_middle', 'lower_col': 'bb_lower', 'width_col': 'bb_width', 'percent_col': 'bb_percent', 'add_para_to_names': False}
2026-06-26 17:01:57 | INFO   | feature_C_engine_4.py        | 119  : _apply_spec              | 🔄 Applying bollinger_bands (mode=train) with args=[], kwargs={'close_col': 'close', 'n': 20, 'k': 2}
2026-06-26 17:01:57 | INFO   | feature_C_engine_4.py        | 307  : _call_batch              | 📊 Calling bollinger_batch_df with filtered kwargs: {'close_col': 'H1_close', 'n': 20, 'k': 2, 'min_periods': -1, 'upper_col': 'bb_upper', 'middle_col': 'bb_middle', 'lower_col': 'bb_lower', 'width_col': 'bb_width', 'percent_col': 'bb_percent', 'add_para_to_names': False}
2026-06-26 17:01:57 | INFO   | feature_C_engine_4.py        | 119  : _apply_spec              | 🔄 Applying bollinger_bands (mode=train) with args=[], kwargs={'close_col': 'close', 'n': 20, 'k': 2}
2026-06-26 17:01:57 | INFO   | feature_C_engine_4.py        | 307  : _call_batch              | 📊 Calling bollinger_batch_df with filtered kwargs: {'close_col': 'H4_close', 'n': 20, 'k': 2, 'min_periods': -1, 'upper_col': 'bb_upper', 'middle_col': 'bb_middle', 'lower_col': 'bb_lower', 'width_col': 'bb_width', 'percent_col': 'bb_percent', 'add_para_to_names': False}
2026-06-26 17:01:57 | INFO   | feature_C_engine_4.py        | 88   : execute                  | ✅ Feature calculation complete. Result shape: (125828, 45), Columns: ['H1_open', 'H1_high', 'H1_low', 'H1_close', 'H1_volume', 'H1_spread', 'H4_open', 'H4_high', 'H4_low', 'H4_close', 'H4_volume', 'H4_spread', 'D1_open', 'D1_high', 'D1_low', 'D1_close', 'D1_volume', 'D1_spread', 'hour_of_day', 'hour_sin', 'hour_cos', 'day_of_week', 'dow_sin', 'dow_cos', 'session_asia', 'session_london', 'session_newyork', 'qc_gap', 'qc_spike', 'qc_stale', 'D1_bb_upper', 'D1_bb_middle', 'D1_bb_lower', 'D1_bb_width', 'D1_bb_percent', 'H1_bb_upper', 'H1_bb_middle', 'H1_bb_lower', 'H1_bb_width', 'H1_bb_percent', 'H4_bb_upper', 'H4_bb_middle', 'H4_bb_lower', 'H4_bb_width', 'H4_bb_percent']
2026-06-26 17:01:57 | INFO   | main_6_2_orch.py             | 351  : run_batch_loop           | ✅ Features saved to: f04_features/features_dfs/features_XAUUSD_I_H1_H1_H4_D1.parquet (shape: (125828, 45))
2026-06-28 13:45:06 | INFO   | main_6_2_orch.py             | 81   : setup_logging            | ============================================================
2026-06-28 13:45:06 | INFO   | main_6_2_orch.py             | 82   : setup_logging            | Bot-RL-3 Starting - Listener-based, No Polling
2026-06-28 13:45:06 | INFO   | main_6_2_orch.py             | 83   : setup_logging            | ============================================================
2026-06-28 13:45:06 | INFO   | config_loader.py             | 476  : reload                   | Config loaded: E:\Bot-RL-3\f01_config\config.yaml (env prefix=BOT_)
2026-06-28 13:45:06 | INFO   | main_6_2_orch.py             | 206  : load_configuration       | Configuration loaded successfully
2026-06-28 13:45:06 | INFO   | feature_B_bootstrap.py       | 146  : build_feature_system     | function 'build_feature_system' is started
2026-06-28 13:45:06 | INFO   | config_loader.py             | 476  : reload                   | Config loaded: E:\Bot-RL-3\f01_config\config.yaml (env prefix=BOT_)
2026-06-28 13:45:06 | INFO   | main_6_2_orch.py             | 290  : _init_components         | DataHandler initialized in batch mode for train
2026-06-28 13:45:08 | INFO   | data_handler_F_2.py          | 343  : _check_ohlc              | OHLC validity OK for 'H1'.
2026-06-28 13:45:09 | WARNING | data_handler_F_2.py          | 682  : build                    | NaN after ffill for TF 'H4': 7 cells remain. These rows will be dropped to avoid lookahead.
2026-06-28 13:45:09 | INFO   | data_handler_F_2.py          | 343  : _check_ohlc              | OHLC validity OK for 'H4'.
2026-06-28 13:45:09 | WARNING | data_handler_F_2.py          | 682  : build                    | NaN after ffill for TF 'D1': 77 cells remain. These rows will be dropped to avoid lookahead.
2026-06-28 13:45:09 | INFO   | data_handler_F_2.py          | 343  : _check_ohlc              | OHLC validity OK for 'D1'.
2026-06-28 13:45:10 | INFO   | data_handler_F_2.py          | 482  : _finalize_dataframe      | NaN check passed: no NaN in data columns.
2026-06-28 13:45:10 | INFO   | data_handler_F_2.py          | 499  : _finalize_dataframe      | Column check passed: all expected OHLC columns present.
2026-06-28 13:45:10 | INFO   | main_6_2_orch.py             | 312  : start_batch              | Batch mode started: 125828 rows
2026-06-28 13:45:23 | INFO   | feature_C_engine_4.py        | 70   : execute                  | ✅ Parsed 3 feature specs: ["sma(column='close',period=20)@H1", "sma(column='close',period=20)@H4", "sma(column='close',period=20)@D1"]
2026-06-28 13:45:23 | INFO   | feature_C_engine_4.py        | 75   : execute                  | ✅ Execution order: ["sma(column='close',period=20)@D1", "sma(column='close',period=20)@H1", "sma(column='close',period=20)@H4"]
2026-06-28 13:45:23 | INFO   | feature_C_engine_4.py        | 119  : _apply_spec              | 🔄 Applying sma (mode=train) with args=[], kwargs={'column': 'close', 'period': 20}
2026-06-28 13:45:23 | INFO   | feature_C_engine_4.py        | 307  : _call_batch              | 📊 Calling sma_batch_df with filtered kwargs: {'column': 'D1_close', 'period': 20, 'min_periods': -1, 'result_col': 'sma', 'add_para_to_names': False}
2026-06-28 13:45:24 | INFO   | feature_C_engine_4.py        | 119  : _apply_spec              | 🔄 Applying sma (mode=train) with args=[], kwargs={'column': 'close', 'period': 20}
2026-06-28 13:45:24 | INFO   | feature_C_engine_4.py        | 307  : _call_batch              | 📊 Calling sma_batch_df with filtered kwargs: {'column': 'H1_close', 'period': 20, 'min_periods': -1, 'result_col': 'sma', 'add_para_to_names': False}
2026-06-28 13:45:25 | INFO   | feature_C_engine_4.py        | 119  : _apply_spec              | 🔄 Applying sma (mode=train) with args=[], kwargs={'column': 'close', 'period': 20}
2026-06-28 13:45:25 | INFO   | feature_C_engine_4.py        | 307  : _call_batch              | 📊 Calling sma_batch_df with filtered kwargs: {'column': 'H4_close', 'period': 20, 'min_periods': -1, 'result_col': 'sma', 'add_para_to_names': False}
2026-06-28 13:45:25 | INFO   | feature_C_engine_4.py        | 88   : execute                  | ✅ Feature calculation complete. Result shape: (125828, 33), Columns: ['H1_open', 'H1_high', 'H1_low', 'H1_close', 'H1_volume', 'H1_spread', 'H4_open', 'H4_high', 'H4_low', 'H4_close', 'H4_volume', 'H4_spread', 'D1_open', 'D1_high', 'D1_low', 'D1_close', 'D1_volume', 'D1_spread', 'hour_of_day', 'hour_sin', 'hour_cos', 'day_of_week', 'dow_sin', 'dow_cos', 'session_asia', 'session_london', 'session_newyork', 'qc_gap', 'qc_spike', 'qc_stale', 'D1_sma', 'H1_sma', 'H4_sma']
2026-06-28 13:45:25 | INFO   | main_6_2_orch.py             | 351  : run_batch_loop           | ✅ Features saved to: f04_features/features_dfs/features_XAUUSD_I_H1_H1_H4_D1.parquet (shape: (125828, 33))
2026-06-28 15:01:34 | INFO   | main_6_2_orch.py             | 81   : setup_logging            | ============================================================
2026-06-28 15:01:34 | INFO   | main_6_2_orch.py             | 82   : setup_logging            | Bot-RL-3 Starting - Listener-based, No Polling
2026-06-28 15:01:34 | INFO   | main_6_2_orch.py             | 83   : setup_logging            | ============================================================
2026-06-28 15:01:34 | INFO   | config_loader.py             | 476  : reload                   | Config loaded: E:\Bot-RL-3\f01_config\config.yaml (env prefix=BOT_)
2026-06-28 15:01:34 | INFO   | main_6_2_orch.py             | 206  : load_configuration       | Configuration loaded successfully
2026-06-28 15:01:34 | INFO   | feature_B_bootstrap.py       | 146  : build_feature_system     | function 'build_feature_system' is started
2026-06-28 15:01:34 | INFO   | config_loader.py             | 476  : reload                   | Config loaded: E:\Bot-RL-3\f01_config\config.yaml (env prefix=BOT_)
2026-06-28 15:01:34 | INFO   | main_6_2_orch.py             | 290  : _init_components         | DataHandler initialized in batch mode for train
2026-06-28 15:01:36 | INFO   | data_handler_F_2.py          | 343  : _check_ohlc              | OHLC validity OK for 'H1'.
2026-06-28 15:01:37 | WARNING | data_handler_F_2.py          | 682  : build                    | NaN after ffill for TF 'H4': 7 cells remain. These rows will be dropped to avoid lookahead.
2026-06-28 15:01:37 | INFO   | data_handler_F_2.py          | 343  : _check_ohlc              | OHLC validity OK for 'H4'.
2026-06-28 15:01:37 | WARNING | data_handler_F_2.py          | 682  : build                    | NaN after ffill for TF 'D1': 77 cells remain. These rows will be dropped to avoid lookahead.
2026-06-28 15:01:37 | INFO   | data_handler_F_2.py          | 343  : _check_ohlc              | OHLC validity OK for 'D1'.
2026-06-28 15:01:38 | INFO   | data_handler_F_2.py          | 482  : _finalize_dataframe      | NaN check passed: no NaN in data columns.
2026-06-28 15:01:38 | INFO   | data_handler_F_2.py          | 499  : _finalize_dataframe      | Column check passed: all expected OHLC columns present.
2026-06-28 15:01:38 | INFO   | main_6_2_orch.py             | 312  : start_batch              | Batch mode started: 125828 rows
2026-06-28 15:01:52 | INFO   | feature_C_engine_4.py        | 71   : execute                  | ✅ Parsed 3 feature specs: ["sma(column='close',period=20)@H1", "sma(column='close',period=20)@H4", "sma(column='close',period=20)@D1"]
2026-06-28 15:01:52 | INFO   | feature_C_engine_4.py        | 76   : execute                  | ✅ Execution order: ["sma(column='close',period=20)@D1", "sma(column='close',period=20)@H1", "sma(column='close',period=20)@H4"]
2026-06-28 15:01:52 | INFO   | feature_C_engine_4.py        | 120  : _apply_spec              | 🔄 Applying sma (mode=train) with args=[], kwargs={'column': 'close', 'period': 20}
2026-06-28 15:01:52 | INFO   | feature_C_engine_4.py        | 385  : _call_batch              | 📊 Calling sma_batch_df with filtered kwargs: {'column': 'D1_close', 'period': 480, 'min_periods': -1, 'result_col': 'sma', 'add_para_to_names': False}
2026-06-28 15:01:53 | INFO   | feature_C_engine_4.py        | 120  : _apply_spec              | 🔄 Applying sma (mode=train) with args=[], kwargs={'column': 'close', 'period': 20}
2026-06-28 15:01:53 | INFO   | feature_C_engine_4.py        | 385  : _call_batch              | 📊 Calling sma_batch_df with filtered kwargs: {'column': 'H1_close', 'period': 20, 'min_periods': -1, 'result_col': 'sma', 'add_para_to_names': False}
2026-06-28 15:01:53 | INFO   | feature_C_engine_4.py        | 120  : _apply_spec              | 🔄 Applying sma (mode=train) with args=[], kwargs={'column': 'close', 'period': 20}
2026-06-28 15:01:53 | INFO   | feature_C_engine_4.py        | 385  : _call_batch              | 📊 Calling sma_batch_df with filtered kwargs: {'column': 'H4_close', 'period': 80, 'min_periods': -1, 'result_col': 'sma', 'add_para_to_names': False}
2026-06-28 15:01:53 | INFO   | feature_C_engine_4.py        | 89   : execute                  | ✅ Feature calculation complete. Result shape: (125828, 33), Columns: ['H1_open', 'H1_high', 'H1_low', 'H1_close', 'H1_volume', 'H1_spread', 'H4_open', 'H4_high', 'H4_low', 'H4_close', 'H4_volume', 'H4_spread', 'D1_open', 'D1_high', 'D1_low', 'D1_close', 'D1_volume', 'D1_spread', 'hour_of_day', 'hour_sin', 'hour_cos', 'day_of_week', 'dow_sin', 'dow_cos', 'session_asia', 'session_london', 'session_newyork', 'qc_gap', 'qc_spike', 'qc_stale', 'D1_sma', 'H1_sma', 'H4_sma']
2026-06-28 15:01:53 | INFO   | main_6_2_orch.py             | 351  : run_batch_loop           | ✅ Features saved to: f04_features/features_dfs/features_XAUUSD_I_H1_H1_H4_D1.parquet (shape: (125828, 33))
2026-06-28 16:52:26 | INFO   | main_6_2_orch.py             | 81   : setup_logging            | ============================================================
2026-06-28 16:52:26 | INFO   | main_6_2_orch.py             | 82   : setup_logging            | Bot-RL-3 Starting - Listener-based, No Polling
2026-06-28 16:52:26 | INFO   | main_6_2_orch.py             | 83   : setup_logging            | ============================================================
2026-06-28 16:52:26 | INFO   | config_loader.py             | 476  : reload                   | Config loaded: E:\Bot-RL-3\f01_config\config.yaml (env prefix=BOT_)
2026-06-28 16:52:26 | INFO   | main_6_2_orch.py             | 206  : load_configuration       | Configuration loaded successfully
2026-06-28 16:52:26 | INFO   | feature_B_bootstrap.py       | 146  : build_feature_system     | function 'build_feature_system' is started
2026-06-28 16:52:26 | INFO   | config_loader.py             | 476  : reload                   | Config loaded: E:\Bot-RL-3\f01_config\config.yaml (env prefix=BOT_)
2026-06-28 16:52:26 | INFO   | main_6_2_orch.py             | 290  : _init_components         | DataHandler initialized in batch mode for train
2026-06-28 16:52:28 | INFO   | data_handler_F_2.py          | 343  : _check_ohlc              | OHLC validity OK for 'H1'.
2026-06-28 16:52:29 | WARNING | data_handler_F_2.py          | 682  : build                    | NaN after ffill for TF 'H4': 7 cells remain. These rows will be dropped to avoid lookahead.
2026-06-28 16:52:29 | INFO   | data_handler_F_2.py          | 343  : _check_ohlc              | OHLC validity OK for 'H4'.
2026-06-28 16:52:29 | WARNING | data_handler_F_2.py          | 682  : build                    | NaN after ffill for TF 'D1': 77 cells remain. These rows will be dropped to avoid lookahead.
2026-06-28 16:52:29 | INFO   | data_handler_F_2.py          | 343  : _check_ohlc              | OHLC validity OK for 'D1'.
2026-06-28 16:52:30 | INFO   | data_handler_F_2.py          | 482  : _finalize_dataframe      | NaN check passed: no NaN in data columns.
2026-06-28 16:52:30 | INFO   | data_handler_F_2.py          | 499  : _finalize_dataframe      | Column check passed: all expected OHLC columns present.
2026-06-28 16:52:30 | INFO   | main_6_2_orch.py             | 312  : start_batch              | Batch mode started: 125828 rows
2026-06-28 16:52:44 | INFO   | feature_C_engine_4.py        | 71   : execute                  | ✅ Parsed 3 feature specs: ["sma(column='close',period=20)@H1", "sma(column='close',period=20)@H4", "sma(column='close',period=20)@D1"]
2026-06-28 16:52:44 | INFO   | feature_C_engine_4.py        | 76   : execute                  | ✅ Execution order: ["sma(column='close',period=20)@D1", "sma(column='close',period=20)@H1", "sma(column='close',period=20)@H4"]
2026-06-28 16:52:44 | INFO   | feature_C_engine_4.py        | 120  : _apply_spec              | 🔄 Applying sma (mode=train) with args=[], kwargs={'column': 'close', 'period': 20}
2026-06-28 16:52:44 | INFO   | feature_C_engine_4.py        | 385  : _call_batch              | 📊 Calling sma_batch_df with filtered kwargs: {'column': 'D1_close', 'period': 480, 'min_periods': -1, 'result_col': 'sma', 'add_para_to_names': False}
2026-06-28 16:52:45 | INFO   | feature_C_engine_4.py        | 120  : _apply_spec              | 🔄 Applying sma (mode=train) with args=[], kwargs={'column': 'close', 'period': 20}
2026-06-28 16:52:45 | INFO   | feature_C_engine_4.py        | 385  : _call_batch              | 📊 Calling sma_batch_df with filtered kwargs: {'column': 'H1_close', 'period': 20, 'min_periods': -1, 'result_col': 'sma', 'add_para_to_names': False}
2026-06-28 16:52:45 | INFO   | feature_C_engine_4.py        | 120  : _apply_spec              | 🔄 Applying sma (mode=train) with args=[], kwargs={'column': 'close', 'period': 20}
2026-06-28 16:52:45 | INFO   | feature_C_engine_4.py        | 385  : _call_batch              | 📊 Calling sma_batch_df with filtered kwargs: {'column': 'H4_close', 'period': 80, 'min_periods': -1, 'result_col': 'sma', 'add_para_to_names': False}
2026-06-28 16:52:45 | INFO   | feature_C_engine_4.py        | 89   : execute                  | ✅ Feature calculation complete. Result shape: (125828, 33), Columns: ['H1_open', 'H1_high', 'H1_low', 'H1_close', 'H1_volume', 'H1_spread', 'H4_open', 'H4_high', 'H4_low', 'H4_close', 'H4_volume', 'H4_spread', 'D1_open', 'D1_high', 'D1_low', 'D1_close', 'D1_volume', 'D1_spread', 'hour_of_day', 'hour_sin', 'hour_cos', 'day_of_week', 'dow_sin', 'dow_cos', 'session_asia', 'session_london', 'session_newyork', 'qc_gap', 'qc_spike', 'qc_stale', 'D1_sma', 'H1_sma', 'H4_sma']
2026-06-28 16:52:45 | INFO   | main_6_2_orch.py             | 351  : run_batch_loop           | ✅ Features saved to: f04_features/features_dfs/features_XAUUSD_I_H1_H1_H4_D1.parquet (shape: (125828, 33))
2026-06-29 14:36:22 | INFO   | main_6_2_orch.py             | 81   : setup_logging            | ============================================================
2026-06-29 14:36:22 | INFO   | main_6_2_orch.py             | 82   : setup_logging            | Bot-RL-3 Starting - Listener-based, No Polling
2026-06-29 14:36:22 | INFO   | main_6_2_orch.py             | 83   : setup_logging            | ============================================================
2026-06-29 14:36:22 | INFO   | config_loader.py             | 476  : reload                   | Config loaded: E:\Bot-RL-3\f01_config\config.yaml (env prefix=BOT_)
2026-06-29 14:36:22 | INFO   | main_6_2_orch.py             | 206  : load_configuration       | Configuration loaded successfully
2026-06-29 14:36:22 | INFO   | feature_B_bootstrap.py       | 146  : build_feature_system     | function 'build_feature_system' is started
2026-06-29 14:36:22 | INFO   | config_loader.py             | 476  : reload                   | Config loaded: E:\Bot-RL-3\f01_config\config.yaml (env prefix=BOT_)
2026-06-29 14:36:22 | INFO   | main_6_2_orch.py             | 290  : _init_components         | DataHandler initialized in batch mode for train
2026-06-29 14:36:24 | INFO   | data_handler_F_2.py          | 343  : _check_ohlc              | OHLC validity OK for 'H1'.
2026-06-29 14:36:25 | WARNING | data_handler_F_2.py          | 682  : build                    | NaN after ffill for TF 'H4': 7 cells remain. These rows will be dropped to avoid lookahead.
2026-06-29 14:36:25 | INFO   | data_handler_F_2.py          | 343  : _check_ohlc              | OHLC validity OK for 'H4'.
2026-06-29 14:36:25 | WARNING | data_handler_F_2.py          | 682  : build                    | NaN after ffill for TF 'D1': 77 cells remain. These rows will be dropped to avoid lookahead.
2026-06-29 14:36:25 | INFO   | data_handler_F_2.py          | 343  : _check_ohlc              | OHLC validity OK for 'D1'.
2026-06-29 14:36:26 | INFO   | data_handler_F_2.py          | 482  : _finalize_dataframe      | NaN check passed: no NaN in data columns.
2026-06-29 14:36:26 | INFO   | data_handler_F_2.py          | 499  : _finalize_dataframe      | Column check passed: all expected OHLC columns present.
2026-06-29 14:36:26 | INFO   | main_6_2_orch.py             | 312  : start_batch              | Batch mode started: 125828 rows
2026-06-29 14:36:39 | INFO   | feature_C_engine_4.py        | 71   : execute                  | ✅ Parsed 3 feature specs: ["sma(column='close',period=20)@H1", "sma(column='close',period=20)@H4", "sma(column='close',period=20)@D1"]
2026-06-29 14:36:39 | INFO   | feature_C_engine_4.py        | 76   : execute                  | ✅ Execution order: ["sma(column='close',period=20)@D1", "sma(column='close',period=20)@H1", "sma(column='close',period=20)@H4"]
2026-06-29 14:36:39 | INFO   | feature_C_engine_4.py        | 120  : _apply_spec              | 🔄 Applying sma (mode=train) with args=[], kwargs={'column': 'close', 'period': 20}
2026-06-29 14:36:39 | INFO   | feature_C_engine_4.py        | 433  : _call_batch              | 📊 Calling sma_batch_df with filtered kwargs: {'column': 'D1_close', 'period': 20, 'min_periods': -1, 'result_col': 'sma', 'add_para_to_names': False}
2026-06-29 14:36:40 | INFO   | feature_C_engine_4.py        | 120  : _apply_spec              | 🔄 Applying sma (mode=train) with args=[], kwargs={'column': 'close', 'period': 20}
2026-06-29 14:36:40 | INFO   | feature_C_engine_4.py        | 433  : _call_batch              | 📊 Calling sma_batch_df with filtered kwargs: {'column': 'H1_close', 'period': 20, 'min_periods': -1, 'result_col': 'sma', 'add_para_to_names': False}
2026-06-29 14:36:40 | INFO   | feature_C_engine_4.py        | 120  : _apply_spec              | 🔄 Applying sma (mode=train) with args=[], kwargs={'column': 'close', 'period': 20}
2026-06-29 14:36:40 | INFO   | feature_C_engine_4.py        | 433  : _call_batch              | 📊 Calling sma_batch_df with filtered kwargs: {'column': 'H4_close', 'period': 20, 'min_periods': -1, 'result_col': 'sma', 'add_para_to_names': False}
2026-06-29 14:36:40 | INFO   | feature_C_engine_4.py        | 89   : execute                  | ✅ Feature calculation complete. Result shape: (125828, 33), Columns: ['H1_open', 'H1_high', 'H1_low', 'H1_close', 'H1_volume', 'H1_spread', 'H4_open', 'H4_high', 'H4_low', 'H4_close', 'H4_volume', 'H4_spread', 'D1_open', 'D1_high', 'D1_low', 'D1_close', 'D1_volume', 'D1_spread', 'hour_of_day', 'hour_sin', 'hour_cos', 'day_of_week', 'dow_sin', 'dow_cos', 'session_asia', 'session_london', 'session_newyork', 'qc_gap', 'qc_spike', 'qc_stale', 'D1_sma', 'H1_sma', 'H4_sma']
2026-06-29 14:36:40 | INFO   | main_6_2_orch.py             | 351  : run_batch_loop           | ✅ Features saved to: f04_features/features_dfs/features_XAUUSD_I_H1_H1_H4_D1.parquet (shape: (125828, 33))
2026-06-29 15:16:01 | INFO   | main_6_2_orch.py             | 81   : setup_logging            | ============================================================
2026-06-29 15:16:01 | INFO   | main_6_2_orch.py             | 82   : setup_logging            | Bot-RL-3 Starting - Listener-based, No Polling
2026-06-29 15:16:01 | INFO   | main_6_2_orch.py             | 83   : setup_logging            | ============================================================
2026-06-29 15:16:01 | INFO   | config_loader.py             | 476  : reload                   | Config loaded: E:\Bot-RL-3\f01_config\config.yaml (env prefix=BOT_)
2026-06-29 15:16:01 | INFO   | main_6_2_orch.py             | 206  : load_configuration       | Configuration loaded successfully
2026-06-29 15:16:01 | INFO   | feature_B_bootstrap.py       | 146  : build_feature_system     | function 'build_feature_system' is started
2026-06-29 15:16:01 | INFO   | config_loader.py             | 476  : reload                   | Config loaded: E:\Bot-RL-3\f01_config\config.yaml (env prefix=BOT_)
2026-06-29 15:16:01 | INFO   | main_6_2_orch.py             | 290  : _init_components         | DataHandler initialized in batch mode for train
2026-06-29 15:16:03 | INFO   | data_handler_F_2.py          | 343  : _check_ohlc              | OHLC validity OK for 'H1'.
2026-06-29 15:16:04 | WARNING | data_handler_F_2.py          | 682  : build                    | NaN after ffill for TF 'H4': 7 cells remain. These rows will be dropped to avoid lookahead.
2026-06-29 15:16:04 | INFO   | data_handler_F_2.py          | 343  : _check_ohlc              | OHLC validity OK for 'H4'.
2026-06-29 15:16:04 | WARNING | data_handler_F_2.py          | 682  : build                    | NaN after ffill for TF 'D1': 77 cells remain. These rows will be dropped to avoid lookahead.
2026-06-29 15:16:04 | INFO   | data_handler_F_2.py          | 343  : _check_ohlc              | OHLC validity OK for 'D1'.
2026-06-29 15:16:05 | INFO   | data_handler_F_2.py          | 482  : _finalize_dataframe      | NaN check passed: no NaN in data columns.
2026-06-29 15:16:05 | INFO   | data_handler_F_2.py          | 499  : _finalize_dataframe      | Column check passed: all expected OHLC columns present.
2026-06-29 15:16:05 | INFO   | main_6_2_orch.py             | 312  : start_batch              | Batch mode started: 125828 rows
2026-06-29 15:16:19 | INFO   | main_6_2_orch.py             | 335  : run_batch_loop           | Sample H4_close: [384.1, 384.1, 384.1, 384.1, 382.6, 382.6, 382.6, 382.6, 382.6, 382.6, 382.6, 382.6, 382.5, 382.5, 382.5, 382.5, 384.6, 384.6, 384.6, 384.6]
2026-06-29 15:16:19 | INFO   | feature_C_engine_4.py        | 71   : execute                  | ✅ Parsed 3 feature specs: ["sma(column='close',period=20)@H1", "sma(column='close',period=20)@H4", "sma(column='close',period=20)@D1"]
2026-06-29 15:16:19 | INFO   | feature_C_engine_4.py        | 76   : execute                  | ✅ Execution order: ["sma(column='close',period=20)@D1", "sma(column='close',period=20)@H1", "sma(column='close',period=20)@H4"]
2026-06-29 15:16:19 | INFO   | feature_C_engine_4.py        | 120  : _apply_spec              | 🔄 Applying sma (mode=train) with args=[], kwargs={'column': 'close', 'period': 20}
2026-06-29 15:16:19 | ERROR  | main_6_2_orch.py             | 406  : start                    | Failed to start bot: Invalid frequency: D1, failed to parse with error message: ValueError('last element must be blank')
Traceback (most recent call last):
  File "pandas/_libs/tslibs/offsets.pyx", line 4855, in pandas._libs.tslibs.offsets.to_offset
ValueError: last element must be blank

During handling of the above exception, another exception occurred:

Traceback (most recent call last):
  File "E:\Bot-RL-3\main_6_2_orch.py", line 400, in start
    self.run_batch_loop()
  File "E:\Bot-RL-3\main_6_2_orch.py", line 337, in run_batch_loop
    features_df = self.feature_engine.execute(df, self.feature_specs, mode=self.mode)
                  ^^^^^^^^^^^^^^^^^^^^^^^^^^^^^^^^^^^^^^^^^^^^^^^^^^^^^^^^^^^^^^^^^^^
  File "E:\Bot-RL-3\f04_features\feature_C_engine_4.py", line 87, in execute
    result_df = self._apply_spec(result_df, ps, mode)
                ^^^^^^^^^^^^^^^^^^^^^^^^^^^^^^^^^^^^^
  File "E:\Bot-RL-3\f04_features\feature_C_engine_4.py", line 125, in _apply_spec
    out = self._call_batch(fn, df, ps)
          ^^^^^^^^^^^^^^^^^^^^^^^^^^^^
  File "E:\Bot-RL-3\f04_features\feature_C_engine_4.py", line 499, in _call_batch
    resampled = df[col_name].resample(tf).last()  # آخرین مقدار در هر بازه (چون ثابت است)
                ^^^^^^^^^^^^^^^^^^^^^^^^^
  File "C:\Users\Farhad Vahedkia\.virtualenvs\Bot-RL-3-suBX_f4r\Lib\site-packages\pandas\core\generic.py", line 9790, in resample
    return get_resampler(
           ^^^^^^^^^^^^^^
  File "C:\Users\Farhad Vahedkia\.virtualenvs\Bot-RL-3-suBX_f4r\Lib\site-packages\pandas\core\resample.py", line 2049, in get_resampler
    tg = TimeGrouper(obj, **kwds)  # type: ignore[arg-type]
         ^^^^^^^^^^^^^^^^^^^^^^^^
  File "C:\Users\Farhad Vahedkia\.virtualenvs\Bot-RL-3-suBX_f4r\Lib\site-packages\pandas\core\resample.py", line 2143, in __init__
    freq = to_offset(freq)
           ^^^^^^^^^^^^^^^
  File "pandas/_libs/tslibs/offsets.pyx", line 4791, in pandas._libs.tslibs.offsets.to_offset
  File "pandas/_libs/tslibs/offsets.pyx", line 4954, in pandas._libs.tslibs.offsets.to_offset
ValueError: Invalid frequency: D1, failed to parse with error message: ValueError('last element must be blank')
2026-06-29 15:16:19 | INFO   | main_6_2_orch.py             | 424  : shutdown                 | Initiating shutdown...
2026-06-29 15:16:19 | INFO   | main_6_2_orch.py             | 413  : stop                     | Stopping Bot-RL-3...
2026-06-29 15:16:19 | INFO   | main_6_2_orch.py             | 421  : stop                     | Bot-RL-3 stopped
2026-06-29 15:16:19 | INFO   | main_6_2_orch.py             | 426  : shutdown                 | Shutdown complete
2026-06-29 15:28:56 | INFO   | main_6_2_orch.py             | 81   : setup_logging            | ============================================================
2026-06-29 15:28:56 | INFO   | main_6_2_orch.py             | 82   : setup_logging            | Bot-RL-3 Starting - Listener-based, No Polling
2026-06-29 15:28:56 | INFO   | main_6_2_orch.py             | 83   : setup_logging            | ============================================================
2026-06-29 15:28:56 | INFO   | config_loader.py             | 476  : reload                   | Config loaded: E:\Bot-RL-3\f01_config\config.yaml (env prefix=BOT_)
2026-06-29 15:28:56 | INFO   | main_6_2_orch.py             | 206  : load_configuration       | Configuration loaded successfully
2026-06-29 15:28:56 | INFO   | feature_B_bootstrap.py       | 146  : build_feature_system     | function 'build_feature_system' is started
2026-06-29 15:28:56 | INFO   | config_loader.py             | 476  : reload                   | Config loaded: E:\Bot-RL-3\f01_config\config.yaml (env prefix=BOT_)
2026-06-29 15:28:56 | INFO   | main_6_2_orch.py             | 290  : _init_components         | DataHandler initialized in batch mode for train
2026-06-29 15:28:58 | INFO   | data_handler_F_2.py          | 343  : _check_ohlc              | OHLC validity OK for 'H1'.
2026-06-29 15:28:59 | WARNING | data_handler_F_2.py          | 682  : build                    | NaN after ffill for TF 'H4': 7 cells remain. These rows will be dropped to avoid lookahead.
2026-06-29 15:28:59 | INFO   | data_handler_F_2.py          | 343  : _check_ohlc              | OHLC validity OK for 'H4'.
2026-06-29 15:28:59 | WARNING | data_handler_F_2.py          | 682  : build                    | NaN after ffill for TF 'D1': 77 cells remain. These rows will be dropped to avoid lookahead.
2026-06-29 15:28:59 | INFO   | data_handler_F_2.py          | 343  : _check_ohlc              | OHLC validity OK for 'D1'.
2026-06-29 15:29:00 | INFO   | data_handler_F_2.py          | 482  : _finalize_dataframe      | NaN check passed: no NaN in data columns.
2026-06-29 15:29:00 | INFO   | data_handler_F_2.py          | 499  : _finalize_dataframe      | Column check passed: all expected OHLC columns present.
2026-06-29 15:29:00 | INFO   | main_6_2_orch.py             | 312  : start_batch              | Batch mode started: 125828 rows
2026-06-29 15:29:12 | INFO   | main_6_2_orch.py             | 335  : run_batch_loop           | Sample H4_close: [384.1, 384.1, 384.1, 384.1, 382.6, 382.6, 382.6, 382.6, 382.6, 382.6, 382.6, 382.6, 382.5, 382.5, 382.5, 382.5, 384.6, 384.6, 384.6, 384.6]
2026-06-29 15:29:12 | INFO   | feature_C_engine_4.py        | 71   : execute                  | ✅ Parsed 3 feature specs: ["sma(column='close',period=20)@H1", "sma(column='close',period=20)@H4", "sma(column='close',period=20)@D1"]
2026-06-29 15:29:12 | INFO   | feature_C_engine_4.py        | 76   : execute                  | ✅ Execution order: ["sma(column='close',period=20)@D1", "sma(column='close',period=20)@H1", "sma(column='close',period=20)@H4"]
2026-06-29 15:29:12 | INFO   | feature_C_engine_4.py        | 120  : _apply_spec              | 🔄 Applying sma (mode=train) with args=[], kwargs={'column': 'close', 'period': 20}
2026-06-29 15:29:13 | INFO   | feature_C_engine_4.py        | 120  : _apply_spec              | 🔄 Applying sma (mode=train) with args=[], kwargs={'column': 'close', 'period': 20}
2026-06-29 15:29:13 | INFO   | feature_C_engine_4.py        | 526  : _call_batch              | 📊 Calling sma_batch_df with filtered kwargs: {'column': 'H1_close', 'period': 20, 'min_periods': -1, 'result_col': 'sma', 'add_para_to_names': False}
2026-06-29 15:29:13 | INFO   | feature_C_engine_4.py        | 120  : _apply_spec              | 🔄 Applying sma (mode=train) with args=[], kwargs={'column': 'close', 'period': 20}
2026-06-29 15:29:13 | INFO   | feature_C_engine_4.py        | 89   : execute                  | ✅ Feature calculation complete. Result shape: (125828, 33), Columns: ['H1_open', 'H1_high', 'H1_low', 'H1_close', 'H1_volume', 'H1_spread', 'H4_open', 'H4_high', 'H4_low', 'H4_close', 'H4_volume', 'H4_spread', 'D1_open', 'D1_high', 'D1_low', 'D1_close', 'D1_volume', 'D1_spread', 'hour_of_day', 'hour_sin', 'hour_cos', 'day_of_week', 'dow_sin', 'dow_cos', 'session_asia', 'session_london', 'session_newyork', 'qc_gap', 'qc_spike', 'qc_stale', 'D1_sma', 'H1_sma', 'H4_sma']
2026-06-29 15:29:13 | INFO   | main_6_2_orch.py             | 354  : run_batch_loop           | ✅ Features saved to: f04_features/features_dfs/features_XAUUSD_I_H1_H1_H4_D1.parquet (shape: (125828, 33))
2026-07-01 10:10:36 | INFO   | main_6_2_orch.py             | 82   : setup_logging            | ============================================================
2026-07-01 10:10:36 | INFO   | main_6_2_orch.py             | 83   : setup_logging            | Bot-RL-3 Starting - Listener-based, No Polling
2026-07-01 10:10:36 | INFO   | main_6_2_orch.py             | 84   : setup_logging            | ============================================================
2026-07-01 10:10:37 | INFO   | config_loader.py             | 476  : reload                   | Config loaded: E:\Bot-RL-3\f01_config\config.yaml (env prefix=BOT_)
2026-07-01 10:10:37 | INFO   | main_6_2_orch.py             | 201  : load_configuration       | Configuration loaded successfully
2026-07-01 10:10:37 | INFO   | feature_B_bootstrap.py       | 146  : build_feature_system     | function 'build_feature_system' is started
2026-07-01 10:10:37 | INFO   | config_loader.py             | 476  : reload                   | Config loaded: E:\Bot-RL-3\f01_config\config.yaml (env prefix=BOT_)
2026-07-01 10:10:37 | INFO   | main_6_2_orch.py             | 262  : _init_components         | MarketDataEngine initialized (live mode)
2026-07-01 10:10:37 | INFO   | main_6_2_orch.py             | 269  : _init_components         | DataHandler initialized and attached to EventBus
2026-07-01 10:10:37 | INFO   | main_6_2_orch.py             | 274  : _init_components         | DataHandler callback registered (listener mode)
2026-07-01 10:10:37 | WARNING | main_6_2_orch.py             | 431  : download_historical_data | Downloader not initialized.
2026-07-01 10:27:39 | INFO   | main_6_2_orch.py             | 82   : setup_logging            | ============================================================
2026-07-01 10:27:39 | INFO   | main_6_2_orch.py             | 83   : setup_logging            | Bot-RL-3 Starting - Listener-based, No Polling
2026-07-01 10:27:39 | INFO   | main_6_2_orch.py             | 84   : setup_logging            | ============================================================
2026-07-01 10:27:39 | INFO   | config_loader.py             | 476  : reload                   | Config loaded: E:\Bot-RL-3\f01_config\config.yaml (env prefix=BOT_)
2026-07-01 10:27:39 | INFO   | main_6_2_orch.py             | 201  : load_configuration       | Configuration loaded successfully
2026-07-01 10:27:39 | INFO   | feature_B_bootstrap.py       | 146  : build_feature_system     | function 'build_feature_system' is started
2026-07-01 10:27:39 | INFO   | config_loader.py             | 476  : reload                   | Config loaded: E:\Bot-RL-3\f01_config\config.yaml (env prefix=BOT_)
2026-07-01 10:27:39 | INFO   | main_6_2_orch.py             | 262  : _init_components         | MarketDataEngine initialized (live mode)
2026-07-01 10:27:39 | INFO   | main_6_2_orch.py             | 269  : _init_components         | DataHandler initialized and attached to EventBus
2026-07-01 10:27:39 | INFO   | main_6_2_orch.py             | 274  : _init_components         | DataHandler callback registered (listener mode)
2026-07-01 10:27:39 | INFO   | main_6_2_orch.py             | 297  : _init_components         | MT5DataLoader initialized
2026-07-01 10:27:39 | INFO   | main_6_2_orch.py             | 435  : download_historical_data | Starting historical data download...
2026-07-01 10:27:39 | INFO   | mt5_connector.py             | 244  : initialize               | MT5 connected: login=52950820 server=Alpari-MT5-Demo name=Farhad Vahedkia
2026-07-01 10:27:39 | INFO   | mt5_connector.py             | 244  : initialize               | MT5 connected: login=52950820 server=Alpari-MT5-Demo name=Farhad Vahedkia
2026-07-01 10:27:39 | WARNING | mt5_connector.py             | 442  : get_candles_range        | No rates (range) for XAUUSD_I M1
2026-07-01 10:27:39 | INFO   | mt5_data_loader_D.py         | 515  : run                      | TF=M1 | requested=1000 | returned=0
2026-07-01 10:27:42 | ERROR  | mt5_data_loader_D.py         | 542  : run                      | Error downloading/saving XAUUSD_I M1: 'EventBus' object has no attribute 'publish'
Traceback (most recent call last):
  File "E:\Bot-RL-3\f03_data\mt5_data_loader_D.py", line 524, in run
    self._publish_download_event(p.symbol, p.timeframe, after - before)  # ➕ Version-D
    ^^^^^^^^^^^^^^^^^^^^^^^^^^^^^^^^^^^^^^^^^^^^^^^^^^^^^^^^^^^^^^^^^^^
  File "E:\Bot-RL-3\f03_data\mt5_data_loader_D.py", line 560, in _publish_download_event
    self.event_bus.publish("DATA_DOWNLOADED", {
    ^^^^^^^^^^^^^^^^^^^^^^
AttributeError: 'EventBus' object has no attribute 'publish'. Did you mean: 'publish2'?
2026-07-01 10:27:42 | WARNING | mt5_connector.py             | 442  : get_candles_range        | No rates (range) for XAUUSD_I M2
2026-07-01 10:27:42 | INFO   | mt5_data_loader_D.py         | 515  : run                      | TF=M2 | requested=1000 | returned=0
2026-07-01 10:27:42 | ERROR  | mt5_data_loader_D.py         | 542  : run                      | Error downloading/saving XAUUSD_I M2: 'EventBus' object has no attribute 'publish'
Traceback (most recent call last):
  File "E:\Bot-RL-3\f03_data\mt5_data_loader_D.py", line 524, in run
    self._publish_download_event(p.symbol, p.timeframe, after - before)  # ➕ Version-D
    ^^^^^^^^^^^^^^^^^^^^^^^^^^^^^^^^^^^^^^^^^^^^^^^^^^^^^^^^^^^^^^^^^^^
  File "E:\Bot-RL-3\f03_data\mt5_data_loader_D.py", line 560, in _publish_download_event
    self.event_bus.publish("DATA_DOWNLOADED", {
    ^^^^^^^^^^^^^^^^^^^^^^
AttributeError: 'EventBus' object has no attribute 'publish'. Did you mean: 'publish2'?
2026-07-01 10:27:42 | ERROR  | mt5_data_loader_D.py         | 542  : run                      | Error downloading/saving XAUUSD_I M4: Unsupported timeframe key: M4
Traceback (most recent call last):
  File "E:\Bot-RL-3\f03_data\mt5_data_loader_D.py", line 507, in run
    df = _fetch_candles(self.conn, p)
    ^^^^^^^^^^^^^^^^^^^^^^^^^^^^
  File "E:\Bot-RL-3\f03_data\mt5_data_loader_D.py", line 260, in _fetch_candles
    df = connector.get_candles_range(p.symbol, p.timeframe, p.date_from, p.date_to)
      ^^^^^^^^^^^^^^^^^^^^^^^^^^^^^^^^^^^^^^^^^^^^^^^^^^^^^^^^^^^^^^^^^^^^^^^^^^
  File "E:\Bot-RL-3\f03_data\mt5_connector.py", line 439, in get_candles_range
    tf = _to_mt5_timeframe(timeframe)
         ^^^^^^^^^^^^^^^^^^^^^^^^^^^^
  File "E:\Bot-RL-3\f03_data\mt5_connector.py", line 102, in _to_mt5_timeframe
    raise ValueError(f"Unsupported timeframe key: {tf}")
ValueError: Unsupported timeframe key: M4
2026-07-01 10:27:42 | ERROR  | mt5_data_loader_D.py         | 542  : run                      | Error downloading/saving XAUUSD_I M20: Unsupported timeframe key: M20
Traceback (most recent call last):
  File "E:\Bot-RL-3\f03_data\mt5_data_loader_D.py", line 507, in run
    df = _fetch_candles(self.conn, p)
    ^^^^^^^^^^^^^^^^^^^^^^^^^^^^
  File "E:\Bot-RL-3\f03_data\mt5_data_loader_D.py", line 260, in _fetch_candles
    df = connector.get_candles_range(p.symbol, p.timeframe, p.date_from, p.date_to)
      ^^^^^^^^^^^^^^^^^^^^^^^^^^^^^^^^^^^^^^^^^^^^^^^^^^^^^^^^^^^^^^^^^^^^^^^^^^
  File "E:\Bot-RL-3\f03_data\mt5_connector.py", line 439, in get_candles_range
    tf = _to_mt5_timeframe(timeframe)
         ^^^^^^^^^^^^^^^^^^^^^^^^^^^^
  File "E:\Bot-RL-3\f03_data\mt5_connector.py", line 102, in _to_mt5_timeframe
    raise ValueError(f"Unsupported timeframe key: {tf}")
ValueError: Unsupported timeframe key: M20
2026-07-01 10:27:42 | WARNING | mt5_connector.py             | 442  : get_candles_range        | No rates (range) for XAUUSD_I H1
2026-07-01 10:27:42 | INFO   | mt5_data_loader_D.py         | 515  : run                      | TF=H1 | requested=1000 | returned=0
2026-07-01 10:27:42 | ERROR  | mt5_data_loader_D.py         | 542  : run                      | Error downloading/saving XAUUSD_I H1: 'EventBus' object has no attribute 'publish'
Traceback (most recent call last):
  File "E:\Bot-RL-3\f03_data\mt5_data_loader_D.py", line 524, in run
    self._publish_download_event(p.symbol, p.timeframe, after - before)  # ➕ Version-D
    ^^^^^^^^^^^^^^^^^^^^^^^^^^^^^^^^^^^^^^^^^^^^^^^^^^^^^^^^^^^^^^^^^^^
  File "E:\Bot-RL-3\f03_data\mt5_data_loader_D.py", line 560, in _publish_download_event
    self.event_bus.publish("DATA_DOWNLOADED", {
    ^^^^^^^^^^^^^^^^^^^^^^
AttributeError: 'EventBus' object has no attribute 'publish'. Did you mean: 'publish2'?
2026-07-01 10:27:42 | WARNING | mt5_connector.py             | 442  : get_candles_range        | No rates (range) for XAUUSD_I H4
2026-07-01 10:27:42 | INFO   | mt5_data_loader_D.py         | 515  : run                      | TF=H4 | requested=1000 | returned=0
2026-07-01 10:27:42 | ERROR  | mt5_data_loader_D.py         | 542  : run                      | Error downloading/saving XAUUSD_I H4: 'EventBus' object has no attribute 'publish'
Traceback (most recent call last):
  File "E:\Bot-RL-3\f03_data\mt5_data_loader_D.py", line 524, in run
    self._publish_download_event(p.symbol, p.timeframe, after - before)  # ➕ Version-D
    ^^^^^^^^^^^^^^^^^^^^^^^^^^^^^^^^^^^^^^^^^^^^^^^^^^^^^^^^^^^^^^^^^^^
  File "E:\Bot-RL-3\f03_data\mt5_data_loader_D.py", line 560, in _publish_download_event
    self.event_bus.publish("DATA_DOWNLOADED", {
    ^^^^^^^^^^^^^^^^^^^^^^
AttributeError: 'EventBus' object has no attribute 'publish'. Did you mean: 'publish2'?
2026-07-01 10:27:42 | INFO   | mt5_connector.py             | 315  : shutdown                 | MT5 shutdown complete.
2026-07-01 10:27:42 | ERROR  | main_6_2_orch.py             | 447  : download_historical_data | Failed: XAUUSD_I/M1 - 'EventBus' object has no attribute 'publish'
2026-07-01 10:27:42 | ERROR  | main_6_2_orch.py             | 447  : download_historical_data | Failed: XAUUSD_I/M2 - 'EventBus' object has no attribute 'publish'
2026-07-01 10:27:42 | ERROR  | main_6_2_orch.py             | 447  : download_historical_data | Failed: XAUUSD_I/M4 - Unsupported timeframe key: M4
2026-07-01 10:27:42 | ERROR  | main_6_2_orch.py             | 447  : download_historical_data | Failed: XAUUSD_I/M20 - Unsupported timeframe key: M20
2026-07-01 10:27:42 | ERROR  | main_6_2_orch.py             | 447  : download_historical_data | Failed: XAUUSD_I/H1 - 'EventBus' object has no attribute 'publish'
2026-07-01 10:27:42 | ERROR  | main_6_2_orch.py             | 447  : download_historical_data | Failed: XAUUSD_I/H4 - 'EventBus' object has no attribute 'publish'
2026-07-01 10:27:42 | INFO   | main_6_2_orch.py             | 450  : download_historical_data | Historical data download completed
2026-07-01 10:27:42 | INFO   | mt5_connector.py             | 315  : shutdown                 | MT5 shutdown complete.
2026-07-01 10:49:46 | INFO   | main_6_2_orch.py             | 82   : setup_logging            | ============================================================
2026-07-01 10:49:46 | INFO   | main_6_2_orch.py             | 83   : setup_logging            | Bot-RL-3 Starting - Listener-based, No Polling
2026-07-01 10:49:46 | INFO   | main_6_2_orch.py             | 84   : setup_logging            | ============================================================
2026-07-01 10:49:46 | INFO   | config_loader.py             | 476  : reload                   | Config loaded: E:\Bot-RL-3\f01_config\config.yaml (env prefix=BOT_)
2026-07-01 10:49:46 | INFO   | main_6_2_orch.py             | 201  : load_configuration       | Configuration loaded successfully
2026-07-01 10:49:46 | INFO   | feature_B_bootstrap.py       | 146  : build_feature_system     | function 'build_feature_system' is started
2026-07-01 10:49:46 | INFO   | config_loader.py             | 476  : reload                   | Config loaded: E:\Bot-RL-3\f01_config\config.yaml (env prefix=BOT_)
2026-07-01 10:49:46 | INFO   | main_6_2_orch.py             | 262  : _init_components         | MarketDataEngine initialized (live mode)
2026-07-01 10:49:46 | INFO   | main_6_2_orch.py             | 269  : _init_components         | DataHandler initialized and attached to EventBus
2026-07-01 10:49:46 | INFO   | main_6_2_orch.py             | 274  : _init_components         | DataHandler callback registered (listener mode)
2026-07-01 10:49:46 | INFO   | main_6_2_orch.py             | 297  : _init_components         | MT5DataLoader initialized
2026-07-01 10:49:46 | INFO   | main_6_2_orch.py             | 435  : download_historical_data | Starting historical data download...
2026-07-01 10:49:46 | INFO   | mt5_connector.py             | 249  : initialize               | MT5 connected: login=52950820 server=Alpari-MT5-Demo name=Farhad Vahedkia
2026-07-01 10:49:46 | INFO   | mt5_connector.py             | 249  : initialize               | MT5 connected: login=52950820 server=Alpari-MT5-Demo name=Farhad Vahedkia
2026-07-01 10:49:46 | WARNING | mt5_connector.py             | 447  : get_candles_range        | No rates (range) for XAUUSD_I M1
2026-07-01 10:49:46 | INFO   | mt5_data_loader_D.py         | 515  : run                      | TF=M1 | requested=1000 | returned=0
2026-07-01 10:49:49 | ERROR  | mt5_data_loader_D.py         | 542  : run                      | Error downloading/saving XAUUSD_I M1: EventBus.publish2() missing 2 required positional arguments: 'timeframe' and 'all_dfs'
Traceback (most recent call last):
  File "E:\Bot-RL-3\f03_data\mt5_data_loader_D.py", line 524, in run
    self._publish_download_event(p.symbol, p.timeframe, after - before)  # ➕ Version-D
    ^^^^^^^^^^^^^^^^^^^^^^^^^^^^^^^^^^^^^^^^^^^^^^^^^^^^^^^^^^^^^^^^^^^
  File "E:\Bot-RL-3\f03_data\mt5_data_loader_D.py", line 560, in _publish_download_event
    self.event_bus.publish2("DATA_DOWNLOADED", {
TypeError: EventBus.publish2() missing 2 required positional arguments: 'timeframe' and 'all_dfs'
2026-07-01 10:49:49 | WARNING | mt5_connector.py             | 447  : get_candles_range        | No rates (range) for XAUUSD_I M2
2026-07-01 10:49:49 | INFO   | mt5_data_loader_D.py         | 515  : run                      | TF=M2 | requested=1000 | returned=0
2026-07-01 10:49:49 | ERROR  | mt5_data_loader_D.py         | 542  : run                      | Error downloading/saving XAUUSD_I M2: EventBus.publish2() missing 2 required positional arguments: 'timeframe' and 'all_dfs'
Traceback (most recent call last):
  File "E:\Bot-RL-3\f03_data\mt5_data_loader_D.py", line 524, in run
    self._publish_download_event(p.symbol, p.timeframe, after - before)  # ➕ Version-D
    ^^^^^^^^^^^^^^^^^^^^^^^^^^^^^^^^^^^^^^^^^^^^^^^^^^^^^^^^^^^^^^^^^^^
  File "E:\Bot-RL-3\f03_data\mt5_data_loader_D.py", line 560, in _publish_download_event
    self.event_bus.publish2("DATA_DOWNLOADED", {
TypeError: EventBus.publish2() missing 2 required positional arguments: 'timeframe' and 'all_dfs'
2026-07-01 10:49:49 | WARNING | mt5_connector.py             | 447  : get_candles_range        | No rates (range) for XAUUSD_I M4
2026-07-01 10:49:49 | INFO   | mt5_data_loader_D.py         | 515  : run                      | TF=M4 | requested=1000 | returned=0
2026-07-01 10:49:49 | ERROR  | mt5_data_loader_D.py         | 542  : run                      | Error downloading/saving XAUUSD_I M4: EventBus.publish2() missing 2 required positional arguments: 'timeframe' and 'all_dfs'
Traceback (most recent call last):
  File "E:\Bot-RL-3\f03_data\mt5_data_loader_D.py", line 524, in run
    self._publish_download_event(p.symbol, p.timeframe, after - before)  # ➕ Version-D
    ^^^^^^^^^^^^^^^^^^^^^^^^^^^^^^^^^^^^^^^^^^^^^^^^^^^^^^^^^^^^^^^^^^^
  File "E:\Bot-RL-3\f03_data\mt5_data_loader_D.py", line 560, in _publish_download_event
    self.event_bus.publish2("DATA_DOWNLOADED", {
TypeError: EventBus.publish2() missing 2 required positional arguments: 'timeframe' and 'all_dfs'
2026-07-01 10:49:49 | WARNING | mt5_connector.py             | 447  : get_candles_range        | No rates (range) for XAUUSD_I M20
2026-07-01 10:49:49 | INFO   | mt5_data_loader_D.py         | 515  : run                      | TF=M20 | requested=1000 | returned=0
2026-07-01 10:49:49 | ERROR  | mt5_data_loader_D.py         | 542  : run                      | Error downloading/saving XAUUSD_I M20: EventBus.publish2() missing 2 required positional arguments: 'timeframe' and 'all_dfs'
Traceback (most recent call last):
  File "E:\Bot-RL-3\f03_data\mt5_data_loader_D.py", line 524, in run
    self._publish_download_event(p.symbol, p.timeframe, after - before)  # ➕ Version-D
    ^^^^^^^^^^^^^^^^^^^^^^^^^^^^^^^^^^^^^^^^^^^^^^^^^^^^^^^^^^^^^^^^^^^
  File "E:\Bot-RL-3\f03_data\mt5_data_loader_D.py", line 560, in _publish_download_event
    self.event_bus.publish2("DATA_DOWNLOADED", {
TypeError: EventBus.publish2() missing 2 required positional arguments: 'timeframe' and 'all_dfs'
2026-07-01 10:49:49 | WARNING | mt5_connector.py             | 447  : get_candles_range        | No rates (range) for XAUUSD_I H1
2026-07-01 10:49:49 | INFO   | mt5_data_loader_D.py         | 515  : run                      | TF=H1 | requested=1000 | returned=0
2026-07-01 10:49:49 | ERROR  | mt5_data_loader_D.py         | 542  : run                      | Error downloading/saving XAUUSD_I H1: EventBus.publish2() missing 2 required positional arguments: 'timeframe' and 'all_dfs'
Traceback (most recent call last):
  File "E:\Bot-RL-3\f03_data\mt5_data_loader_D.py", line 524, in run
    self._publish_download_event(p.symbol, p.timeframe, after - before)  # ➕ Version-D
    ^^^^^^^^^^^^^^^^^^^^^^^^^^^^^^^^^^^^^^^^^^^^^^^^^^^^^^^^^^^^^^^^^^^
  File "E:\Bot-RL-3\f03_data\mt5_data_loader_D.py", line 560, in _publish_download_event
    self.event_bus.publish2("DATA_DOWNLOADED", {
TypeError: EventBus.publish2() missing 2 required positional arguments: 'timeframe' and 'all_dfs'
2026-07-01 10:49:49 | WARNING | mt5_connector.py             | 447  : get_candles_range        | No rates (range) for XAUUSD_I H4
2026-07-01 10:49:49 | INFO   | mt5_data_loader_D.py         | 515  : run                      | TF=H4 | requested=1000 | returned=0
2026-07-01 10:49:49 | ERROR  | mt5_data_loader_D.py         | 542  : run                      | Error downloading/saving XAUUSD_I H4: EventBus.publish2() missing 2 required positional arguments: 'timeframe' and 'all_dfs'
Traceback (most recent call last):
  File "E:\Bot-RL-3\f03_data\mt5_data_loader_D.py", line 524, in run
    self._publish_download_event(p.symbol, p.timeframe, after - before)  # ➕ Version-D
    ^^^^^^^^^^^^^^^^^^^^^^^^^^^^^^^^^^^^^^^^^^^^^^^^^^^^^^^^^^^^^^^^^^^
  File "E:\Bot-RL-3\f03_data\mt5_data_loader_D.py", line 560, in _publish_download_event
    self.event_bus.publish2("DATA_DOWNLOADED", {
TypeError: EventBus.publish2() missing 2 required positional arguments: 'timeframe' and 'all_dfs'
2026-07-01 10:49:49 | INFO   | mt5_connector.py             | 320  : shutdown                 | MT5 shutdown complete.
2026-07-01 10:49:49 | ERROR  | main_6_2_orch.py             | 447  : download_historical_data | Failed: XAUUSD_I/M1 - EventBus.publish2() missing 2 required positional arguments: 'timeframe' and 'all_dfs'
2026-07-01 10:49:49 | ERROR  | main_6_2_orch.py             | 447  : download_historical_data | Failed: XAUUSD_I/M2 - EventBus.publish2() missing 2 required positional arguments: 'timeframe' and 'all_dfs'
2026-07-01 10:49:49 | ERROR  | main_6_2_orch.py             | 447  : download_historical_data | Failed: XAUUSD_I/M4 - EventBus.publish2() missing 2 required positional arguments: 'timeframe' and 'all_dfs'
2026-07-01 10:49:49 | ERROR  | main_6_2_orch.py             | 447  : download_historical_data | Failed: XAUUSD_I/M20 - EventBus.publish2() missing 2 required positional arguments: 'timeframe' and 'all_dfs'
2026-07-01 10:49:49 | ERROR  | main_6_2_orch.py             | 447  : download_historical_data | Failed: XAUUSD_I/H1 - EventBus.publish2() missing 2 required positional arguments: 'timeframe' and 'all_dfs'
2026-07-01 10:49:49 | ERROR  | main_6_2_orch.py             | 447  : download_historical_data | Failed: XAUUSD_I/H4 - EventBus.publish2() missing 2 required positional arguments: 'timeframe' and 'all_dfs'
2026-07-01 10:49:49 | INFO   | main_6_2_orch.py             | 450  : download_historical_data | Historical data download completed
2026-07-01 10:49:49 | INFO   | mt5_connector.py             | 320  : shutdown                 | MT5 shutdown complete.
2026-07-01 11:23:25 | INFO   | main_6_2_orch.py             | 82   : setup_logging            | ============================================================
2026-07-01 11:23:25 | INFO   | main_6_2_orch.py             | 83   : setup_logging            | Bot-RL-3 Starting - Listener-based, No Polling
2026-07-01 11:23:25 | INFO   | main_6_2_orch.py             | 84   : setup_logging            | ============================================================
2026-07-01 11:23:25 | INFO   | config_loader.py             | 476  : reload                   | Config loaded: E:\Bot-RL-3\f01_config\config.yaml (env prefix=BOT_)
2026-07-01 11:23:25 | INFO   | main_6_2_orch.py             | 201  : load_configuration       | Configuration loaded successfully
2026-07-01 11:23:25 | INFO   | feature_B_bootstrap.py       | 146  : build_feature_system     | function 'build_feature_system' is started
2026-07-01 11:23:25 | INFO   | config_loader.py             | 476  : reload                   | Config loaded: E:\Bot-RL-3\f01_config\config.yaml (env prefix=BOT_)
2026-07-01 11:23:25 | INFO   | main_6_2_orch.py             | 262  : _init_components         | MarketDataEngine initialized (live mode)
2026-07-01 11:23:25 | INFO   | main_6_2_orch.py             | 269  : _init_components         | DataHandler initialized and attached to EventBus
2026-07-01 11:23:25 | INFO   | main_6_2_orch.py             | 274  : _init_components         | DataHandler callback registered (listener mode)
2026-07-01 11:23:25 | INFO   | main_6_2_orch.py             | 297  : _init_components         | MT5DataLoader initialized
2026-07-01 11:23:25 | INFO   | main_6_2_orch.py             | 435  : download_historical_data | Starting historical data download...
2026-07-01 11:23:25 | INFO   | mt5_connector.py             | 249  : initialize               | MT5 connected: login=52950820 server=Alpari-MT5-Demo name=Farhad Vahedkia
2026-07-01 11:23:25 | INFO   | mt5_connector.py             | 249  : initialize               | MT5 connected: login=52950820 server=Alpari-MT5-Demo name=Farhad Vahedkia
2026-07-01 11:23:25 | WARNING | mt5_connector.py             | 447  : get_candles_range        | No rates (range) for XAUUSD_I M1
2026-07-01 11:23:25 | INFO   | mt5_data_loader_D.py         | 515  : run                      | TF=M1 | requested=1000 | returned=0
2026-07-01 11:23:29 | INFO   | mt5_data_loader_D.py         | 529  : run                      | Saved: XAUUSD_I M1 → E:\Bot-RL-3\f03_data\raw\XAUUSD_I\M1.parquet (rows: +0 / total 6000123)
2026-07-01 11:23:29 | WARNING | mt5_connector.py             | 447  : get_candles_range        | No rates (range) for XAUUSD_I M2
2026-07-01 11:23:29 | INFO   | mt5_data_loader_D.py         | 515  : run                      | TF=M2 | requested=1000 | returned=0
2026-07-01 11:23:29 | INFO   | mt5_data_loader_D.py         | 529  : run                      | Saved: XAUUSD_I M2 → E:\Bot-RL-3\f03_data\raw\XAUUSD_I\M2.parquet (rows: +0 / total 0)
2026-07-01 11:23:29 | WARNING | mt5_connector.py             | 447  : get_candles_range        | No rates (range) for XAUUSD_I M4
2026-07-01 11:23:29 | INFO   | mt5_data_loader_D.py         | 515  : run                      | TF=M4 | requested=1000 | returned=0
2026-07-01 11:23:29 | INFO   | mt5_data_loader_D.py         | 529  : run                      | Saved: XAUUSD_I M4 → E:\Bot-RL-3\f03_data\raw\XAUUSD_I\M4.parquet (rows: +0 / total 0)
2026-07-01 11:23:29 | WARNING | mt5_connector.py             | 447  : get_candles_range        | No rates (range) for XAUUSD_I M20
2026-07-01 11:23:29 | INFO   | mt5_data_loader_D.py         | 515  : run                      | TF=M20 | requested=1000 | returned=0
2026-07-01 11:23:29 | INFO   | mt5_data_loader_D.py         | 529  : run                      | Saved: XAUUSD_I M20 → E:\Bot-RL-3\f03_data\raw\XAUUSD_I\M20.parquet (rows: +0 / total 0)
2026-07-01 11:23:29 | WARNING | mt5_connector.py             | 447  : get_candles_range        | No rates (range) for XAUUSD_I H1
2026-07-01 11:23:29 | INFO   | mt5_data_loader_D.py         | 515  : run                      | TF=H1 | requested=1000 | returned=0
2026-07-01 11:23:29 | INFO   | mt5_data_loader_D.py         | 529  : run                      | Saved: XAUUSD_I H1 → E:\Bot-RL-3\f03_data\raw\XAUUSD_I\H1.parquet (rows: +0 / total 0)
2026-07-01 11:23:29 | WARNING | mt5_connector.py             | 447  : get_candles_range        | No rates (range) for XAUUSD_I H4
2026-07-01 11:23:29 | INFO   | mt5_data_loader_D.py         | 515  : run                      | TF=H4 | requested=1000 | returned=0
2026-07-01 11:23:29 | INFO   | mt5_data_loader_D.py         | 529  : run                      | Saved: XAUUSD_I H4 → E:\Bot-RL-3\f03_data\raw\XAUUSD_I\H4.parquet (rows: +0 / total 33676)
2026-07-01 11:23:29 | INFO   | mt5_connector.py             | 320  : shutdown                 | MT5 shutdown complete.
2026-07-01 11:23:29 | INFO   | main_6_2_orch.py             | 449  : download_historical_data | Downloaded: XAUUSD_I/M1 - 0 rows
2026-07-01 11:23:29 | INFO   | main_6_2_orch.py             | 449  : download_historical_data | Downloaded: XAUUSD_I/M2 - 0 rows
2026-07-01 11:23:29 | INFO   | main_6_2_orch.py             | 449  : download_historical_data | Downloaded: XAUUSD_I/M4 - 0 rows
2026-07-01 11:23:29 | INFO   | main_6_2_orch.py             | 449  : download_historical_data | Downloaded: XAUUSD_I/M20 - 0 rows
2026-07-01 11:23:29 | INFO   | main_6_2_orch.py             | 449  : download_historical_data | Downloaded: XAUUSD_I/H1 - 0 rows
2026-07-01 11:23:29 | INFO   | main_6_2_orch.py             | 449  : download_historical_data | Downloaded: XAUUSD_I/H4 - 0 rows
2026-07-01 11:23:29 | INFO   | main_6_2_orch.py             | 450  : download_historical_data | Historical data download completed
2026-07-01 11:23:29 | INFO   | mt5_connector.py             | 320  : shutdown                 | MT5 shutdown complete.
2026-07-01 11:33:19 | INFO   | main_6_2_orch.py             | 82   : setup_logging            | ============================================================
2026-07-01 11:33:19 | INFO   | main_6_2_orch.py             | 83   : setup_logging            | Bot-RL-3 Starting - Listener-based, No Polling
2026-07-01 11:33:19 | INFO   | main_6_2_orch.py             | 84   : setup_logging            | ============================================================
2026-07-01 11:33:19 | INFO   | config_loader.py             | 476  : reload                   | Config loaded: E:\Bot-RL-3\f01_config\config.yaml (env prefix=BOT_)
2026-07-01 11:33:19 | INFO   | main_6_2_orch.py             | 201  : load_configuration       | Configuration loaded successfully
2026-07-01 11:33:19 | INFO   | feature_B_bootstrap.py       | 146  : build_feature_system     | function 'build_feature_system' is started
2026-07-01 11:33:19 | INFO   | config_loader.py             | 476  : reload                   | Config loaded: E:\Bot-RL-3\f01_config\config.yaml (env prefix=BOT_)
2026-07-01 11:33:19 | INFO   | main_6_2_orch.py             | 262  : _init_components         | MarketDataEngine initialized (live mode)
2026-07-01 11:33:19 | INFO   | main_6_2_orch.py             | 269  : _init_components         | DataHandler initialized and attached to EventBus
2026-07-01 11:33:19 | INFO   | main_6_2_orch.py             | 274  : _init_components         | DataHandler callback registered (listener mode)
2026-07-01 11:33:19 | INFO   | main_6_2_orch.py             | 297  : _init_components         | MT5DataLoader initialized
2026-07-01 11:33:19 | INFO   | main_6_2_orch.py             | 435  : download_historical_data | Starting historical data download...
2026-07-01 11:33:19 | INFO   | mt5_connector.py             | 249  : initialize               | MT5 connected: login=52950820 server=Alpari-MT5-Demo name=Farhad Vahedkia
2026-07-01 11:33:19 | INFO   | mt5_connector.py             | 249  : initialize               | MT5 connected: login=52950820 server=Alpari-MT5-Demo name=Farhad Vahedkia
2026-07-01 11:33:19 | WARNING | mt5_connector.py             | 447  : get_candles_range        | No rates (range) for XAUUSD_I M1
2026-07-01 11:33:19 | INFO   | mt5_data_loader_D.py         | 515  : run                      | TF=M1 | requested=1023 | returned=0
2026-07-01 11:33:22 | INFO   | mt5_data_loader_D.py         | 529  : run                      | Saved: XAUUSD_I M1 → E:\Bot-RL-3\f03_data\raw\XAUUSD_I\M1.parquet (rows: +0 / total 6000123)
2026-07-01 11:33:22 | WARNING | mt5_connector.py             | 447  : get_candles_range        | No rates (range) for XAUUSD_I M2
2026-07-01 11:33:22 | INFO   | mt5_data_loader_D.py         | 515  : run                      | TF=M2 | requested=1023 | returned=0
2026-07-01 11:33:22 | INFO   | mt5_data_loader_D.py         | 529  : run                      | Saved: XAUUSD_I M2 → E:\Bot-RL-3\f03_data\raw\XAUUSD_I\M2.parquet (rows: +0 / total 0)
2026-07-01 11:33:22 | WARNING | mt5_connector.py             | 447  : get_candles_range        | No rates (range) for XAUUSD_I M4
2026-07-01 11:33:22 | INFO   | mt5_data_loader_D.py         | 515  : run                      | TF=M4 | requested=1023 | returned=0
2026-07-01 11:33:22 | INFO   | mt5_data_loader_D.py         | 529  : run                      | Saved: XAUUSD_I M4 → E:\Bot-RL-3\f03_data\raw\XAUUSD_I\M4.parquet (rows: +0 / total 0)
2026-07-01 11:33:22 | WARNING | mt5_connector.py             | 447  : get_candles_range        | No rates (range) for XAUUSD_I M20
2026-07-01 11:33:22 | INFO   | mt5_data_loader_D.py         | 515  : run                      | TF=M20 | requested=1023 | returned=0
2026-07-01 11:33:22 | INFO   | mt5_data_loader_D.py         | 529  : run                      | Saved: XAUUSD_I M20 → E:\Bot-RL-3\f03_data\raw\XAUUSD_I\M20.parquet (rows: +0 / total 0)
2026-07-01 11:33:22 | WARNING | mt5_connector.py             | 447  : get_candles_range        | No rates (range) for XAUUSD_I H1
2026-07-01 11:33:22 | INFO   | mt5_data_loader_D.py         | 515  : run                      | TF=H1 | requested=1023 | returned=0
2026-07-01 11:33:22 | INFO   | mt5_data_loader_D.py         | 529  : run                      | Saved: XAUUSD_I H1 → E:\Bot-RL-3\f03_data\raw\XAUUSD_I\H1.parquet (rows: +0 / total 0)
2026-07-01 11:33:22 | WARNING | mt5_connector.py             | 447  : get_candles_range        | No rates (range) for XAUUSD_I H4
2026-07-01 11:33:22 | INFO   | mt5_data_loader_D.py         | 515  : run                      | TF=H4 | requested=1023 | returned=0
2026-07-01 11:33:22 | INFO   | mt5_data_loader_D.py         | 529  : run                      | Saved: XAUUSD_I H4 → E:\Bot-RL-3\f03_data\raw\XAUUSD_I\H4.parquet (rows: +0 / total 33676)
2026-07-01 11:33:22 | INFO   | mt5_connector.py             | 320  : shutdown                 | MT5 shutdown complete.
2026-07-01 11:33:22 | INFO   | main_6_2_orch.py             | 449  : download_historical_data | Downloaded: XAUUSD_I/M1 - 0 rows
2026-07-01 11:33:22 | INFO   | main_6_2_orch.py             | 449  : download_historical_data | Downloaded: XAUUSD_I/M2 - 0 rows
2026-07-01 11:33:22 | INFO   | main_6_2_orch.py             | 449  : download_historical_data | Downloaded: XAUUSD_I/M4 - 0 rows
2026-07-01 11:33:22 | INFO   | main_6_2_orch.py             | 449  : download_historical_data | Downloaded: XAUUSD_I/M20 - 0 rows
2026-07-01 11:33:22 | INFO   | main_6_2_orch.py             | 449  : download_historical_data | Downloaded: XAUUSD_I/H1 - 0 rows
2026-07-01 11:33:22 | INFO   | main_6_2_orch.py             | 449  : download_historical_data | Downloaded: XAUUSD_I/H4 - 0 rows
2026-07-01 11:33:22 | INFO   | main_6_2_orch.py             | 450  : download_historical_data | Historical data download completed
2026-07-01 11:33:22 | INFO   | mt5_connector.py             | 320  : shutdown                 | MT5 shutdown complete.
2026-07-01 11:45:41 | INFO   | main_6_2_orch.py             | 82   : setup_logging            | ============================================================
2026-07-01 11:45:41 | INFO   | main_6_2_orch.py             | 83   : setup_logging            | Bot-RL-3 Starting - Listener-based, No Polling
2026-07-01 11:45:41 | INFO   | main_6_2_orch.py             | 84   : setup_logging            | ============================================================
2026-07-01 11:45:41 | INFO   | config_loader.py             | 476  : reload                   | Config loaded: E:\Bot-RL-3\f01_config\config.yaml (env prefix=BOT_)
2026-07-01 11:45:41 | INFO   | main_6_2_orch.py             | 201  : load_configuration       | Configuration loaded successfully
2026-07-01 11:45:41 | INFO   | feature_B_bootstrap.py       | 146  : build_feature_system     | function 'build_feature_system' is started
2026-07-01 11:45:41 | INFO   | config_loader.py             | 476  : reload                   | Config loaded: E:\Bot-RL-3\f01_config\config.yaml (env prefix=BOT_)
2026-07-01 11:45:41 | INFO   | main_6_2_orch.py             | 262  : _init_components         | MarketDataEngine initialized (live mode)
2026-07-01 11:45:41 | INFO   | main_6_2_orch.py             | 269  : _init_components         | DataHandler initialized and attached to EventBus
2026-07-01 11:45:41 | INFO   | main_6_2_orch.py             | 274  : _init_components         | DataHandler callback registered (listener mode)
2026-07-01 11:45:41 | INFO   | main_6_2_orch.py             | 297  : _init_components         | MT5DataLoader initialized
2026-07-01 11:45:41 | INFO   | main_6_2_orch.py             | 435  : download_historical_data | Starting historical data download...
2026-07-01 11:45:41 | INFO   | mt5_connector.py             | 249  : initialize               | MT5 connected: login=52950820 server=Alpari-MT5-Demo name=Farhad Vahedkia
2026-07-01 11:45:41 | INFO   | mt5_connector.py             | 249  : initialize               | MT5 connected: login=52950820 server=Alpari-MT5-Demo name=Farhad Vahedkia
2026-07-01 11:45:41 | WARNING | mt5_connector.py             | 447  : get_candles_range        | No rates (range) for XAUUSD_I M1
2026-07-01 11:45:41 | INFO   | mt5_data_loader_D.py         | 515  : run                      | TF=M1 | requested=1023 | returned=0
2026-07-01 11:45:44 | INFO   | mt5_data_loader_D.py         | 529  : run                      | Saved: XAUUSD_I M1 → E:\Bot-RL-3\f03_data\raw\XAUUSD_I\M1.parquet (rows: +0 / total 6000123)
2026-07-01 11:45:44 | WARNING | mt5_connector.py             | 447  : get_candles_range        | No rates (range) for XAUUSD_I M2
2026-07-01 11:45:44 | INFO   | mt5_data_loader_D.py         | 515  : run                      | TF=M2 | requested=1023 | returned=0
2026-07-01 11:45:44 | INFO   | mt5_data_loader_D.py         | 529  : run                      | Saved: XAUUSD_I M2 → E:\Bot-RL-3\f03_data\raw\XAUUSD_I\M2.parquet (rows: +0 / total 0)
2026-07-01 11:45:44 | WARNING | mt5_connector.py             | 447  : get_candles_range        | No rates (range) for XAUUSD_I M4
2026-07-01 11:45:44 | INFO   | mt5_data_loader_D.py         | 515  : run                      | TF=M4 | requested=1023 | returned=0
2026-07-01 11:45:44 | INFO   | mt5_data_loader_D.py         | 529  : run                      | Saved: XAUUSD_I M4 → E:\Bot-RL-3\f03_data\raw\XAUUSD_I\M4.parquet (rows: +0 / total 0)
2026-07-01 11:45:44 | WARNING | mt5_connector.py             | 447  : get_candles_range        | No rates (range) for XAUUSD_I M20
2026-07-01 11:45:44 | INFO   | mt5_data_loader_D.py         | 515  : run                      | TF=M20 | requested=1023 | returned=0
2026-07-01 11:45:44 | INFO   | mt5_data_loader_D.py         | 529  : run                      | Saved: XAUUSD_I M20 → E:\Bot-RL-3\f03_data\raw\XAUUSD_I\M20.parquet (rows: +0 / total 0)
2026-07-01 11:45:44 | WARNING | mt5_connector.py             | 447  : get_candles_range        | No rates (range) for XAUUSD_I H1
2026-07-01 11:45:44 | INFO   | mt5_data_loader_D.py         | 515  : run                      | TF=H1 | requested=1023 | returned=0
2026-07-01 11:45:44 | INFO   | mt5_data_loader_D.py         | 529  : run                      | Saved: XAUUSD_I H1 → E:\Bot-RL-3\f03_data\raw\XAUUSD_I\H1.parquet (rows: +0 / total 0)
2026-07-01 11:45:44 | WARNING | mt5_connector.py             | 447  : get_candles_range        | No rates (range) for XAUUSD_I H4
2026-07-01 11:45:44 | INFO   | mt5_data_loader_D.py         | 515  : run                      | TF=H4 | requested=1023 | returned=0
2026-07-01 11:45:44 | INFO   | mt5_data_loader_D.py         | 529  : run                      | Saved: XAUUSD_I H4 → E:\Bot-RL-3\f03_data\raw\XAUUSD_I\H4.parquet (rows: +0 / total 33676)
2026-07-01 11:45:44 | INFO   | mt5_connector.py             | 320  : shutdown                 | MT5 shutdown complete.
2026-07-01 11:45:44 | INFO   | main_6_2_orch.py             | 453  : download_historical_data | Downloaded: XAUUSD_I/M1 - 0 rows
2026-07-01 11:45:44 | INFO   | main_6_2_orch.py             | 453  : download_historical_data | Downloaded: XAUUSD_I/M2 - 0 rows
2026-07-01 11:45:44 | INFO   | main_6_2_orch.py             | 453  : download_historical_data | Downloaded: XAUUSD_I/M4 - 0 rows
2026-07-01 11:45:44 | INFO   | main_6_2_orch.py             | 453  : download_historical_data | Downloaded: XAUUSD_I/M20 - 0 rows
2026-07-01 11:45:44 | INFO   | main_6_2_orch.py             | 453  : download_historical_data | Downloaded: XAUUSD_I/H1 - 0 rows
2026-07-01 11:45:44 | INFO   | main_6_2_orch.py             | 453  : download_historical_data | Downloaded: XAUUSD_I/H4 - 0 rows
2026-07-01 11:45:44 | INFO   | main_6_2_orch.py             | 454  : download_historical_data | Historical data download completed
2026-07-01 11:45:44 | INFO   | mt5_connector.py             | 320  : shutdown                 | MT5 shutdown complete.
2026-07-01 11:51:32 | INFO   | main_6_2_orch.py             | 82   : setup_logging            | ============================================================
2026-07-01 11:51:32 | INFO   | main_6_2_orch.py             | 83   : setup_logging            | Bot-RL-3 Starting - Listener-based, No Polling
2026-07-01 11:51:32 | INFO   | main_6_2_orch.py             | 84   : setup_logging            | ============================================================
2026-07-01 11:51:32 | INFO   | config_loader.py             | 476  : reload                   | Config loaded: E:\Bot-RL-3\f01_config\config.yaml (env prefix=BOT_)
2026-07-01 11:51:32 | INFO   | main_6_2_orch.py             | 201  : load_configuration       | Configuration loaded successfully
2026-07-01 11:51:32 | INFO   | feature_B_bootstrap.py       | 146  : build_feature_system     | function 'build_feature_system' is started
2026-07-01 11:51:32 | INFO   | config_loader.py             | 476  : reload                   | Config loaded: E:\Bot-RL-3\f01_config\config.yaml (env prefix=BOT_)
2026-07-01 11:51:32 | INFO   | main_6_2_orch.py             | 262  : _init_components         | MarketDataEngine initialized (live mode)
2026-07-01 11:51:32 | INFO   | main_6_2_orch.py             | 269  : _init_components         | DataHandler initialized and attached to EventBus
2026-07-01 11:51:32 | INFO   | main_6_2_orch.py             | 274  : _init_components         | DataHandler callback registered (listener mode)
2026-07-01 11:51:32 | INFO   | main_6_2_orch.py             | 297  : _init_components         | MT5DataLoader initialized
2026-07-01 11:51:32 | INFO   | main_6_2_orch.py             | 477  : download_historical_data | Starting historical data download...
2026-07-01 11:51:32 | INFO   | main_6_2_orch.py             | 478  : download_historical_data | Parameters: symbols=['XAUUSD_I'], timeframes=['M1', 'M2', 'M4', 'M20', 'H1', 'H4'], lookback_bars=1023
2026-07-01 11:51:32 | INFO   | mt5_connector.py             | 249  : initialize               | MT5 connected: login=52950820 server=Alpari-MT5-Demo name=Farhad Vahedkia
2026-07-01 11:51:32 | ERROR  | main_6_2_orch.py             | 501  : download_historical_data | Download failed: Invalid date format: 2010-01-01 (example: 2024-01-01T00:00:00Z)
Traceback (most recent call last):
  File "E:\Bot-RL-3\f03_data\mt5_data_loader_D.py", line 103, in _parse_dt
    dt = datetime.fromisoformat(s.replace("Z", "+00:00"))
                                ^^^^^^^^^^^^^^^^^^^^^^^^
TypeError: 'str' object cannot be interpreted as an integer

During handling of the above exception, another exception occurred:

Traceback (most recent call last):
  File "E:\Bot-RL-3\main_6_2_orch.py", line 485, in download_historical_data
    plans = self.downloader.build_plan(
            ^^^^^^^^^^^^^^^^^^^^^^^^^^^
  File "E:\Bot-RL-3\f03_data\mt5_data_loader_D.py", line 455, in build_plan
    dt_from = _parse_dt(dt_from)
              ^^^^^^^^^^^^^^^^^^
  File "E:\Bot-RL-3\f03_data\mt5_data_loader_D.py", line 106, in _parse_dt
    raise ValueError(f"Invalid date format: {s} (example: 2024-01-01T00:00:00Z)")
ValueError: Invalid date format: 2010-01-01 (example: 2024-01-01T00:00:00Z)
2026-07-01 11:51:32 | INFO   | mt5_connector.py             | 320  : shutdown                 | MT5 shutdown complete.
2026-07-01 11:53:14 | INFO   | main_6_2_orch.py             | 82   : setup_logging            | ============================================================
2026-07-01 11:53:14 | INFO   | main_6_2_orch.py             | 83   : setup_logging            | Bot-RL-3 Starting - Listener-based, No Polling
2026-07-01 11:53:14 | INFO   | main_6_2_orch.py             | 84   : setup_logging            | ============================================================
2026-07-01 11:53:14 | INFO   | config_loader.py             | 476  : reload                   | Config loaded: E:\Bot-RL-3\f01_config\config.yaml (env prefix=BOT_)
2026-07-01 11:53:14 | INFO   | main_6_2_orch.py             | 201  : load_configuration       | Configuration loaded successfully
2026-07-01 11:53:14 | INFO   | feature_B_bootstrap.py       | 146  : build_feature_system     | function 'build_feature_system' is started
2026-07-01 11:53:14 | INFO   | config_loader.py             | 476  : reload                   | Config loaded: E:\Bot-RL-3\f01_config\config.yaml (env prefix=BOT_)
2026-07-01 11:53:14 | INFO   | main_6_2_orch.py             | 262  : _init_components         | MarketDataEngine initialized (live mode)
2026-07-01 11:53:14 | INFO   | main_6_2_orch.py             | 269  : _init_components         | DataHandler initialized and attached to EventBus
2026-07-01 11:53:14 | INFO   | main_6_2_orch.py             | 274  : _init_components         | DataHandler callback registered (listener mode)
2026-07-01 11:53:14 | INFO   | main_6_2_orch.py             | 297  : _init_components         | MT5DataLoader initialized
2026-07-01 11:53:14 | INFO   | main_6_2_orch.py             | 521  : download_historical_data | Starting historical data download...
2026-07-01 11:53:14 | INFO   | main_6_2_orch.py             | 522  : download_historical_data | Parameters: symbols=['XAUUSD_I'], timeframes=['M1', 'M2', 'M4', 'M20', 'H1', 'H4'], lookback_bars=1023
2026-07-01 11:53:14 | INFO   | mt5_connector.py             | 249  : initialize               | MT5 connected: login=52950820 server=Alpari-MT5-Demo name=Farhad Vahedkia
2026-07-01 11:53:14 | ERROR  | main_6_2_orch.py             | 553  : download_historical_data | Download failed: Invalid date format: 2010-01-01 (example: 2024-01-01T00:00:00Z)
Traceback (most recent call last):
  File "E:\Bot-RL-3\f03_data\mt5_data_loader_D.py", line 103, in _parse_dt
    dt = datetime.fromisoformat(s.replace("Z", "+00:00"))
                                ^^^^^^^^^^^^^^^^^^^^^^^^
TypeError: 'str' object cannot be interpreted as an integer

During handling of the above exception, another exception occurred:

Traceback (most recent call last):
  File "E:\Bot-RL-3\main_6_2_orch.py", line 537, in download_historical_data
    plans = self.downloader.build_plan(
            ^^^^^^^^^^^^^^^^^^^^^^^^^^^
  File "E:\Bot-RL-3\f03_data\mt5_data_loader_D.py", line 455, in build_plan
    dt_from = _parse_dt(dt_from)
              ^^^^^^^^^^^^^^^^^^
  File "E:\Bot-RL-3\f03_data\mt5_data_loader_D.py", line 106, in _parse_dt
    raise ValueError(f"Invalid date format: {s} (example: 2024-01-01T00:00:00Z)")
ValueError: Invalid date format: 2010-01-01 (example: 2024-01-01T00:00:00Z)
2026-07-01 11:53:14 | INFO   | mt5_connector.py             | 320  : shutdown                 | MT5 shutdown complete.
2026-07-01 11:54:30 | INFO   | main_6_2_orch.py             | 82   : setup_logging            | ============================================================
2026-07-01 11:54:30 | INFO   | main_6_2_orch.py             | 83   : setup_logging            | Bot-RL-3 Starting - Listener-based, No Polling
2026-07-01 11:54:30 | INFO   | main_6_2_orch.py             | 84   : setup_logging            | ============================================================
2026-07-01 11:54:30 | INFO   | config_loader.py             | 476  : reload                   | Config loaded: E:\Bot-RL-3\f01_config\config.yaml (env prefix=BOT_)
2026-07-01 11:54:30 | INFO   | main_6_2_orch.py             | 201  : load_configuration       | Configuration loaded successfully
2026-07-01 11:54:30 | INFO   | feature_B_bootstrap.py       | 146  : build_feature_system     | function 'build_feature_system' is started
2026-07-01 11:54:30 | INFO   | config_loader.py             | 476  : reload                   | Config loaded: E:\Bot-RL-3\f01_config\config.yaml (env prefix=BOT_)
2026-07-01 11:54:30 | INFO   | main_6_2_orch.py             | 262  : _init_components         | MarketDataEngine initialized (live mode)
2026-07-01 11:54:30 | INFO   | main_6_2_orch.py             | 269  : _init_components         | DataHandler initialized and attached to EventBus
2026-07-01 11:54:30 | INFO   | main_6_2_orch.py             | 274  : _init_components         | DataHandler callback registered (listener mode)
2026-07-01 11:54:30 | INFO   | main_6_2_orch.py             | 297  : _init_components         | MT5DataLoader initialized
2026-07-01 11:54:30 | INFO   | main_6_2_orch.py             | 573  : download_historical_data | Starting historical data download...
2026-07-01 11:54:30 | INFO   | main_6_2_orch.py             | 574  : download_historical_data | Parameters: symbols=['XAUUSD_I'], timeframes=['M1', 'M2', 'M4', 'M20', 'H1', 'H4'], lookback_bars=1023
2026-07-01 11:54:30 | INFO   | mt5_connector.py             | 249  : initialize               | MT5 connected: login=52950820 server=Alpari-MT5-Demo name=Farhad Vahedkia
2026-07-01 11:54:30 | INFO   | main_6_2_orch.py             | 596  : download_historical_data | Converted date_from=2010-01-01, date_to=2026-07-01T08:24:30.671001Z
2026-07-01 11:54:30 | ERROR  | main_6_2_orch.py             | 614  : download_historical_data | Download failed: Invalid date format: 2010-01-01 (example: 2024-01-01T00:00:00Z)
Traceback (most recent call last):
  File "E:\Bot-RL-3\f03_data\mt5_data_loader_D.py", line 103, in _parse_dt
    dt = datetime.fromisoformat(s.replace("Z", "+00:00"))
                                ^^^^^^^^^^^^^^^^^^^^^^^^
TypeError: 'str' object cannot be interpreted as an integer

During handling of the above exception, another exception occurred:

Traceback (most recent call last):
  File "E:\Bot-RL-3\main_6_2_orch.py", line 598, in download_historical_data
    plans = self.downloader.build_plan(
            ^^^^^^^^^^^^^^^^^^^^^^^^^^^
  File "E:\Bot-RL-3\f03_data\mt5_data_loader_D.py", line 455, in build_plan
    dt_from = _parse_dt(dt_from)
              ^^^^^^^^^^^^^^^^^^
  File "E:\Bot-RL-3\f03_data\mt5_data_loader_D.py", line 106, in _parse_dt
    raise ValueError(f"Invalid date format: {s} (example: 2024-01-01T00:00:00Z)")
ValueError: Invalid date format: 2010-01-01 (example: 2024-01-01T00:00:00Z)
2026-07-01 11:54:30 | INFO   | mt5_connector.py             | 320  : shutdown                 | MT5 shutdown complete.
2026-07-03 09:38:37 | INFO   | main_6_2_orch.py             | 82   : setup_logging            | ============================================================
2026-07-03 09:38:37 | INFO   | main_6_2_orch.py             | 83   : setup_logging            | Bot-RL-3 Starting - Listener-based, No Polling
2026-07-03 09:38:37 | INFO   | main_6_2_orch.py             | 84   : setup_logging            | ============================================================
2026-07-03 09:38:37 | INFO   | config_loader.py             | 476  : reload                   | Config loaded: E:\Bot-RL-3\f01_config\config.yaml (env prefix=BOT_)
2026-07-03 09:38:37 | INFO   | main_6_2_orch.py             | 201  : load_configuration       | Configuration loaded successfully
2026-07-03 09:38:37 | INFO   | feature_B_bootstrap.py       | 146  : build_feature_system     | function 'build_feature_system' is started
2026-07-03 09:38:37 | INFO   | config_loader.py             | 476  : reload                   | Config loaded: E:\Bot-RL-3\f01_config\config.yaml (env prefix=BOT_)
2026-07-03 09:38:37 | INFO   | main_6_2_orch.py             | 262  : _init_components         | MarketDataEngine initialized (live mode)
2026-07-03 09:38:37 | INFO   | main_6_2_orch.py             | 269  : _init_components         | DataHandler initialized and attached to EventBus
2026-07-03 09:38:37 | INFO   | main_6_2_orch.py             | 274  : _init_components         | DataHandler callback registered (listener mode)
2026-07-03 09:38:37 | INFO   | main_6_2_orch.py             | 297  : _init_components         | MT5DataLoader initialized
2026-07-03 09:38:37 | INFO   | main_6_2_orch.py             | 573  : download_historical_data | Starting historical data download...
2026-07-03 09:38:37 | INFO   | main_6_2_orch.py             | 574  : download_historical_data | Parameters: symbols=['XAUUSD_I'], timeframes=['M1', 'M2', 'M4', 'M20', 'H1', 'H4'], lookback_bars=1023
2026-07-03 09:38:44 | INFO   | mt5_connector.py             | 263  : initialize               | MT5 connected: login=52950820 server=Alpari-MT5-Demo name=Farhad Vahedkia
2026-07-03 09:38:44 | INFO   | main_6_2_orch.py             | 596  : download_historical_data | Converted date_from=2010-01-01, date_to=2026-07-03T06:08:44.369484Z
2026-07-03 09:38:44 | ERROR  | main_6_2_orch.py             | 614  : download_historical_data | Download failed: Invalid date format: 2010-01-01 (example: 2024-01-01T00:00:00Z)
Traceback (most recent call last):
  File "E:\Bot-RL-3\f03_data\mt5_data_loader_E.py", line 104, in _parse_dt
    dt = datetime.fromisoformat(s.replace("Z", "+00:00").replace(" ", ""))
                                ^^^^^^^^^^^^^^^^^^^^^^^^
TypeError: 'str' object cannot be interpreted as an integer

During handling of the above exception, another exception occurred:

Traceback (most recent call last):
  File "E:\Bot-RL-3\main_6_2_orch.py", line 598, in download_historical_data
    plans = self.downloader.build_plan(
            ^^^^^^^^^^^^^^^^^^^^^^^^^^^
  File "E:\Bot-RL-3\f03_data\mt5_data_loader_E.py", line 436, in build_plan
    dt_from = _parse_dt(dt_from)
              ^^^^^^^^^^^^^^^^^^
  File "E:\Bot-RL-3\f03_data\mt5_data_loader_E.py", line 107, in _parse_dt
    raise ValueError(f"Invalid date format: {s} (example: 2024-01-01T00:00:00Z)")
ValueError: Invalid date format: 2010-01-01 (example: 2024-01-01T00:00:00Z)
2026-07-03 09:38:44 | INFO   | mt5_connector.py             | 343  : shutdown                 | MT5 shutdown complete.
2026-07-03 09:39:32 | INFO   | main_6_2_orch.py             | 82   : setup_logging            | ============================================================
2026-07-03 09:39:32 | INFO   | main_6_2_orch.py             | 83   : setup_logging            | Bot-RL-3 Starting - Listener-based, No Polling
2026-07-03 09:39:32 | INFO   | main_6_2_orch.py             | 84   : setup_logging            | ============================================================
2026-07-03 09:39:32 | INFO   | config_loader.py             | 476  : reload                   | Config loaded: E:\Bot-RL-3\f01_config\config.yaml (env prefix=BOT_)
2026-07-03 09:39:32 | INFO   | main_6_2_orch.py             | 201  : load_configuration       | Configuration loaded successfully
2026-07-03 09:39:32 | INFO   | feature_B_bootstrap.py       | 146  : build_feature_system     | function 'build_feature_system' is started
2026-07-03 09:39:32 | INFO   | config_loader.py             | 476  : reload                   | Config loaded: E:\Bot-RL-3\f01_config\config.yaml (env prefix=BOT_)
2026-07-03 09:39:32 | INFO   | main_6_2_orch.py             | 262  : _init_components         | MarketDataEngine initialized (live mode)
2026-07-03 09:39:32 | INFO   | main_6_2_orch.py             | 269  : _init_components         | DataHandler initialized and attached to EventBus
2026-07-03 09:39:32 | INFO   | main_6_2_orch.py             | 274  : _init_components         | DataHandler callback registered (listener mode)
2026-07-03 09:39:32 | INFO   | main_6_2_orch.py             | 297  : _init_components         | MT5DataLoader initialized
2026-07-03 09:39:32 | INFO   | main_6_2_orch.py             | 573  : download_historical_data | Starting historical data download...
2026-07-03 09:39:32 | INFO   | main_6_2_orch.py             | 574  : download_historical_data | Parameters: symbols=['XAUUSD_I'], timeframes=['M1', 'M2', 'M4', 'M20', 'H1', 'H4'], lookback_bars=1023
2026-07-03 09:39:32 | INFO   | mt5_connector.py             | 263  : initialize               | MT5 connected: login=52950820 server=Alpari-MT5-Demo name=Farhad Vahedkia
2026-07-03 09:39:32 | INFO   | main_6_2_orch.py             | 596  : download_historical_data | Converted date_from=2010-01-01, date_to=2026-07-03T06:09:32.899503Z
2026-07-03 09:39:32 | ERROR  | main_6_2_orch.py             | 614  : download_historical_data | Download failed: Invalid date format: 2010-01-01 (example: 2024-01-01T00:00:00Z)
Traceback (most recent call last):
  File "E:\Bot-RL-3\f03_data\mt5_data_loader_E.py", line 104, in _parse_dt
    dt = datetime.fromisoformat(s.replace("Z", "+00:00").replace(" ", ""))
                                ^^^^^^^^^^^^^^^^^^^^^^^^
TypeError: 'str' object cannot be interpreted as an integer

During handling of the above exception, another exception occurred:

Traceback (most recent call last):
  File "E:\Bot-RL-3\main_6_2_orch.py", line 598, in download_historical_data
    plans = self.downloader.build_plan(
            ^^^^^^^^^^^^^^^^^^^^^^^^^^^
  File "E:\Bot-RL-3\f03_data\mt5_data_loader_E.py", line 436, in build_plan
    dt_from = _parse_dt(dt_from)
              ^^^^^^^^^^^^^^^^^^
  File "E:\Bot-RL-3\f03_data\mt5_data_loader_E.py", line 107, in _parse_dt
    raise ValueError(f"Invalid date format: {s} (example: 2024-01-01T00:00:00Z)")
ValueError: Invalid date format: 2010-01-01 (example: 2024-01-01T00:00:00Z)
2026-07-03 09:39:32 | INFO   | mt5_connector.py             | 343  : shutdown                 | MT5 shutdown complete.
2026-07-03 10:21:46 | INFO   | main_6_2_orch.py             | 82   : setup_logging            | ============================================================
2026-07-03 10:21:46 | INFO   | main_6_2_orch.py             | 83   : setup_logging            | Bot-RL-3 Starting - Listener-based, No Polling
2026-07-03 10:21:46 | INFO   | main_6_2_orch.py             | 84   : setup_logging            | ============================================================
2026-07-03 10:21:46 | INFO   | config_loader.py             | 476  : reload                   | Config loaded: E:\Bot-RL-3\f01_config\config.yaml (env prefix=BOT_)
2026-07-03 10:21:46 | INFO   | main_6_2_orch.py             | 201  : load_configuration       | Configuration loaded successfully
2026-07-03 10:21:46 | INFO   | feature_B_bootstrap.py       | 146  : build_feature_system     | function 'build_feature_system' is started
2026-07-03 10:21:46 | INFO   | config_loader.py             | 476  : reload                   | Config loaded: E:\Bot-RL-3\f01_config\config.yaml (env prefix=BOT_)
2026-07-03 10:21:46 | INFO   | main_6_2_orch.py             | 262  : _init_components         | MarketDataEngine initialized (live mode)
2026-07-03 10:21:46 | INFO   | main_6_2_orch.py             | 269  : _init_components         | DataHandler initialized and attached to EventBus
2026-07-03 10:21:46 | INFO   | main_6_2_orch.py             | 274  : _init_components         | DataHandler callback registered (listener mode)
2026-07-03 10:21:46 | INFO   | main_6_2_orch.py             | 297  : _init_components         | MT5DataLoader initialized
2026-07-03 10:21:46 | INFO   | main_6_2_orch.py             | 573  : download_historical_data | Starting historical data download...
2026-07-03 10:21:46 | INFO   | main_6_2_orch.py             | 574  : download_historical_data | Parameters: symbols=['XAUUSD_I'], timeframes=['M1', 'M2', 'M4', 'M20', 'H1', 'H4'], lookback_bars=1023
2026-07-03 10:21:46 | INFO   | mt5_connector.py             | 235  : initialize               | MT5 connected: login=52950820 server=Alpari-MT5-Demo name=Farhad Vahedkia
2026-07-03 10:21:46 | INFO   | main_6_2_orch.py             | 596  : download_historical_data | Converted date_from=2010-01-01, date_to=2026-07-03T06:51:46.681071Z
2026-07-03 10:21:46 | ERROR  | main_6_2_orch.py             | 614  : download_historical_data | Download failed: Unsupported type for date: <class 'datetime.date'>
Traceback (most recent call last):
  File "E:\Bot-RL-3\main_6_2_orch.py", line 598, in download_historical_data
    plans = self.downloader.build_plan(
            ^^^^^^^^^^^^^^^^^^^^^^^^^^^
  File "E:\Bot-RL-3\f03_data\mt5_data_loader_E.py", line 440, in build_plan
    dt_from = _parse_dt(dt_from)
              ^^^^^^^^^^^^^^^^^^
  File "E:\Bot-RL-3\f03_data\mt5_data_loader_E.py", line 107, in _parse_dt
    raise TypeError(f"Unsupported type for date: {type(s)}")
TypeError: Unsupported type for date: <class 'datetime.date'>
2026-07-03 10:21:46 | INFO   | mt5_connector.py             | 315  : shutdown                 | MT5 shutdown complete.
2026-07-03 10:23:48 | INFO   | main_6_2_orch.py             | 82   : setup_logging            | ============================================================
2026-07-03 10:23:48 | INFO   | main_6_2_orch.py             | 83   : setup_logging            | Bot-RL-3 Starting - Listener-based, No Polling
2026-07-03 10:23:48 | INFO   | main_6_2_orch.py             | 84   : setup_logging            | ============================================================
2026-07-03 10:23:48 | INFO   | config_loader.py             | 476  : reload                   | Config loaded: E:\Bot-RL-3\f01_config\config.yaml (env prefix=BOT_)
2026-07-03 10:23:48 | INFO   | main_6_2_orch.py             | 201  : load_configuration       | Configuration loaded successfully
2026-07-03 10:23:48 | INFO   | feature_B_bootstrap.py       | 146  : build_feature_system     | function 'build_feature_system' is started
2026-07-03 10:23:48 | INFO   | config_loader.py             | 476  : reload                   | Config loaded: E:\Bot-RL-3\f01_config\config.yaml (env prefix=BOT_)
2026-07-03 10:23:48 | INFO   | main_6_2_orch.py             | 262  : _init_components         | MarketDataEngine initialized (live mode)
2026-07-03 10:23:48 | INFO   | main_6_2_orch.py             | 269  : _init_components         | DataHandler initialized and attached to EventBus
2026-07-03 10:23:48 | INFO   | main_6_2_orch.py             | 274  : _init_components         | DataHandler callback registered (listener mode)
2026-07-03 10:23:48 | INFO   | main_6_2_orch.py             | 297  : _init_components         | MT5DataLoader initialized
2026-07-03 10:23:48 | INFO   | main_6_2_orch.py             | 573  : download_historical_data | Starting historical data download...
2026-07-03 10:23:48 | INFO   | main_6_2_orch.py             | 574  : download_historical_data | Parameters: symbols=['XAUUSD_I'], timeframes=['M1', 'M2', 'M4', 'M20', 'H1', 'H4'], lookback_bars=1023
2026-07-03 10:23:48 | INFO   | mt5_connector.py             | 235  : initialize               | MT5 connected: login=52950820 server=Alpari-MT5-Demo name=Farhad Vahedkia
2026-07-03 10:23:48 | INFO   | main_6_2_orch.py             | 596  : download_historical_data | Converted date_from=2010-01-01, date_to=2026-07-03T06:53:48.397672Z
2026-07-03 10:23:48 | ERROR  | main_6_2_orch.py             | 614  : download_historical_data | Download failed: Unsupported type for date: <class 'datetime.date'>
Traceback (most recent call last):
  File "E:\Bot-RL-3\main_6_2_orch.py", line 598, in download_historical_data
    plans = self.downloader.build_plan(
            ^^^^^^^^^^^^^^^^^^^^^^^^^^^
  File "E:\Bot-RL-3\f03_data\mt5_data_loader_E.py", line 440, in build_plan
    dt_from = _parse_dt(dt_from)
              ^^^^^^^^^^^^^^^^^^
  File "E:\Bot-RL-3\f03_data\mt5_data_loader_E.py", line 107, in _parse_dt
    raise TypeError(f"Unsupported type for date: {type(s)}")
TypeError: Unsupported type for date: <class 'datetime.date'>
2026-07-03 10:23:48 | INFO   | mt5_connector.py             | 315  : shutdown                 | MT5 shutdown complete.
2026-07-03 10:23:54 | INFO   | main_6_2_orch.py             | 82   : setup_logging            | ============================================================
2026-07-03 10:23:54 | INFO   | main_6_2_orch.py             | 83   : setup_logging            | Bot-RL-3 Starting - Listener-based, No Polling
2026-07-03 10:23:54 | INFO   | main_6_2_orch.py             | 84   : setup_logging            | ============================================================
2026-07-03 10:23:54 | INFO   | config_loader.py             | 476  : reload                   | Config loaded: E:\Bot-RL-3\f01_config\config.yaml (env prefix=BOT_)
2026-07-03 10:23:54 | INFO   | main_6_2_orch.py             | 201  : load_configuration       | Configuration loaded successfully
2026-07-03 10:23:54 | INFO   | feature_B_bootstrap.py       | 146  : build_feature_system     | function 'build_feature_system' is started
2026-07-03 10:23:54 | INFO   | config_loader.py             | 476  : reload                   | Config loaded: E:\Bot-RL-3\f01_config\config.yaml (env prefix=BOT_)
2026-07-03 10:23:54 | INFO   | main_6_2_orch.py             | 262  : _init_components         | MarketDataEngine initialized (live mode)
2026-07-03 10:23:54 | INFO   | main_6_2_orch.py             | 269  : _init_components         | DataHandler initialized and attached to EventBus
2026-07-03 10:23:54 | INFO   | main_6_2_orch.py             | 274  : _init_components         | DataHandler callback registered (listener mode)
2026-07-03 10:23:54 | INFO   | main_6_2_orch.py             | 297  : _init_components         | MT5DataLoader initialized
2026-07-03 10:23:54 | INFO   | main_6_2_orch.py             | 573  : download_historical_data | Starting historical data download...
2026-07-03 10:23:54 | INFO   | main_6_2_orch.py             | 574  : download_historical_data | Parameters: symbols=['XAUUSD_I'], timeframes=['M1', 'M2', 'M4', 'M20', 'H1', 'H4'], lookback_bars=1023
2026-07-03 10:23:54 | INFO   | mt5_connector.py             | 235  : initialize               | MT5 connected: login=52950820 server=Alpari-MT5-Demo name=Farhad Vahedkia
2026-07-03 10:23:54 | INFO   | main_6_2_orch.py             | 596  : download_historical_data | Converted date_from=2010-01-01, date_to=2026-07-03T06:53:54.740565Z
2026-07-03 10:23:54 | ERROR  | main_6_2_orch.py             | 614  : download_historical_data | Download failed: Unsupported type for date: <class 'datetime.date'>
Traceback (most recent call last):
  File "E:\Bot-RL-3\main_6_2_orch.py", line 598, in download_historical_data
    plans = self.downloader.build_plan(
            ^^^^^^^^^^^^^^^^^^^^^^^^^^^
  File "E:\Bot-RL-3\f03_data\mt5_data_loader_E.py", line 440, in build_plan
    dt_from = _parse_dt(dt_from)
              ^^^^^^^^^^^^^^^^^^
  File "E:\Bot-RL-3\f03_data\mt5_data_loader_E.py", line 107, in _parse_dt
    raise TypeError(f"Unsupported type for date: {type(s)}")
TypeError: Unsupported type for date: <class 'datetime.date'>
2026-07-03 10:23:54 | INFO   | mt5_connector.py             | 315  : shutdown                 | MT5 shutdown complete.
2026-07-03 10:28:38 | INFO   | main_6_2_orch.py             | 82   : setup_logging            | ============================================================
2026-07-03 10:28:38 | INFO   | main_6_2_orch.py             | 83   : setup_logging            | Bot-RL-3 Starting - Listener-based, No Polling
2026-07-03 10:28:38 | INFO   | main_6_2_orch.py             | 84   : setup_logging            | ============================================================
2026-07-03 10:28:39 | INFO   | config_loader.py             | 476  : reload                   | Config loaded: E:\Bot-RL-3\f01_config\config.yaml (env prefix=BOT_)
2026-07-03 10:28:39 | INFO   | main_6_2_orch.py             | 201  : load_configuration       | Configuration loaded successfully
2026-07-03 10:28:39 | INFO   | feature_B_bootstrap.py       | 146  : build_feature_system     | function 'build_feature_system' is started
2026-07-03 10:28:39 | INFO   | config_loader.py             | 476  : reload                   | Config loaded: E:\Bot-RL-3\f01_config\config.yaml (env prefix=BOT_)
2026-07-03 10:28:39 | INFO   | main_6_2_orch.py             | 262  : _init_components         | MarketDataEngine initialized (live mode)
2026-07-03 10:28:39 | INFO   | main_6_2_orch.py             | 269  : _init_components         | DataHandler initialized and attached to EventBus
2026-07-03 10:28:39 | INFO   | main_6_2_orch.py             | 274  : _init_components         | DataHandler callback registered (listener mode)
2026-07-03 10:28:39 | INFO   | main_6_2_orch.py             | 297  : _init_components         | MT5DataLoader initialized
2026-07-03 10:28:39 | INFO   | main_6_2_orch.py             | 573  : download_historical_data | Starting historical data download...
2026-07-03 10:28:39 | INFO   | main_6_2_orch.py             | 574  : download_historical_data | Parameters: symbols=['XAUUSD_I'], timeframes=['M1', 'M2', 'M4', 'M20', 'H1', 'H4'], lookback_bars=1023
2026-07-03 10:28:39 | INFO   | mt5_connector.py             | 235  : initialize               | MT5 connected: login=52950820 server=Alpari-MT5-Demo name=Farhad Vahedkia
2026-07-03 10:28:39 | INFO   | main_6_2_orch.py             | 596  : download_historical_data | Converted date_from=2010-01-01, date_to=2026-07-03T06:58:39.113557Z
2026-07-03 10:28:39 | ERROR  | main_6_2_orch.py             | 614  : download_historical_data | Download failed: isinstance() arg 2 must be a type, a tuple of types, or a union
Traceback (most recent call last):
  File "E:\Bot-RL-3\main_6_2_orch.py", line 598, in download_historical_data
    plans = self.downloader.build_plan(
            ^^^^^^^^^^^^^^^^^^^^^^^^^^^
  File "E:\Bot-RL-3\f03_data\mt5_data_loader_E.py", line 443, in build_plan
    dt_from = _parse_dt(dt_from)
              ^^^^^^^^^^^^^^^^^^
  File "E:\Bot-RL-3\f03_data\mt5_data_loader_E.py", line 106, in _parse_dt
    if isinstance(s, datetime.date) and not isinstance(s, datetime):
       ^^^^^^^^^^^^^^^^^^^^^^^^^^^^
TypeError: isinstance() arg 2 must be a type, a tuple of types, or a union
2026-07-03 10:28:39 | INFO   | mt5_connector.py             | 315  : shutdown                 | MT5 shutdown complete.
2026-07-03 10:31:38 | INFO   | main_6_2_orch.py             | 82   : setup_logging            | ============================================================
2026-07-03 10:31:38 | INFO   | main_6_2_orch.py             | 83   : setup_logging            | Bot-RL-3 Starting - Listener-based, No Polling
2026-07-03 10:31:38 | INFO   | main_6_2_orch.py             | 84   : setup_logging            | ============================================================
2026-07-03 10:31:38 | INFO   | config_loader.py             | 476  : reload                   | Config loaded: E:\Bot-RL-3\f01_config\config.yaml (env prefix=BOT_)
2026-07-03 10:31:38 | INFO   | main_6_2_orch.py             | 201  : load_configuration       | Configuration loaded successfully
2026-07-03 10:31:38 | INFO   | feature_B_bootstrap.py       | 146  : build_feature_system     | function 'build_feature_system' is started
2026-07-03 10:31:38 | INFO   | config_loader.py             | 476  : reload                   | Config loaded: E:\Bot-RL-3\f01_config\config.yaml (env prefix=BOT_)
2026-07-03 10:31:38 | INFO   | main_6_2_orch.py             | 262  : _init_components         | MarketDataEngine initialized (live mode)
2026-07-03 10:31:38 | INFO   | main_6_2_orch.py             | 269  : _init_components         | DataHandler initialized and attached to EventBus
2026-07-03 10:31:38 | INFO   | main_6_2_orch.py             | 274  : _init_components         | DataHandler callback registered (listener mode)
2026-07-03 10:31:38 | INFO   | main_6_2_orch.py             | 297  : _init_components         | MT5DataLoader initialized
2026-07-03 10:31:38 | INFO   | main_6_2_orch.py             | 573  : download_historical_data | Starting historical data download...
2026-07-03 10:31:38 | INFO   | main_6_2_orch.py             | 574  : download_historical_data | Parameters: symbols=['XAUUSD_I'], timeframes=['M1', 'M2', 'M4', 'M20', 'H1', 'H4'], lookback_bars=1023
2026-07-03 10:31:38 | INFO   | mt5_connector.py             | 235  : initialize               | MT5 connected: login=52950820 server=Alpari-MT5-Demo name=Farhad Vahedkia
2026-07-03 10:31:38 | INFO   | main_6_2_orch.py             | 596  : download_historical_data | Converted date_from=2010-01-01, date_to=2026-07-03T07:01:38.989277Z
2026-07-03 10:31:38 | INFO   | mt5_connector.py             | 235  : initialize               | MT5 connected: login=52950820 server=Alpari-MT5-Demo name=Farhad Vahedkia
2026-07-03 10:31:38 | WARNING | mt5_connector.py             | 427  : _normalize_rates         | No rates for XAUUSD_I M1
2026-07-03 10:31:39 | INFO   | mt5_data_loader_E.py         | 505  : run                      | TF=M1 | requested=1023 | returned=0
2026-07-03 10:31:39 | ERROR  | mt5_data_loader_E.py         | 535  : run                      | Error downloading/saving XAUUSD_I M1: 'function' object has no attribute 'columns'
Traceback (most recent call last):
  File "E:\Bot-RL-3\f03_data\mt5_data_loader_E.py", line 513, in run
    before, after = _append_or_write(df, out_path, self.save_format)
                    ^^^^^^^^^^^^^^^^^^^^^^^^^^^^^^^^^^^^^^^^^^^^^^^^
  File "E:\Bot-RL-3\f03_data\mt5_data_loader_E.py", line 278, in _append_or_write
    df_old = _normalize_df(df_old)
             ^^^^^^^^^^^^^^^^^^^^^
  File "E:\Bot-RL-3\f03_data\mt5_data_loader_E.py", line 179, in _normalize_df
    if col in df.columns:
              ^^^^^^^^^^
AttributeError: 'function' object has no attribute 'columns'
2026-07-03 10:31:40 | WARNING | mt5_connector.py             | 427  : _normalize_rates         | No rates for XAUUSD_I M2
2026-07-03 10:31:40 | INFO   | mt5_data_loader_E.py         | 505  : run                      | TF=M2 | requested=1023 | returned=0
2026-07-03 10:31:40 | INFO   | mt5_data_loader_E.py         | 521  : run                      | Saved: XAUUSD_I M2 → E:\Bot-RL-3\f03_data\raw\XAUUSD_I\M2.parquet (rows: +0 / total 0)
2026-07-03 10:31:40 | WARNING | mt5_connector.py             | 427  : _normalize_rates         | No rates for XAUUSD_I M4
2026-07-03 10:31:40 | INFO   | mt5_data_loader_E.py         | 505  : run                      | TF=M4 | requested=1023 | returned=0
2026-07-03 10:31:40 | INFO   | mt5_data_loader_E.py         | 521  : run                      | Saved: XAUUSD_I M4 → E:\Bot-RL-3\f03_data\raw\XAUUSD_I\M4.parquet (rows: +0 / total 0)
2026-07-03 10:31:40 | WARNING | mt5_connector.py             | 427  : _normalize_rates         | No rates for XAUUSD_I M20
2026-07-03 10:31:40 | INFO   | mt5_data_loader_E.py         | 505  : run                      | TF=M20 | requested=1023 | returned=0
2026-07-03 10:31:40 | INFO   | mt5_data_loader_E.py         | 521  : run                      | Saved: XAUUSD_I M20 → E:\Bot-RL-3\f03_data\raw\XAUUSD_I\M20.parquet (rows: +0 / total 0)
2026-07-03 10:31:40 | WARNING | mt5_connector.py             | 427  : _normalize_rates         | No rates for XAUUSD_I H1
2026-07-03 10:31:40 | INFO   | mt5_data_loader_E.py         | 505  : run                      | TF=H1 | requested=1023 | returned=0
2026-07-03 10:31:40 | INFO   | mt5_data_loader_E.py         | 521  : run                      | Saved: XAUUSD_I H1 → E:\Bot-RL-3\f03_data\raw\XAUUSD_I\H1.parquet (rows: +0 / total 0)
2026-07-03 10:31:40 | WARNING | mt5_connector.py             | 427  : _normalize_rates         | No rates for XAUUSD_I H4
2026-07-03 10:31:40 | INFO   | mt5_data_loader_E.py         | 505  : run                      | TF=H4 | requested=1023 | returned=0
2026-07-03 10:31:40 | ERROR  | mt5_data_loader_E.py         | 535  : run                      | Error downloading/saving XAUUSD_I H4: 'function' object has no attribute 'columns'
Traceback (most recent call last):
  File "E:\Bot-RL-3\f03_data\mt5_data_loader_E.py", line 513, in run
    before, after = _append_or_write(df, out_path, self.save_format)
                    ^^^^^^^^^^^^^^^^^^^^^^^^^^^^^^^^^^^^^^^^^^^^^^^^
  File "E:\Bot-RL-3\f03_data\mt5_data_loader_E.py", line 278, in _append_or_write
    df_old = _normalize_df(df_old)
             ^^^^^^^^^^^^^^^^^^^^^
  File "E:\Bot-RL-3\f03_data\mt5_data_loader_E.py", line 179, in _normalize_df
    if col in df.columns:
              ^^^^^^^^^^
AttributeError: 'function' object has no attribute 'columns'
2026-07-03 10:31:40 | INFO   | mt5_connector.py             | 315  : shutdown                 | MT5 shutdown complete.
2026-07-03 10:31:40 | ERROR  | main_6_2_orch.py             | 609  : download_historical_data | Failed: XAUUSD_I/M1 - 'function' object has no attribute 'columns'
2026-07-03 10:31:40 | INFO   | main_6_2_orch.py             | 611  : download_historical_data | Downloaded: XAUUSD_I/M2 - 0 rows
2026-07-03 10:31:40 | INFO   | main_6_2_orch.py             | 611  : download_historical_data | Downloaded: XAUUSD_I/M4 - 0 rows
2026-07-03 10:31:40 | INFO   | main_6_2_orch.py             | 611  : download_historical_data | Downloaded: XAUUSD_I/M20 - 0 rows
2026-07-03 10:31:40 | INFO   | main_6_2_orch.py             | 611  : download_historical_data | Downloaded: XAUUSD_I/H1 - 0 rows
2026-07-03 10:31:40 | ERROR  | main_6_2_orch.py             | 609  : download_historical_data | Failed: XAUUSD_I/H4 - 'function' object has no attribute 'columns'
2026-07-03 10:31:40 | INFO   | main_6_2_orch.py             | 612  : download_historical_data | Historical data download completed
2026-07-03 10:31:40 | INFO   | mt5_connector.py             | 315  : shutdown                 | MT5 shutdown complete.
2026-07-03 11:50:13 | INFO   | main_6_2_orch.py             | 82   : setup_logging            | ============================================================
2026-07-03 11:50:13 | INFO   | main_6_2_orch.py             | 83   : setup_logging            | Bot-RL-3 Starting - Listener-based, No Polling
2026-07-03 11:50:13 | INFO   | main_6_2_orch.py             | 84   : setup_logging            | ============================================================
2026-07-03 11:50:13 | INFO   | config_loader.py             | 476  : reload                   | Config loaded: E:\Bot-RL-3\f01_config\config.yaml (env prefix=BOT_)
2026-07-03 11:50:13 | INFO   | main_6_2_orch.py             | 201  : load_configuration       | Configuration loaded successfully
2026-07-03 11:50:13 | INFO   | feature_B_bootstrap.py       | 146  : build_feature_system     | function 'build_feature_system' is started
2026-07-03 11:50:14 | INFO   | config_loader.py             | 476  : reload                   | Config loaded: E:\Bot-RL-3\f01_config\config.yaml (env prefix=BOT_)
2026-07-03 11:50:14 | INFO   | main_6_2_orch.py             | 262  : _init_components         | MarketDataEngine initialized (live mode)
2026-07-03 11:50:14 | INFO   | main_6_2_orch.py             | 269  : _init_components         | DataHandler initialized and attached to EventBus
2026-07-03 11:50:14 | INFO   | main_6_2_orch.py             | 274  : _init_components         | DataHandler callback registered (listener mode)
2026-07-03 11:50:14 | INFO   | main_6_2_orch.py             | 297  : _init_components         | MT5DataLoader initialized
2026-07-03 11:50:14 | INFO   | main_6_2_orch.py             | 573  : download_historical_data | Starting historical data download...
2026-07-03 11:50:14 | INFO   | main_6_2_orch.py             | 574  : download_historical_data | Parameters: symbols=['XAUUSD_I'], timeframes=['M1', 'M2', 'M4', 'M20', 'H1', 'H4'], lookback_bars=1023
2026-07-03 11:50:14 | INFO   | mt5_connector.py             | 235  : initialize               | MT5 connected: login=52950820 server=Alpari-MT5-Demo name=Farhad Vahedkia
2026-07-03 11:50:14 | INFO   | main_6_2_orch.py             | 596  : download_historical_data | Converted date_from=2010-01-01, date_to=2026-07-03T08:20:14.050320Z
2026-07-03 11:50:14 | INFO   | mt5_connector.py             | 235  : initialize               | MT5 connected: login=52950820 server=Alpari-MT5-Demo name=Farhad Vahedkia
2026-07-03 11:50:14 | WARNING | mt5_connector.py             | 427  : _normalize_rates         | No rates for XAUUSD_I M1
2026-07-03 11:50:14 | INFO   | mt5_data_loader_E.py         | 517  : run                      | TF=M1 | requested=1023 | returned=0
2026-07-03 11:50:17 | INFO   | mt5_data_loader_E.py         | 533  : run                      | Saved: XAUUSD_I M1 → E:\Bot-RL-3\f03_data\raw\XAUUSD_I\M1.parquet (rows: +0 / total 6838592)
2026-07-03 11:50:17 | WARNING | mt5_connector.py             | 427  : _normalize_rates         | No rates for XAUUSD_I M2
2026-07-03 11:50:17 | INFO   | mt5_data_loader_E.py         | 517  : run                      | TF=M2 | requested=1023 | returned=0
2026-07-03 11:50:19 | INFO   | mt5_data_loader_E.py         | 533  : run                      | Saved: XAUUSD_I M2 → E:\Bot-RL-3\f03_data\raw\XAUUSD_I\M2.parquet (rows: +0 / total 3529311)
2026-07-03 11:50:19 | WARNING | mt5_connector.py             | 427  : _normalize_rates         | No rates for XAUUSD_I M4
2026-07-03 11:50:19 | INFO   | mt5_data_loader_E.py         | 517  : run                      | TF=M4 | requested=1023 | returned=0
2026-07-03 11:50:19 | INFO   | mt5_data_loader_E.py         | 533  : run                      | Saved: XAUUSD_I M4 → E:\Bot-RL-3\f03_data\raw\XAUUSD_I\M4.parquet (rows: +0 / total 1807797)
2026-07-03 11:50:19 | WARNING | mt5_connector.py             | 427  : _normalize_rates         | No rates for XAUUSD_I M20
2026-07-03 11:50:19 | INFO   | mt5_data_loader_E.py         | 517  : run                      | TF=M20 | requested=1023 | returned=0
2026-07-03 11:50:20 | INFO   | mt5_data_loader_E.py         | 533  : run                      | Saved: XAUUSD_I M20 → E:\Bot-RL-3\f03_data\raw\XAUUSD_I\M20.parquet (rows: +0 / total 374707)
2026-07-03 11:50:20 | WARNING | mt5_connector.py             | 427  : _normalize_rates         | No rates for XAUUSD_I H1
2026-07-03 11:50:20 | INFO   | mt5_data_loader_E.py         | 517  : run                      | TF=H1 | requested=1023 | returned=0
2026-07-03 11:50:20 | INFO   | mt5_data_loader_E.py         | 533  : run                      | Saved: XAUUSD_I H1 → E:\Bot-RL-3\f03_data\raw\XAUUSD_I\H1.parquet (rows: +0 / total 126169)
2026-07-03 11:50:20 | WARNING | mt5_connector.py             | 427  : _normalize_rates         | No rates for XAUUSD_I H4
2026-07-03 11:50:20 | INFO   | mt5_data_loader_E.py         | 517  : run                      | TF=H4 | requested=1023 | returned=0
2026-07-03 11:50:20 | INFO   | mt5_data_loader_E.py         | 533  : run                      | Saved: XAUUSD_I H4 → E:\Bot-RL-3\f03_data\raw\XAUUSD_I\H4.parquet (rows: +0 / total 33781)
2026-07-03 11:50:20 | INFO   | mt5_connector.py             | 315  : shutdown                 | MT5 shutdown complete.
2026-07-03 11:50:20 | INFO   | main_6_2_orch.py             | 611  : download_historical_data | Downloaded: XAUUSD_I/M1 - 0 rows
2026-07-03 11:50:20 | INFO   | main_6_2_orch.py             | 611  : download_historical_data | Downloaded: XAUUSD_I/M2 - 0 rows
2026-07-03 11:50:20 | INFO   | main_6_2_orch.py             | 611  : download_historical_data | Downloaded: XAUUSD_I/M4 - 0 rows
2026-07-03 11:50:20 | INFO   | main_6_2_orch.py             | 611  : download_historical_data | Downloaded: XAUUSD_I/M20 - 0 rows
2026-07-03 11:50:20 | INFO   | main_6_2_orch.py             | 611  : download_historical_data | Downloaded: XAUUSD_I/H1 - 0 rows
2026-07-03 11:50:20 | INFO   | main_6_2_orch.py             | 611  : download_historical_data | Downloaded: XAUUSD_I/H4 - 0 rows
2026-07-03 11:50:20 | INFO   | main_6_2_orch.py             | 612  : download_historical_data | Historical data download completed
2026-07-03 11:50:20 | INFO   | mt5_connector.py             | 315  : shutdown                 | MT5 shutdown complete.
2026-07-03 14:12:06 | INFO   | main_6_2_orch.py             | 82   : setup_logging            | ============================================================
2026-07-03 14:12:06 | INFO   | main_6_2_orch.py             | 83   : setup_logging            | Bot-RL-3 Starting - Listener-based, No Polling
2026-07-03 14:12:06 | INFO   | main_6_2_orch.py             | 84   : setup_logging            | ============================================================
2026-07-03 14:12:06 | INFO   | config_loader.py             | 476  : reload                   | Config loaded: E:\Bot-RL-3\f01_config\config.yaml (env prefix=BOT_)
2026-07-03 14:12:06 | INFO   | main_6_2_orch.py             | 201  : load_configuration       | Configuration loaded successfully
2026-07-03 14:12:06 | INFO   | feature_B_bootstrap.py       | 146  : build_feature_system     | function 'build_feature_system' is started
2026-07-03 14:12:06 | INFO   | config_loader.py             | 476  : reload                   | Config loaded: E:\Bot-RL-3\f01_config\config.yaml (env prefix=BOT_)
2026-07-03 14:12:06 | INFO   | main_6_2_orch.py             | 262  : _init_components         | MarketDataEngine initialized (live mode)
2026-07-03 14:12:06 | INFO   | main_6_2_orch.py             | 269  : _init_components         | DataHandler initialized and attached to EventBus
2026-07-03 14:12:06 | INFO   | main_6_2_orch.py             | 274  : _init_components         | DataHandler callback registered (listener mode)
2026-07-03 14:12:06 | INFO   | main_6_2_orch.py             | 297  : _init_components         | MT5DataLoader initialized
2026-07-03 14:12:06 | INFO   | main_6_2_orch.py             | 573  : download_historical_data | Starting historical data download...
2026-07-03 14:12:06 | INFO   | main_6_2_orch.py             | 574  : download_historical_data | Parameters: symbols=['XAUUSD_I'], timeframes=['M1', 'M2', 'M4', 'M20', 'H1', 'H4'], lookback_bars=1023
2026-07-03 14:12:06 | INFO   | mt5_connector.py             | 235  : initialize               | MT5 connected: login=52950820 server=Alpari-MT5-Demo name=Farhad Vahedkia
2026-07-03 14:12:06 | INFO   | main_6_2_orch.py             | 596  : download_historical_data | Converted date_from=2010-01-01, date_to=2026-07-03T10:42:06.936822Z
2026-07-03 14:12:06 | INFO   | mt5_connector.py             | 235  : initialize               | MT5 connected: login=52950820 server=Alpari-MT5-Demo name=Farhad Vahedkia
2026-07-03 14:12:06 | WARNING | mt5_connector.py             | 427  : _normalize_rates         | No rates for XAUUSD_I M1
2026-07-03 14:12:06 | INFO   | mt5_data_loader_E.py         | 517  : run                      | TF=M1 | requested=1023 | returned=0
2026-07-03 14:12:11 | ERROR  | mt5_data_loader_E.py         | 547  : run                      | Error downloading/saving XAUUSD_I M1: 'MT5DataLoader_batch' object has no attribute '_publish_download_event'
Traceback (most recent call last):
  File "E:\Bot-RL-3\f03_data\mt5_data_loader_E.py", line 528, in run
    self._publish_download_event(p.symbol, p.timeframe, len(df))
    ^^^^^^^^^^^^^^^^^^^^^^^^^^^^
AttributeError: 'MT5DataLoader_batch' object has no attribute '_publish_download_event'
2026-07-03 14:12:11 | WARNING | mt5_connector.py             | 427  : _normalize_rates         | No rates for XAUUSD_I M2
2026-07-03 14:12:11 | INFO   | mt5_data_loader_E.py         | 517  : run                      | TF=M2 | requested=1023 | returned=0
2026-07-03 14:12:13 | ERROR  | mt5_data_loader_E.py         | 547  : run                      | Error downloading/saving XAUUSD_I M2: 'MT5DataLoader_batch' object has no attribute '_publish_download_event'
Traceback (most recent call last):
  File "E:\Bot-RL-3\f03_data\mt5_data_loader_E.py", line 528, in run
    self._publish_download_event(p.symbol, p.timeframe, len(df))
    ^^^^^^^^^^^^^^^^^^^^^^^^^^^^
AttributeError: 'MT5DataLoader_batch' object has no attribute '_publish_download_event'
2026-07-03 14:12:13 | WARNING | mt5_connector.py             | 427  : _normalize_rates         | No rates for XAUUSD_I M4
2026-07-03 14:12:13 | INFO   | mt5_data_loader_E.py         | 517  : run                      | TF=M4 | requested=1023 | returned=0
2026-07-03 14:12:14 | ERROR  | mt5_data_loader_E.py         | 547  : run                      | Error downloading/saving XAUUSD_I M4: 'MT5DataLoader_batch' object has no attribute '_publish_download_event'
Traceback (most recent call last):
  File "E:\Bot-RL-3\f03_data\mt5_data_loader_E.py", line 528, in run
    self._publish_download_event(p.symbol, p.timeframe, len(df))
    ^^^^^^^^^^^^^^^^^^^^^^^^^^^^
AttributeError: 'MT5DataLoader_batch' object has no attribute '_publish_download_event'
2026-07-03 14:12:14 | WARNING | mt5_connector.py             | 427  : _normalize_rates         | No rates for XAUUSD_I M20
2026-07-03 14:12:14 | INFO   | mt5_data_loader_E.py         | 517  : run                      | TF=M20 | requested=1023 | returned=0
2026-07-03 14:12:14 | ERROR  | mt5_data_loader_E.py         | 547  : run                      | Error downloading/saving XAUUSD_I M20: 'MT5DataLoader_batch' object has no attribute '_publish_download_event'
Traceback (most recent call last):
  File "E:\Bot-RL-3\f03_data\mt5_data_loader_E.py", line 528, in run
    self._publish_download_event(p.symbol, p.timeframe, len(df))
    ^^^^^^^^^^^^^^^^^^^^^^^^^^^^
AttributeError: 'MT5DataLoader_batch' object has no attribute '_publish_download_event'
2026-07-03 14:12:14 | WARNING | mt5_connector.py             | 427  : _normalize_rates         | No rates for XAUUSD_I H1
2026-07-03 14:12:14 | INFO   | mt5_data_loader_E.py         | 517  : run                      | TF=H1 | requested=1023 | returned=0
2026-07-03 14:12:14 | ERROR  | mt5_data_loader_E.py         | 547  : run                      | Error downloading/saving XAUUSD_I H1: 'MT5DataLoader_batch' object has no attribute '_publish_download_event'
Traceback (most recent call last):
  File "E:\Bot-RL-3\f03_data\mt5_data_loader_E.py", line 528, in run
    self._publish_download_event(p.symbol, p.timeframe, len(df))
    ^^^^^^^^^^^^^^^^^^^^^^^^^^^^
AttributeError: 'MT5DataLoader_batch' object has no attribute '_publish_download_event'
2026-07-03 14:12:14 | WARNING | mt5_connector.py             | 427  : _normalize_rates         | No rates for XAUUSD_I H4
2026-07-03 14:12:14 | INFO   | mt5_data_loader_E.py         | 517  : run                      | TF=H4 | requested=1023 | returned=0
2026-07-03 14:12:14 | ERROR  | mt5_data_loader_E.py         | 547  : run                      | Error downloading/saving XAUUSD_I H4: 'MT5DataLoader_batch' object has no attribute '_publish_download_event'
Traceback (most recent call last):
  File "E:\Bot-RL-3\f03_data\mt5_data_loader_E.py", line 528, in run
    self._publish_download_event(p.symbol, p.timeframe, len(df))
    ^^^^^^^^^^^^^^^^^^^^^^^^^^^^
AttributeError: 'MT5DataLoader_batch' object has no attribute '_publish_download_event'
2026-07-03 14:12:14 | INFO   | mt5_connector.py             | 315  : shutdown                 | MT5 shutdown complete.
2026-07-03 14:12:14 | ERROR  | main_6_2_orch.py             | 609  : download_historical_data | Failed: XAUUSD_I/M1 - 'MT5DataLoader_batch' object has no attribute '_publish_download_event'
2026-07-03 14:12:14 | ERROR  | main_6_2_orch.py             | 609  : download_historical_data | Failed: XAUUSD_I/M2 - 'MT5DataLoader_batch' object has no attribute '_publish_download_event'
2026-07-03 14:12:14 | ERROR  | main_6_2_orch.py             | 609  : download_historical_data | Failed: XAUUSD_I/M4 - 'MT5DataLoader_batch' object has no attribute '_publish_download_event'
2026-07-03 14:12:14 | ERROR  | main_6_2_orch.py             | 609  : download_historical_data | Failed: XAUUSD_I/M20 - 'MT5DataLoader_batch' object has no attribute '_publish_download_event'
2026-07-03 14:12:14 | ERROR  | main_6_2_orch.py             | 609  : download_historical_data | Failed: XAUUSD_I/H1 - 'MT5DataLoader_batch' object has no attribute '_publish_download_event'
2026-07-03 14:12:14 | ERROR  | main_6_2_orch.py             | 609  : download_historical_data | Failed: XAUUSD_I/H4 - 'MT5DataLoader_batch' object has no attribute '_publish_download_event'
2026-07-03 14:12:14 | INFO   | main_6_2_orch.py             | 612  : download_historical_data | Historical data download completed
2026-07-03 14:12:14 | INFO   | mt5_connector.py             | 315  : shutdown                 | MT5 shutdown complete.
2026-07-03 14:13:14 | INFO   | main_6_2_orch.py             | 82   : setup_logging            | ============================================================
2026-07-03 14:13:14 | INFO   | main_6_2_orch.py             | 83   : setup_logging            | Bot-RL-3 Starting - Listener-based, No Polling
2026-07-03 14:13:14 | INFO   | main_6_2_orch.py             | 84   : setup_logging            | ============================================================
2026-07-03 14:13:14 | INFO   | config_loader.py             | 476  : reload                   | Config loaded: E:\Bot-RL-3\f01_config\config.yaml (env prefix=BOT_)
2026-07-03 14:13:14 | INFO   | main_6_2_orch.py             | 201  : load_configuration       | Configuration loaded successfully
2026-07-03 14:13:14 | INFO   | feature_B_bootstrap.py       | 146  : build_feature_system     | function 'build_feature_system' is started
2026-07-03 14:13:14 | INFO   | config_loader.py             | 476  : reload                   | Config loaded: E:\Bot-RL-3\f01_config\config.yaml (env prefix=BOT_)
2026-07-03 14:13:14 | INFO   | main_6_2_orch.py             | 262  : _init_components         | MarketDataEngine initialized (live mode)
2026-07-03 14:13:14 | INFO   | main_6_2_orch.py             | 269  : _init_components         | DataHandler initialized and attached to EventBus
2026-07-03 14:13:14 | INFO   | main_6_2_orch.py             | 274  : _init_components         | DataHandler callback registered (listener mode)
2026-07-03 14:13:14 | ERROR  | main_6_2_orch.py             | 686  : main                     | Download failed: MT5DataLoader_batch.__init__() got an unexpected keyword argument 'event_bus'
2026-07-03 14:17:38 | INFO   | main_6_2_orch.py             | 82   : setup_logging            | ============================================================
2026-07-03 14:17:38 | INFO   | main_6_2_orch.py             | 83   : setup_logging            | Bot-RL-3 Starting - Listener-based, No Polling
2026-07-03 14:17:38 | INFO   | main_6_2_orch.py             | 84   : setup_logging            | ============================================================
2026-07-03 14:17:38 | INFO   | config_loader.py             | 476  : reload                   | Config loaded: E:\Bot-RL-3\f01_config\config.yaml (env prefix=BOT_)
2026-07-03 14:17:38 | INFO   | main_6_2_orch.py             | 201  : load_configuration       | Configuration loaded successfully
2026-07-03 14:17:38 | INFO   | feature_B_bootstrap.py       | 146  : build_feature_system     | function 'build_feature_system' is started
2026-07-03 14:17:38 | INFO   | config_loader.py             | 476  : reload                   | Config loaded: E:\Bot-RL-3\f01_config\config.yaml (env prefix=BOT_)
2026-07-03 14:17:38 | INFO   | main_6_2_orch.py             | 262  : _init_components         | MarketDataEngine initialized (live mode)
2026-07-03 14:17:38 | INFO   | main_6_2_orch.py             | 269  : _init_components         | DataHandler initialized and attached to EventBus
2026-07-03 14:17:38 | INFO   | main_6_2_orch.py             | 274  : _init_components         | DataHandler callback registered (listener mode)
2026-07-03 14:17:38 | INFO   | main_6_2_orch.py             | 296  : _init_components         | MT5DataLoader initialized
2026-07-03 14:17:38 | INFO   | main_6_2_orch.py             | 572  : download_historical_data | Starting historical data download...
2026-07-03 14:17:38 | INFO   | main_6_2_orch.py             | 573  : download_historical_data | Parameters: symbols=['XAUUSD_I'], timeframes=['M1', 'M2', 'M4', 'M20', 'H1', 'H4'], lookback_bars=1023
2026-07-03 14:17:38 | INFO   | mt5_connector.py             | 235  : initialize               | MT5 connected: login=52950820 server=Alpari-MT5-Demo name=Farhad Vahedkia
2026-07-03 14:17:38 | INFO   | main_6_2_orch.py             | 595  : download_historical_data | Converted date_from=2010-01-01, date_to=2026-07-03T10:47:38.424090Z
2026-07-03 14:17:38 | INFO   | mt5_connector.py             | 235  : initialize               | MT5 connected: login=52950820 server=Alpari-MT5-Demo name=Farhad Vahedkia
2026-07-03 14:17:38 | WARNING | mt5_connector.py             | 427  : _normalize_rates         | No rates for XAUUSD_I M1
2026-07-03 14:17:38 | INFO   | mt5_data_loader_E.py         | 515  : run                      | TF=M1 | requested=1023 | returned=0
2026-07-03 14:17:41 | INFO   | mt5_data_loader_E.py         | 528  : run                      | Saved: XAUUSD_I M1 → E:\Bot-RL-3\f03_data\raw\XAUUSD_I\M1.parquet (rows: +0 / total 6838661)
2026-07-03 14:17:41 | WARNING | mt5_connector.py             | 427  : _normalize_rates         | No rates for XAUUSD_I M2
2026-07-03 14:17:41 | INFO   | mt5_data_loader_E.py         | 515  : run                      | TF=M2 | requested=1023 | returned=0
2026-07-03 14:17:43 | INFO   | mt5_data_loader_E.py         | 528  : run                      | Saved: XAUUSD_I M2 → E:\Bot-RL-3\f03_data\raw\XAUUSD_I\M2.parquet (rows: +0 / total 3529345)
2026-07-03 14:17:43 | WARNING | mt5_connector.py             | 427  : _normalize_rates         | No rates for XAUUSD_I M4
2026-07-03 14:17:43 | INFO   | mt5_data_loader_E.py         | 515  : run                      | TF=M4 | requested=1023 | returned=0
2026-07-03 14:17:44 | INFO   | mt5_data_loader_E.py         | 528  : run                      | Saved: XAUUSD_I M4 → E:\Bot-RL-3\f03_data\raw\XAUUSD_I\M4.parquet (rows: +0 / total 1807814)
2026-07-03 14:17:44 | WARNING | mt5_connector.py             | 427  : _normalize_rates         | No rates for XAUUSD_I M20
2026-07-03 14:17:44 | INFO   | mt5_data_loader_E.py         | 515  : run                      | TF=M20 | requested=1023 | returned=0
2026-07-03 14:17:44 | INFO   | mt5_data_loader_E.py         | 528  : run                      | Saved: XAUUSD_I M20 → E:\Bot-RL-3\f03_data\raw\XAUUSD_I\M20.parquet (rows: +0 / total 374711)
2026-07-03 14:17:44 | WARNING | mt5_connector.py             | 427  : _normalize_rates         | No rates for XAUUSD_I H1
2026-07-03 14:17:44 | INFO   | mt5_data_loader_E.py         | 515  : run                      | TF=H1 | requested=1023 | returned=0
2026-07-03 14:17:44 | INFO   | mt5_data_loader_E.py         | 528  : run                      | Saved: XAUUSD_I H1 → E:\Bot-RL-3\f03_data\raw\XAUUSD_I\H1.parquet (rows: +0 / total 126170)
2026-07-03 14:17:44 | WARNING | mt5_connector.py             | 427  : _normalize_rates         | No rates for XAUUSD_I H4
2026-07-03 14:17:44 | INFO   | mt5_data_loader_E.py         | 515  : run                      | TF=H4 | requested=1023 | returned=0
2026-07-03 14:17:44 | INFO   | mt5_data_loader_E.py         | 528  : run                      | Saved: XAUUSD_I H4 → E:\Bot-RL-3\f03_data\raw\XAUUSD_I\H4.parquet (rows: +0 / total 33782)
2026-07-03 14:17:44 | INFO   | mt5_connector.py             | 315  : shutdown                 | MT5 shutdown complete.
2026-07-03 14:17:44 | INFO   | main_6_2_orch.py             | 610  : download_historical_data | Downloaded: XAUUSD_I/M1 - 0 rows
2026-07-03 14:17:44 | INFO   | main_6_2_orch.py             | 610  : download_historical_data | Downloaded: XAUUSD_I/M2 - 0 rows
2026-07-03 14:17:44 | INFO   | main_6_2_orch.py             | 610  : download_historical_data | Downloaded: XAUUSD_I/M4 - 0 rows
2026-07-03 14:17:44 | INFO   | main_6_2_orch.py             | 610  : download_historical_data | Downloaded: XAUUSD_I/M20 - 0 rows
2026-07-03 14:17:44 | INFO   | main_6_2_orch.py             | 610  : download_historical_data | Downloaded: XAUUSD_I/H1 - 0 rows
2026-07-03 14:17:44 | INFO   | main_6_2_orch.py             | 610  : download_historical_data | Downloaded: XAUUSD_I/H4 - 0 rows
2026-07-03 14:17:44 | INFO   | main_6_2_orch.py             | 611  : download_historical_data | Historical data download completed
2026-07-03 14:17:44 | INFO   | mt5_connector.py             | 315  : shutdown                 | MT5 shutdown complete.
2026-07-03 14:24:00 | INFO   | main_6_2_orch.py             | 82   : setup_logging            | ============================================================
2026-07-03 14:24:00 | INFO   | main_6_2_orch.py             | 83   : setup_logging            | Bot-RL-3 Starting - Listener-based, No Polling
2026-07-03 14:24:00 | INFO   | main_6_2_orch.py             | 84   : setup_logging            | ============================================================
2026-07-03 14:24:01 | INFO   | config_loader.py             | 476  : reload                   | Config loaded: E:\Bot-RL-3\f01_config\config.yaml (env prefix=BOT_)
2026-07-03 14:24:01 | INFO   | main_6_2_orch.py             | 201  : load_configuration       | Configuration loaded successfully
2026-07-03 14:24:01 | INFO   | feature_B_bootstrap.py       | 146  : build_feature_system     | function 'build_feature_system' is started
2026-07-03 14:24:01 | INFO   | config_loader.py             | 476  : reload                   | Config loaded: E:\Bot-RL-3\f01_config\config.yaml (env prefix=BOT_)
2026-07-03 14:24:01 | INFO   | main_6_2_orch.py             | 262  : _init_components         | MarketDataEngine initialized (live mode)
2026-07-03 14:24:01 | INFO   | main_6_2_orch.py             | 269  : _init_components         | DataHandler initialized and attached to EventBus
2026-07-03 14:24:01 | INFO   | main_6_2_orch.py             | 274  : _init_components         | DataHandler callback registered (listener mode)
2026-07-03 14:24:01 | INFO   | main_6_2_orch.py             | 296  : _init_components         | MT5DataLoader initialized
2026-07-03 14:24:01 | INFO   | main_6_2_orch.py             | 572  : download_historical_data | Starting historical data download...
2026-07-03 14:24:01 | INFO   | main_6_2_orch.py             | 573  : download_historical_data | Parameters: symbols=['XAUUSD_I'], timeframes=['M1', 'M2', 'M4', 'M20', 'H1', 'H4'], lookback_bars=1023
2026-07-03 14:24:01 | INFO   | mt5_connector.py             | 235  : initialize               | MT5 connected: login=52950820 server=Alpari-MT5-Demo name=Farhad Vahedkia
2026-07-03 14:24:01 | INFO   | main_6_2_orch.py             | 595  : download_historical_data | Converted date_from=2010-01-01, date_to=2026-07-03T10:54:01.123335Z
2026-07-03 14:24:01 | INFO   | mt5_connector.py             | 235  : initialize               | MT5 connected: login=52950820 server=Alpari-MT5-Demo name=Farhad Vahedkia
2026-07-03 14:24:01 | WARNING | mt5_connector.py             | 427  : _normalize_rates         | No rates for XAUUSD_I M1
2026-07-03 14:24:01 | INFO   | mt5_data_loader_E.py         | 516  : run                      | TF=M1 | requested=1023 | returned=0
2026-07-03 14:24:04 | INFO   | mt5_data_loader_E.py         | 529  : run                      | Saved: XAUUSD_I M1 → E:\Bot-RL-3\f03_data\raw\XAUUSD_I\M1.parquet (rows: +0 / total 6838661)
2026-07-03 14:24:04 | WARNING | mt5_connector.py             | 427  : _normalize_rates         | No rates for XAUUSD_I M2
2026-07-03 14:24:04 | INFO   | mt5_data_loader_E.py         | 516  : run                      | TF=M2 | requested=1023 | returned=0
2026-07-03 14:24:05 | INFO   | mt5_data_loader_E.py         | 529  : run                      | Saved: XAUUSD_I M2 → E:\Bot-RL-3\f03_data\raw\XAUUSD_I\M2.parquet (rows: +0 / total 3529345)
2026-07-03 14:24:05 | WARNING | mt5_connector.py             | 427  : _normalize_rates         | No rates for XAUUSD_I M4
2026-07-03 14:24:05 | INFO   | mt5_data_loader_E.py         | 516  : run                      | TF=M4 | requested=1023 | returned=0
2026-07-03 14:24:06 | INFO   | mt5_data_loader_E.py         | 529  : run                      | Saved: XAUUSD_I M4 → E:\Bot-RL-3\f03_data\raw\XAUUSD_I\M4.parquet (rows: +0 / total 1807814)
2026-07-03 14:24:06 | WARNING | mt5_connector.py             | 427  : _normalize_rates         | No rates for XAUUSD_I M20
2026-07-03 14:24:06 | INFO   | mt5_data_loader_E.py         | 516  : run                      | TF=M20 | requested=1023 | returned=0
2026-07-03 14:24:07 | INFO   | mt5_data_loader_E.py         | 529  : run                      | Saved: XAUUSD_I M20 → E:\Bot-RL-3\f03_data\raw\XAUUSD_I\M20.parquet (rows: +0 / total 374711)
2026-07-03 14:24:07 | WARNING | mt5_connector.py             | 427  : _normalize_rates         | No rates for XAUUSD_I H1
2026-07-03 14:24:07 | INFO   | mt5_data_loader_E.py         | 516  : run                      | TF=H1 | requested=1023 | returned=0
2026-07-03 14:24:07 | INFO   | mt5_data_loader_E.py         | 529  : run                      | Saved: XAUUSD_I H1 → E:\Bot-RL-3\f03_data\raw\XAUUSD_I\H1.parquet (rows: +0 / total 126170)
2026-07-03 14:24:07 | WARNING | mt5_connector.py             | 427  : _normalize_rates         | No rates for XAUUSD_I H4
2026-07-03 14:24:07 | INFO   | mt5_data_loader_E.py         | 516  : run                      | TF=H4 | requested=1023 | returned=0
2026-07-03 14:24:07 | INFO   | mt5_data_loader_E.py         | 529  : run                      | Saved: XAUUSD_I H4 → E:\Bot-RL-3\f03_data\raw\XAUUSD_I\H4.parquet (rows: +0 / total 33782)
2026-07-03 14:24:07 | INFO   | mt5_connector.py             | 315  : shutdown                 | MT5 shutdown complete.
2026-07-03 14:24:07 | INFO   | main_6_2_orch.py             | 610  : download_historical_data | Downloaded: XAUUSD_I/M1 - 0 rows
2026-07-03 14:24:07 | INFO   | main_6_2_orch.py             | 610  : download_historical_data | Downloaded: XAUUSD_I/M2 - 0 rows
2026-07-03 14:24:07 | INFO   | main_6_2_orch.py             | 610  : download_historical_data | Downloaded: XAUUSD_I/M4 - 0 rows
2026-07-03 14:24:07 | INFO   | main_6_2_orch.py             | 610  : download_historical_data | Downloaded: XAUUSD_I/M20 - 0 rows
2026-07-03 14:24:07 | INFO   | main_6_2_orch.py             | 610  : download_historical_data | Downloaded: XAUUSD_I/H1 - 0 rows
2026-07-03 14:24:07 | INFO   | main_6_2_orch.py             | 610  : download_historical_data | Downloaded: XAUUSD_I/H4 - 0 rows
2026-07-03 14:24:07 | INFO   | main_6_2_orch.py             | 611  : download_historical_data | Historical data download completed
2026-07-03 14:24:07 | INFO   | mt5_connector.py             | 315  : shutdown                 | MT5 shutdown complete.
2026-07-03 14:25:28 | INFO   | main_6_2_orch.py             | 82   : setup_logging            | ============================================================
2026-07-03 14:25:28 | INFO   | main_6_2_orch.py             | 83   : setup_logging            | Bot-RL-3 Starting - Listener-based, No Polling
2026-07-03 14:25:28 | INFO   | main_6_2_orch.py             | 84   : setup_logging            | ============================================================
2026-07-03 14:25:28 | INFO   | config_loader.py             | 476  : reload                   | Config loaded: E:\Bot-RL-3\f01_config\config.yaml (env prefix=BOT_)
2026-07-03 14:25:28 | INFO   | main_6_2_orch.py             | 201  : load_configuration       | Configuration loaded successfully
2026-07-03 14:25:28 | INFO   | feature_B_bootstrap.py       | 146  : build_feature_system     | function 'build_feature_system' is started
2026-07-03 14:25:28 | INFO   | config_loader.py             | 476  : reload                   | Config loaded: E:\Bot-RL-3\f01_config\config.yaml (env prefix=BOT_)
2026-07-03 14:25:28 | INFO   | main_6_2_orch.py             | 262  : _init_components         | MarketDataEngine initialized (live mode)
2026-07-03 14:25:28 | INFO   | main_6_2_orch.py             | 269  : _init_components         | DataHandler initialized and attached to EventBus
2026-07-03 14:25:28 | INFO   | main_6_2_orch.py             | 274  : _init_components         | DataHandler callback registered (listener mode)
2026-07-03 14:25:28 | INFO   | main_6_2_orch.py             | 296  : _init_components         | MT5DataLoader initialized
2026-07-03 14:25:28 | INFO   | main_6_2_orch.py             | 572  : download_historical_data | Starting historical data download...
2026-07-03 14:25:28 | INFO   | main_6_2_orch.py             | 573  : download_historical_data | Parameters: symbols=['XAUUSD_i'], timeframes=['M1', 'M2', 'M4', 'M20', 'H1', 'H4'], lookback_bars=1023
2026-07-03 14:25:28 | INFO   | mt5_connector.py             | 235  : initialize               | MT5 connected: login=52950820 server=Alpari-MT5-Demo name=Farhad Vahedkia
2026-07-03 14:25:28 | INFO   | main_6_2_orch.py             | 595  : download_historical_data | Converted date_from=2010-01-01, date_to=2026-07-03T10:55:28.568865Z
2026-07-03 14:25:28 | INFO   | mt5_connector.py             | 235  : initialize               | MT5 connected: login=52950820 server=Alpari-MT5-Demo name=Farhad Vahedkia
2026-07-03 14:25:30 | INFO   | mt5_data_loader_E.py         | 519  : run                      | TF=M1 | requested=1023 | returned=5545301 | range=2010-01-04 00:15:00+00:00 → 2026-07-03 10:55:00+00:00
2026-07-03 14:25:34 | INFO   | mt5_connector.py             | 315  : shutdown                 | MT5 shutdown complete.
2026-07-03 14:25:41 | INFO   | main_6_2_orch.py             | 82   : setup_logging            | ============================================================
2026-07-03 14:25:41 | INFO   | main_6_2_orch.py             | 83   : setup_logging            | Bot-RL-3 Starting - Listener-based, No Polling
2026-07-03 14:25:41 | INFO   | main_6_2_orch.py             | 84   : setup_logging            | ============================================================
2026-07-03 14:25:41 | INFO   | config_loader.py             | 476  : reload                   | Config loaded: E:\Bot-RL-3\f01_config\config.yaml (env prefix=BOT_)
2026-07-03 14:25:41 | INFO   | main_6_2_orch.py             | 201  : load_configuration       | Configuration loaded successfully
2026-07-03 14:25:41 | INFO   | feature_B_bootstrap.py       | 146  : build_feature_system     | function 'build_feature_system' is started
2026-07-03 14:25:42 | INFO   | config_loader.py             | 476  : reload                   | Config loaded: E:\Bot-RL-3\f01_config\config.yaml (env prefix=BOT_)
2026-07-03 14:25:42 | INFO   | main_6_2_orch.py             | 262  : _init_components         | MarketDataEngine initialized (live mode)
2026-07-03 14:25:42 | INFO   | main_6_2_orch.py             | 269  : _init_components         | DataHandler initialized and attached to EventBus
2026-07-03 14:25:42 | INFO   | main_6_2_orch.py             | 274  : _init_components         | DataHandler callback registered (listener mode)
2026-07-03 14:25:42 | INFO   | main_6_2_orch.py             | 296  : _init_components         | MT5DataLoader initialized
2026-07-03 14:25:42 | INFO   | main_6_2_orch.py             | 572  : download_historical_data | Starting historical data download...
2026-07-03 14:25:42 | INFO   | main_6_2_orch.py             | 573  : download_historical_data | Parameters: symbols=['XAUUSD_i'], timeframes=['M1', 'M2', 'M4', 'M20', 'H1', 'H4'], lookback_bars=1023
2026-07-03 14:25:42 | INFO   | mt5_connector.py             | 235  : initialize               | MT5 connected: login=52950820 server=Alpari-MT5-Demo name=Farhad Vahedkia
2026-07-03 14:25:42 | INFO   | main_6_2_orch.py             | 595  : download_historical_data | Converted date_from=2010-01-01, date_to=2026-07-03T10:55:42.007975Z
2026-07-03 14:25:42 | INFO   | mt5_connector.py             | 235  : initialize               | MT5 connected: login=52950820 server=Alpari-MT5-Demo name=Farhad Vahedkia
2026-07-03 14:25:43 | INFO   | mt5_data_loader_E.py         | 519  : run                      | TF=M1 | requested=1023 | returned=5545301 | range=2010-01-04 00:15:00+00:00 → 2026-07-03 10:55:00+00:00
2026-07-03 14:25:51 | INFO   | mt5_data_loader_E.py         | 529  : run                      | Saved: XAUUSD_i M1 → E:\Bot-RL-3\f03_data\raw\XAUUSD_i\M1.parquet (rows: +0 / total 6838661)
2026-07-03 14:25:52 | INFO   | mt5_data_loader_E.py         | 519  : run                      | TF=M2 | requested=1023 | returned=2780977 | range=2010-01-04 00:14:00+00:00 → 2026-07-03 10:54:00+00:00
2026-07-03 14:25:56 | INFO   | mt5_data_loader_E.py         | 529  : run                      | Saved: XAUUSD_i M2 → E:\Bot-RL-3\f03_data\raw\XAUUSD_i\M2.parquet (rows: +0 / total 3529345)
2026-07-03 14:25:57 | INFO   | mt5_data_loader_E.py         | 519  : run                      | TF=M4 | requested=1023 | returned=1392040 | range=2010-01-04 00:12:00+00:00 → 2026-07-03 10:52:00+00:00
2026-07-03 14:25:59 | INFO   | mt5_data_loader_E.py         | 529  : run                      | Saved: XAUUSD_i M4 → E:\Bot-RL-3\f03_data\raw\XAUUSD_i\M4.parquet (rows: +0 / total 1807814)
2026-07-03 14:25:59 | INFO   | mt5_data_loader_E.py         | 519  : run                      | TF=M20 | requested=1023 | returned=280715 | range=2010-01-04 00:00:00+00:00 → 2026-07-03 10:40:00+00:00
2026-07-03 14:25:59 | INFO   | mt5_data_loader_E.py         | 529  : run                      | Saved: XAUUSD_i M20 → E:\Bot-RL-3\f03_data\raw\XAUUSD_i\M20.parquet (rows: +0 / total 374711)
2026-07-03 14:25:59 | INFO   | mt5_data_loader_E.py         | 519  : run                      | TF=H1 | requested=1023 | returned=94274 | range=2010-01-04 00:00:00+00:00 → 2026-07-03 10:00:00+00:00
2026-07-03 14:26:00 | INFO   | mt5_data_loader_E.py         | 529  : run                      | Saved: XAUUSD_i H1 → E:\Bot-RL-3\f03_data\raw\XAUUSD_i\H1.parquet (rows: +0 / total 126170)
2026-07-03 14:26:00 | INFO   | mt5_data_loader_E.py         | 519  : run                      | TF=H4 | requested=1023 | returned=25406 | range=2010-01-04 00:00:00+00:00 → 2026-07-03 08:00:00+00:00
2026-07-03 14:26:00 | INFO   | mt5_data_loader_E.py         | 529  : run                      | Saved: XAUUSD_i H4 → E:\Bot-RL-3\f03_data\raw\XAUUSD_i\H4.parquet (rows: +0 / total 33782)
2026-07-03 14:26:00 | INFO   | mt5_connector.py             | 315  : shutdown                 | MT5 shutdown complete.
2026-07-03 14:26:00 | INFO   | main_6_2_orch.py             | 610  : download_historical_data | Downloaded: XAUUSD_i/M1 - 0 rows
2026-07-03 14:26:00 | INFO   | main_6_2_orch.py             | 610  : download_historical_data | Downloaded: XAUUSD_i/M2 - 0 rows
2026-07-03 14:26:00 | INFO   | main_6_2_orch.py             | 610  : download_historical_data | Downloaded: XAUUSD_i/M4 - 0 rows
2026-07-03 14:26:00 | INFO   | main_6_2_orch.py             | 610  : download_historical_data | Downloaded: XAUUSD_i/M20 - 0 rows
2026-07-03 14:26:00 | INFO   | main_6_2_orch.py             | 610  : download_historical_data | Downloaded: XAUUSD_i/H1 - 0 rows
2026-07-03 14:26:00 | INFO   | main_6_2_orch.py             | 610  : download_historical_data | Downloaded: XAUUSD_i/H4 - 0 rows
2026-07-03 14:26:00 | INFO   | main_6_2_orch.py             | 611  : download_historical_data | Historical data download completed
2026-07-03 14:26:00 | INFO   | mt5_connector.py             | 315  : shutdown                 | MT5 shutdown complete.
2026-07-03 14:27:29 | INFO   | main_6_2_orch.py             | 82   : setup_logging            | ============================================================
2026-07-03 14:27:29 | INFO   | main_6_2_orch.py             | 83   : setup_logging            | Bot-RL-3 Starting - Listener-based, No Polling
2026-07-03 14:27:29 | INFO   | main_6_2_orch.py             | 84   : setup_logging            | ============================================================
2026-07-03 14:27:29 | INFO   | config_loader.py             | 476  : reload                   | Config loaded: E:\Bot-RL-3\f01_config\config.yaml (env prefix=BOT_)
2026-07-03 14:27:29 | INFO   | main_6_2_orch.py             | 201  : load_configuration       | Configuration loaded successfully
2026-07-03 14:27:29 | INFO   | feature_B_bootstrap.py       | 146  : build_feature_system     | function 'build_feature_system' is started
2026-07-03 14:27:29 | INFO   | config_loader.py             | 476  : reload                   | Config loaded: E:\Bot-RL-3\f01_config\config.yaml (env prefix=BOT_)
2026-07-03 14:27:29 | INFO   | main_6_2_orch.py             | 262  : _init_components         | MarketDataEngine initialized (live mode)
2026-07-03 14:27:29 | INFO   | main_6_2_orch.py             | 269  : _init_components         | DataHandler initialized and attached to EventBus
2026-07-03 14:27:29 | INFO   | main_6_2_orch.py             | 274  : _init_components         | DataHandler callback registered (listener mode)
2026-07-03 14:27:29 | INFO   | main_6_2_orch.py             | 296  : _init_components         | MT5DataLoader initialized
2026-07-03 14:27:29 | INFO   | main_6_2_orch.py             | 572  : download_historical_data | Starting historical data download...
2026-07-03 14:27:29 | INFO   | main_6_2_orch.py             | 573  : download_historical_data | Parameters: symbols=['XAUUSD_i'], timeframes=['M1', 'M2', 'M4', 'M20', 'H1', 'H4'], lookback_bars=1023
2026-07-03 14:27:29 | INFO   | mt5_connector.py             | 235  : initialize               | MT5 connected: login=52950820 server=Alpari-MT5-Demo name=Farhad Vahedkia
2026-07-03 14:27:29 | INFO   | main_6_2_orch.py             | 595  : download_historical_data | Converted date_from=2010-01-01, date_to=2026-07-03T10:57:29.591219Z
2026-07-03 14:27:29 | INFO   | mt5_connector.py             | 235  : initialize               | MT5 connected: login=52950820 server=Alpari-MT5-Demo name=Farhad Vahedkia
2026-07-03 14:27:31 | INFO   | mt5_data_loader_E.py         | 519  : run                      | TF=M1 | requested=1023 | returned=5545303 | range=2010-01-04 00:15:00+00:00 → 2026-07-03 10:57:00+00:00
2026-07-03 14:27:39 | INFO   | mt5_data_loader_E.py         | 529  : run                      | Saved: XAUUSD_i M1 → E:\Bot-RL-3\f03_data\raw\XAUUSD_i\M1.parquet (rows: +0 / total 6838661)
2026-07-03 14:27:40 | INFO   | mt5_data_loader_E.py         | 519  : run                      | TF=M2 | requested=1023 | returned=2780978 | range=2010-01-04 00:14:00+00:00 → 2026-07-03 10:56:00+00:00
2026-07-03 14:27:44 | INFO   | mt5_data_loader_E.py         | 529  : run                      | Saved: XAUUSD_i M2 → E:\Bot-RL-3\f03_data\raw\XAUUSD_i\M2.parquet (rows: +0 / total 3529345)
2026-07-03 14:27:44 | INFO   | mt5_data_loader_E.py         | 519  : run                      | TF=M4 | requested=1023 | returned=1392041 | range=2010-01-04 00:12:00+00:00 → 2026-07-03 10:56:00+00:00
2026-07-03 14:27:46 | INFO   | mt5_data_loader_E.py         | 529  : run                      | Saved: XAUUSD_i M4 → E:\Bot-RL-3\f03_data\raw\XAUUSD_i\M4.parquet (rows: +0 / total 1807814)
2026-07-03 14:27:46 | INFO   | mt5_data_loader_E.py         | 519  : run                      | TF=M20 | requested=1023 | returned=280715 | range=2010-01-04 00:00:00+00:00 → 2026-07-03 10:40:00+00:00
2026-07-03 14:27:47 | INFO   | mt5_data_loader_E.py         | 529  : run                      | Saved: XAUUSD_i M20 → E:\Bot-RL-3\f03_data\raw\XAUUSD_i\M20.parquet (rows: +0 / total 374711)
2026-07-03 14:27:47 | INFO   | mt5_data_loader_E.py         | 519  : run                      | TF=H1 | requested=1023 | returned=94274 | range=2010-01-04 00:00:00+00:00 → 2026-07-03 10:00:00+00:00
2026-07-03 14:27:47 | INFO   | mt5_data_loader_E.py         | 529  : run                      | Saved: XAUUSD_i H1 → E:\Bot-RL-3\f03_data\raw\XAUUSD_i\H1.parquet (rows: +0 / total 126170)
2026-07-03 14:27:47 | INFO   | mt5_data_loader_E.py         | 519  : run                      | TF=H4 | requested=1023 | returned=25406 | range=2010-01-04 00:00:00+00:00 → 2026-07-03 08:00:00+00:00
2026-07-03 14:27:47 | INFO   | mt5_data_loader_E.py         | 529  : run                      | Saved: XAUUSD_i H4 → E:\Bot-RL-3\f03_data\raw\XAUUSD_i\H4.parquet (rows: +0 / total 33782)
2026-07-03 14:27:47 | INFO   | mt5_connector.py             | 315  : shutdown                 | MT5 shutdown complete.
2026-07-03 14:27:47 | INFO   | main_6_2_orch.py             | 610  : download_historical_data | Downloaded: XAUUSD_i/M1 - 0 rows
2026-07-03 14:27:47 | INFO   | main_6_2_orch.py             | 610  : download_historical_data | Downloaded: XAUUSD_i/M2 - 0 rows
2026-07-03 14:27:47 | INFO   | main_6_2_orch.py             | 610  : download_historical_data | Downloaded: XAUUSD_i/M4 - 0 rows
2026-07-03 14:27:47 | INFO   | main_6_2_orch.py             | 610  : download_historical_data | Downloaded: XAUUSD_i/M20 - 0 rows
2026-07-03 14:27:47 | INFO   | main_6_2_orch.py             | 610  : download_historical_data | Downloaded: XAUUSD_i/H1 - 0 rows
2026-07-03 14:27:47 | INFO   | main_6_2_orch.py             | 610  : download_historical_data | Downloaded: XAUUSD_i/H4 - 0 rows
2026-07-03 14:27:47 | INFO   | main_6_2_orch.py             | 611  : download_historical_data | Historical data download completed
2026-07-03 14:27:47 | INFO   | mt5_connector.py             | 315  : shutdown                 | MT5 shutdown complete.
2026-07-03 14:29:17 | INFO   | main_6_2_orch.py             | 82   : setup_logging            | ============================================================
2026-07-03 14:29:17 | INFO   | main_6_2_orch.py             | 83   : setup_logging            | Bot-RL-3 Starting - Listener-based, No Polling
2026-07-03 14:29:17 | INFO   | main_6_2_orch.py             | 84   : setup_logging            | ============================================================
2026-07-03 14:29:17 | INFO   | config_loader.py             | 476  : reload                   | Config loaded: E:\Bot-RL-3\f01_config\config.yaml (env prefix=BOT_)
2026-07-03 14:29:17 | INFO   | main_6_2_orch.py             | 201  : load_configuration       | Configuration loaded successfully
2026-07-03 14:29:17 | INFO   | feature_B_bootstrap.py       | 146  : build_feature_system     | function 'build_feature_system' is started
2026-07-03 14:29:17 | INFO   | config_loader.py             | 476  : reload                   | Config loaded: E:\Bot-RL-3\f01_config\config.yaml (env prefix=BOT_)
2026-07-03 14:29:17 | INFO   | main_6_2_orch.py             | 262  : _init_components         | MarketDataEngine initialized (live mode)
2026-07-03 14:29:17 | INFO   | main_6_2_orch.py             | 269  : _init_components         | DataHandler initialized and attached to EventBus
2026-07-03 14:29:17 | INFO   | main_6_2_orch.py             | 274  : _init_components         | DataHandler callback registered (listener mode)
2026-07-03 14:29:17 | INFO   | main_6_2_orch.py             | 296  : _init_components         | MT5DataLoader initialized
2026-07-03 14:29:17 | INFO   | main_6_2_orch.py             | 572  : download_historical_data | Starting historical data download...
2026-07-03 14:29:17 | INFO   | main_6_2_orch.py             | 573  : download_historical_data | Parameters: symbols=['XAUUSD_i'], timeframes=['M1', 'M2', 'M4', 'M20', 'H1', 'H4'], lookback_bars=1023
2026-07-03 14:29:17 | INFO   | mt5_connector.py             | 235  : initialize               | MT5 connected: login=52950820 server=Alpari-MT5-Demo name=Farhad Vahedkia
2026-07-03 14:29:17 | INFO   | main_6_2_orch.py             | 595  : download_historical_data | Converted date_from=2010-01-01, date_to=2026-07-03T10:59:17.889164Z
2026-07-03 14:29:17 | INFO   | mt5_connector.py             | 235  : initialize               | MT5 connected: login=52950820 server=Alpari-MT5-Demo name=Farhad Vahedkia
2026-07-03 14:29:19 | INFO   | mt5_data_loader_E.py         | 519  : run                      | TF=M1 | requested=1023 | returned=5545305 | range=2010-01-04 00:15:00+00:00 → 2026-07-03 10:59:00+00:00
2026-07-03 14:29:27 | INFO   | mt5_data_loader_E.py         | 529  : run                      | Saved: XAUUSD_i M1 → E:\Bot-RL-3\f03_data\raw\XAUUSD_i\M1.parquet (rows: +0 / total 6838661)
2026-07-03 14:29:28 | INFO   | mt5_data_loader_E.py         | 519  : run                      | TF=M2 | requested=1023 | returned=2780979 | range=2010-01-04 00:14:00+00:00 → 2026-07-03 10:58:00+00:00
2026-07-03 14:29:32 | INFO   | mt5_data_loader_E.py         | 529  : run                      | Saved: XAUUSD_i M2 → E:\Bot-RL-3\f03_data\raw\XAUUSD_i\M2.parquet (rows: +0 / total 3529345)
2026-07-03 14:29:32 | INFO   | mt5_data_loader_E.py         | 519  : run                      | TF=M4 | requested=1023 | returned=1392041 | range=2010-01-04 00:12:00+00:00 → 2026-07-03 10:56:00+00:00
2026-07-03 14:29:34 | INFO   | mt5_data_loader_E.py         | 529  : run                      | Saved: XAUUSD_i M4 → E:\Bot-RL-3\f03_data\raw\XAUUSD_i\M4.parquet (rows: +0 / total 1807814)
2026-07-03 14:29:34 | INFO   | mt5_data_loader_E.py         | 519  : run                      | TF=M20 | requested=1023 | returned=280715 | range=2010-01-04 00:00:00+00:00 → 2026-07-03 10:40:00+00:00
2026-07-03 14:29:34 | INFO   | mt5_data_loader_E.py         | 529  : run                      | Saved: XAUUSD_i M20 → E:\Bot-RL-3\f03_data\raw\XAUUSD_i\M20.parquet (rows: +0 / total 374711)
2026-07-03 14:29:34 | INFO   | mt5_data_loader_E.py         | 519  : run                      | TF=H1 | requested=1023 | returned=94274 | range=2010-01-04 00:00:00+00:00 → 2026-07-03 10:00:00+00:00
2026-07-03 14:29:34 | INFO   | mt5_data_loader_E.py         | 529  : run                      | Saved: XAUUSD_i H1 → E:\Bot-RL-3\f03_data\raw\XAUUSD_i\H1.parquet (rows: +0 / total 126170)
2026-07-03 14:29:34 | INFO   | mt5_data_loader_E.py         | 519  : run                      | TF=H4 | requested=1023 | returned=25406 | range=2010-01-04 00:00:00+00:00 → 2026-07-03 08:00:00+00:00
2026-07-03 14:29:35 | INFO   | mt5_data_loader_E.py         | 529  : run                      | Saved: XAUUSD_i H4 → E:\Bot-RL-3\f03_data\raw\XAUUSD_i\H4.parquet (rows: +0 / total 33782)
2026-07-03 14:29:35 | INFO   | mt5_connector.py             | 315  : shutdown                 | MT5 shutdown complete.
2026-07-03 14:29:35 | INFO   | main_6_2_orch.py             | 610  : download_historical_data | Downloaded: XAUUSD_i/M1 - 0 rows
2026-07-03 14:29:35 | INFO   | main_6_2_orch.py             | 610  : download_historical_data | Downloaded: XAUUSD_i/M2 - 0 rows
2026-07-03 14:29:35 | INFO   | main_6_2_orch.py             | 610  : download_historical_data | Downloaded: XAUUSD_i/M4 - 0 rows
2026-07-03 14:29:35 | INFO   | main_6_2_orch.py             | 610  : download_historical_data | Downloaded: XAUUSD_i/M20 - 0 rows
2026-07-03 14:29:35 | INFO   | main_6_2_orch.py             | 610  : download_historical_data | Downloaded: XAUUSD_i/H1 - 0 rows
2026-07-03 14:29:35 | INFO   | main_6_2_orch.py             | 610  : download_historical_data | Downloaded: XAUUSD_i/H4 - 0 rows
2026-07-03 14:29:35 | INFO   | main_6_2_orch.py             | 611  : download_historical_data | Historical data download completed
2026-07-03 14:29:35 | INFO   | mt5_connector.py             | 315  : shutdown                 | MT5 shutdown complete.
2026-07-03 14:31:08 | INFO   | main_6_2_orch.py             | 82   : setup_logging            | ============================================================
2026-07-03 14:31:08 | INFO   | main_6_2_orch.py             | 83   : setup_logging            | Bot-RL-3 Starting - Listener-based, No Polling
2026-07-03 14:31:08 | INFO   | main_6_2_orch.py             | 84   : setup_logging            | ============================================================
2026-07-03 14:31:08 | INFO   | config_loader.py             | 476  : reload                   | Config loaded: E:\Bot-RL-3\f01_config\config.yaml (env prefix=BOT_)
2026-07-03 14:31:08 | INFO   | main_6_2_orch.py             | 201  : load_configuration       | Configuration loaded successfully
2026-07-03 14:31:08 | INFO   | feature_B_bootstrap.py       | 146  : build_feature_system     | function 'build_feature_system' is started
2026-07-03 14:31:08 | INFO   | config_loader.py             | 476  : reload                   | Config loaded: E:\Bot-RL-3\f01_config\config.yaml (env prefix=BOT_)
2026-07-03 14:31:08 | INFO   | main_6_2_orch.py             | 262  : _init_components         | MarketDataEngine initialized (live mode)
2026-07-03 14:31:08 | INFO   | main_6_2_orch.py             | 269  : _init_components         | DataHandler initialized and attached to EventBus
2026-07-03 14:31:08 | INFO   | main_6_2_orch.py             | 274  : _init_components         | DataHandler callback registered (listener mode)
2026-07-03 14:31:08 | INFO   | main_6_2_orch.py             | 296  : _init_components         | MT5DataLoader initialized
2026-07-03 14:31:08 | INFO   | main_6_2_orch.py             | 572  : download_historical_data | Starting historical data download...
2026-07-03 14:31:08 | INFO   | main_6_2_orch.py             | 573  : download_historical_data | Parameters: symbols=['XAUUSD_i'], timeframes=['M1', 'M2', 'M4', 'M20', 'H1', 'H4'], lookback_bars=1023
2026-07-03 14:31:08 | INFO   | mt5_connector.py             | 235  : initialize               | MT5 connected: login=52950820 server=Alpari-MT5-Demo name=Farhad Vahedkia
2026-07-03 14:31:08 | INFO   | main_6_2_orch.py             | 595  : download_historical_data | Converted date_from=2010-01-01, date_to=2026-07-03T11:01:08.379858Z
2026-07-03 14:31:08 | INFO   | mt5_connector.py             | 235  : initialize               | MT5 connected: login=52950820 server=Alpari-MT5-Demo name=Farhad Vahedkia
2026-07-03 14:31:09 | INFO   | mt5_data_loader_E.py         | 519  : run                      | TF=M1 | requested=1023 | returned=5545307 | range=2010-01-04 00:15:00+00:00 → 2026-07-03 11:01:00+00:00
2026-07-03 14:31:17 | INFO   | mt5_data_loader_E.py         | 529  : run                      | Saved: XAUUSD_i M1 → E:\Bot-RL-3\f03_data\raw\XAUUSD_i\M1.parquet (rows: +0 / total 6838661)
2026-07-03 14:31:18 | INFO   | mt5_data_loader_E.py         | 519  : run                      | TF=M2 | requested=1023 | returned=2780980 | range=2010-01-04 00:14:00+00:00 → 2026-07-03 11:00:00+00:00
2026-07-03 14:31:22 | INFO   | mt5_data_loader_E.py         | 529  : run                      | Saved: XAUUSD_i M2 → E:\Bot-RL-3\f03_data\raw\XAUUSD_i\M2.parquet (rows: +0 / total 3529345)
2026-07-03 14:31:22 | INFO   | mt5_data_loader_E.py         | 519  : run                      | TF=M4 | requested=1023 | returned=1392042 | range=2010-01-04 00:12:00+00:00 → 2026-07-03 11:00:00+00:00
2026-07-03 14:31:24 | INFO   | mt5_data_loader_E.py         | 529  : run                      | Saved: XAUUSD_i M4 → E:\Bot-RL-3\f03_data\raw\XAUUSD_i\M4.parquet (rows: +0 / total 1807814)
2026-07-03 14:31:24 | INFO   | mt5_data_loader_E.py         | 519  : run                      | TF=M20 | requested=1023 | returned=280716 | range=2010-01-04 00:00:00+00:00 → 2026-07-03 11:00:00+00:00
2026-07-03 14:31:25 | INFO   | mt5_data_loader_E.py         | 529  : run                      | Saved: XAUUSD_i M20 → E:\Bot-RL-3\f03_data\raw\XAUUSD_i\M20.parquet (rows: +0 / total 374711)
2026-07-03 14:31:25 | INFO   | mt5_data_loader_E.py         | 519  : run                      | TF=H1 | requested=1023 | returned=94275 | range=2010-01-04 00:00:00+00:00 → 2026-07-03 11:00:00+00:00
2026-07-03 14:31:25 | INFO   | mt5_data_loader_E.py         | 529  : run                      | Saved: XAUUSD_i H1 → E:\Bot-RL-3\f03_data\raw\XAUUSD_i\H1.parquet (rows: +0 / total 126170)
2026-07-03 14:31:25 | INFO   | mt5_data_loader_E.py         | 519  : run                      | TF=H4 | requested=1023 | returned=25406 | range=2010-01-04 00:00:00+00:00 → 2026-07-03 08:00:00+00:00
2026-07-03 14:31:25 | INFO   | mt5_data_loader_E.py         | 529  : run                      | Saved: XAUUSD_i H4 → E:\Bot-RL-3\f03_data\raw\XAUUSD_i\H4.parquet (rows: +0 / total 33782)
2026-07-03 14:31:25 | INFO   | mt5_connector.py             | 315  : shutdown                 | MT5 shutdown complete.
2026-07-03 14:31:25 | INFO   | main_6_2_orch.py             | 610  : download_historical_data | Downloaded: XAUUSD_i/M1 - 0 rows
2026-07-03 14:31:25 | INFO   | main_6_2_orch.py             | 610  : download_historical_data | Downloaded: XAUUSD_i/M2 - 0 rows
2026-07-03 14:31:25 | INFO   | main_6_2_orch.py             | 610  : download_historical_data | Downloaded: XAUUSD_i/M4 - 0 rows
2026-07-03 14:31:25 | INFO   | main_6_2_orch.py             | 610  : download_historical_data | Downloaded: XAUUSD_i/M20 - 0 rows
2026-07-03 14:31:25 | INFO   | main_6_2_orch.py             | 610  : download_historical_data | Downloaded: XAUUSD_i/H1 - 0 rows
2026-07-03 14:31:25 | INFO   | main_6_2_orch.py             | 610  : download_historical_data | Downloaded: XAUUSD_i/H4 - 0 rows
2026-07-03 14:31:25 | INFO   | main_6_2_orch.py             | 611  : download_historical_data | Historical data download completed
2026-07-03 14:31:25 | INFO   | mt5_connector.py             | 315  : shutdown                 | MT5 shutdown complete.
2026-07-03 18:08:05 | INFO   | main_6_2_orch.py             | 82   : setup_logging            | ============================================================
2026-07-03 18:08:05 | INFO   | main_6_2_orch.py             | 83   : setup_logging            | Bot-RL-3 Starting - Listener-based, No Polling
2026-07-03 18:08:05 | INFO   | main_6_2_orch.py             | 84   : setup_logging            | ============================================================
2026-07-03 18:08:05 | INFO   | config_loader.py             | 476  : reload                   | Config loaded: E:\Bot-RL-3\f01_config\config.yaml (env prefix=BOT_)
2026-07-03 18:08:05 | INFO   | main_6_2_orch.py             | 201  : load_configuration       | Configuration loaded successfully
2026-07-03 18:08:05 | INFO   | feature_B_bootstrap.py       | 146  : build_feature_system     | function 'build_feature_system' is started
2026-07-03 18:08:05 | INFO   | config_loader.py             | 476  : reload                   | Config loaded: E:\Bot-RL-3\f01_config\config.yaml (env prefix=BOT_)
2026-07-03 18:08:05 | INFO   | main_6_2_orch.py             | 262  : _init_components         | MarketDataEngine initialized (live mode)
2026-07-03 18:08:05 | INFO   | main_6_2_orch.py             | 269  : _init_components         | DataHandler initialized and attached to EventBus
2026-07-03 18:08:05 | INFO   | main_6_2_orch.py             | 274  : _init_components         | DataHandler callback registered (listener mode)
2026-07-03 18:08:05 | INFO   | main_6_2_orch.py             | 296  : _init_components         | MT5DataLoader initialized
2026-07-03 18:08:05 | INFO   | main_6_2_orch.py             | 572  : download_historical_data | Starting historical data download...
2026-07-03 18:08:05 | INFO   | main_6_2_orch.py             | 573  : download_historical_data | Parameters: symbols=['XAUUSD_i'], timeframes=['M1', 'M2', 'M4', 'M20', 'H1', 'H4'], lookback_bars=1023
2026-07-03 18:08:34 | INFO   | mt5_connector.py             | 235  : initialize               | MT5 connected: login=52950820 server=Alpari-MT5-Demo name=Farhad Vahedkia
2026-07-03 18:08:34 | INFO   | main_6_2_orch.py             | 595  : download_historical_data | Converted date_from=2010-01-01, date_to=2026-07-03T14:38:34.514912Z
2026-07-03 18:08:34 | INFO   | mt5_connector.py             | 235  : initialize               | MT5 connected: login=52950820 server=Alpari-MT5-Demo name=Farhad Vahedkia
2026-07-03 18:08:36 | INFO   | mt5_data_loader_E.py         | 520  : run                      | TF=M1 | requested=1023 | returned=5545524 | range=2010-01-04 00:15:00+00:00 → 2026-07-03 14:38:00+00:00
2026-07-03 18:08:47 | INFO   | mt5_data_loader_E.py         | 530  : run                      | Saved: XAUUSD_i M1 → E:\Bot-RL-3\f03_data\raw\XAUUSD_i\M1.parquet (rows: +137 / total 6838798)
2026-07-03 18:08:48 | INFO   | mt5_data_loader_E.py         | 520  : run                      | TF=M2 | requested=1023 | returned=2781089 | range=2010-01-04 00:14:00+00:00 → 2026-07-03 14:38:00+00:00
2026-07-03 18:08:52 | INFO   | mt5_data_loader_E.py         | 530  : run                      | Saved: XAUUSD_i M2 → E:\Bot-RL-3\f03_data\raw\XAUUSD_i\M2.parquet (rows: +69 / total 3529414)
2026-07-03 18:08:52 | INFO   | mt5_data_loader_E.py         | 520  : run                      | TF=M4 | requested=1023 | returned=1392096 | range=2010-01-04 00:12:00+00:00 → 2026-07-03 14:36:00+00:00
2026-07-03 18:08:54 | INFO   | mt5_data_loader_E.py         | 530  : run                      | Saved: XAUUSD_i M4 → E:\Bot-RL-3\f03_data\raw\XAUUSD_i\M4.parquet (rows: +34 / total 1807848)
2026-07-03 18:08:54 | INFO   | mt5_data_loader_E.py         | 520  : run                      | TF=M20 | requested=1023 | returned=280726 | range=2010-01-04 00:00:00+00:00 → 2026-07-03 14:20:00+00:00
2026-07-03 18:08:55 | INFO   | mt5_data_loader_E.py         | 530  : run                      | Saved: XAUUSD_i M20 → E:\Bot-RL-3\f03_data\raw\XAUUSD_i\M20.parquet (rows: +6 / total 374717)
2026-07-03 18:08:55 | INFO   | mt5_data_loader_E.py         | 520  : run                      | TF=H1 | requested=1023 | returned=94278 | range=2010-01-04 00:00:00+00:00 → 2026-07-03 14:00:00+00:00
2026-07-03 18:08:55 | INFO   | mt5_data_loader_E.py         | 530  : run                      | Saved: XAUUSD_i H1 → E:\Bot-RL-3\f03_data\raw\XAUUSD_i\H1.parquet (rows: +2 / total 126172)
2026-07-03 18:08:55 | INFO   | mt5_data_loader_E.py         | 520  : run                      | TF=H4 | requested=1023 | returned=25407 | range=2010-01-04 00:00:00+00:00 → 2026-07-03 12:00:00+00:00
2026-07-03 18:08:55 | INFO   | mt5_data_loader_E.py         | 530  : run                      | Saved: XAUUSD_i H4 → E:\Bot-RL-3\f03_data\raw\XAUUSD_i\H4.parquet (rows: +0 / total 33782)
2026-07-03 18:08:55 | INFO   | mt5_connector.py             | 315  : shutdown                 | MT5 shutdown complete.
2026-07-03 18:08:55 | INFO   | main_6_2_orch.py             | 610  : download_historical_data | Downloaded: XAUUSD_i/M1 - 137 rows
2026-07-03 18:08:55 | INFO   | main_6_2_orch.py             | 610  : download_historical_data | Downloaded: XAUUSD_i/M2 - 69 rows
2026-07-03 18:08:55 | INFO   | main_6_2_orch.py             | 610  : download_historical_data | Downloaded: XAUUSD_i/M4 - 34 rows
2026-07-03 18:08:55 | INFO   | main_6_2_orch.py             | 610  : download_historical_data | Downloaded: XAUUSD_i/M20 - 6 rows
2026-07-03 18:08:55 | INFO   | main_6_2_orch.py             | 610  : download_historical_data | Downloaded: XAUUSD_i/H1 - 2 rows
2026-07-03 18:08:55 | INFO   | main_6_2_orch.py             | 610  : download_historical_data | Downloaded: XAUUSD_i/H4 - 0 rows
2026-07-03 18:08:55 | INFO   | main_6_2_orch.py             | 611  : download_historical_data | Historical data download completed
2026-07-03 18:08:55 | INFO   | mt5_connector.py             | 315  : shutdown                 | MT5 shutdown complete.
2026-07-03 18:19:42 | INFO   | main_6_2_orch.py             | 82   : setup_logging            | ============================================================
2026-07-03 18:19:42 | INFO   | main_6_2_orch.py             | 83   : setup_logging            | Bot-RL-3 Starting - Listener-based, No Polling
2026-07-03 18:19:42 | INFO   | main_6_2_orch.py             | 84   : setup_logging            | ============================================================
2026-07-03 18:19:42 | DEBUG  | config_loader.py             | 259  : recurse                  | ENV override connection.mt5_credentials.login (BOT_CONNECTION_MT5_CREDENTIALS_LOGIN) = 52950820
2026-07-03 18:19:42 | DEBUG  | config_loader.py             | 259  : recurse                  | ENV override connection.mt5_credentials.password (BOT_CONNECTION_MT5_CREDENTIALS_PASSWORD) = '99%BeginNika88%'
2026-07-03 18:19:42 | DEBUG  | config_loader.py             | 259  : recurse                  | ENV override connection.mt5_credentials.server (BOT_CONNECTION_MT5_CREDENTIALS_SERVER) = 'Alpari-MT5-Demo'
2026-07-03 18:19:42 | INFO   | config_loader.py             | 476  : reload                   | Config loaded: E:\Bot-RL-3\f01_config\config.yaml (env prefix=BOT_)
2026-07-03 18:19:42 | INFO   | main_6_2_orch.py             | 201  : load_configuration       | Configuration loaded successfully
2026-07-03 18:19:42 | INFO   | feature_B_bootstrap.py       | 146  : build_feature_system     | function 'build_feature_system' is started
2026-07-03 18:19:42 | DEBUG  | config_loader.py             | 259  : recurse                  | ENV override connection.mt5_credentials.login (BOT_CONNECTION_MT5_CREDENTIALS_LOGIN) = 52950820
2026-07-03 18:19:42 | DEBUG  | config_loader.py             | 259  : recurse                  | ENV override connection.mt5_credentials.password (BOT_CONNECTION_MT5_CREDENTIALS_PASSWORD) = '99%BeginNika88%'
2026-07-03 18:19:42 | DEBUG  | config_loader.py             | 259  : recurse                  | ENV override connection.mt5_credentials.server (BOT_CONNECTION_MT5_CREDENTIALS_SERVER) = 'Alpari-MT5-Demo'
2026-07-03 18:19:42 | INFO   | config_loader.py             | 476  : reload                   | Config loaded: E:\Bot-RL-3\f01_config\config.yaml (env prefix=BOT_)
2026-07-03 18:19:42 | DEBUG  | parser.py                    | 244  : parse_spec               | parse_spec: sma(column='close',period=20)@M4 -> ParsedSpec(name='sma', args=[], kwargs={'column': 'close', 'period': 20}, timeframe='M4', raw="sma(column='close',period=20)@M4")
2026-07-03 18:19:42 | DEBUG  | parser.py                    | 244  : parse_spec               | parse_spec: sma(column='close',period=20)@M2 -> ParsedSpec(name='sma', args=[], kwargs={'column': 'close', 'period': 20}, timeframe='M2', raw="sma(column='close',period=20)@M2")
2026-07-03 18:19:42 | DEBUG  | parser.py                    | 244  : parse_spec               | parse_spec: sma(column='close',period=20)@M1 -> ParsedSpec(name='sma', args=[], kwargs={'column': 'close', 'period': 20}, timeframe='M1', raw="sma(column='close',period=20)@M1")
2026-07-03 18:19:42 | INFO   | main_6_2_orch.py             | 262  : _init_components         | MarketDataEngine initialized (live mode)
2026-07-03 18:19:42 | DEBUG  | parser.py                    | 244  : parse_spec               | parse_spec: sma(column='close',period=20)@M4 -> ParsedSpec(name='sma', args=[], kwargs={'column': 'close', 'period': 20}, timeframe='M4', raw="sma(column='close',period=20)@M4")
2026-07-03 18:19:42 | DEBUG  | parser.py                    | 244  : parse_spec               | parse_spec: sma(column='close',period=20)@M2 -> ParsedSpec(name='sma', args=[], kwargs={'column': 'close', 'period': 20}, timeframe='M2', raw="sma(column='close',period=20)@M2")
2026-07-03 18:19:42 | DEBUG  | parser.py                    | 244  : parse_spec               | parse_spec: sma(column='close',period=20)@M1 -> ParsedSpec(name='sma', args=[], kwargs={'column': 'close', 'period': 20}, timeframe='M1', raw="sma(column='close',period=20)@M1")
2026-07-03 18:19:42 | INFO   | main_6_2_orch.py             | 269  : _init_components         | DataHandler initialized and attached to EventBus
2026-07-03 18:19:42 | INFO   | main_6_2_orch.py             | 274  : _init_components         | DataHandler callback registered (listener mode)
2026-07-03 18:19:42 | INFO   | main_6_2_orch.py             | 296  : _init_components         | MT5DataLoader initialized
2026-07-03 18:19:42 | INFO   | main_6_2_orch.py             | 572  : download_historical_data | Starting historical data download...
2026-07-03 18:19:42 | INFO   | main_6_2_orch.py             | 573  : download_historical_data | Parameters: symbols=['XAUUSD_i'], timeframes=['M1', 'M2', 'M4', 'M20', 'H1', 'H4'], lookback_bars=1023
2026-07-03 18:19:42 | INFO   | mt5_connector.py             | 235  : initialize               | MT5 connected: login=52950820 server=Alpari-MT5-Demo name=Farhad Vahedkia
2026-07-03 18:19:42 | DEBUG  | mt5_connector.py             | 345  : _auto_select_symbols     | Symbol selected: XAUUSD_i
2026-07-03 18:19:42 | INFO   | main_6_2_orch.py             | 595  : download_historical_data | Converted date_from=2010-01-01, date_to=2026-07-03T14:49:42.853049Z
2026-07-03 18:19:42 | INFO   | mt5_connector.py             | 235  : initialize               | MT5 connected: login=52950820 server=Alpari-MT5-Demo name=Farhad Vahedkia
2026-07-03 18:19:42 | DEBUG  | mt5_connector.py             | 345  : _auto_select_symbols     | Symbol selected: XAUUSD_i
2026-07-03 18:19:43 | DEBUG  | mt5_data_loader_E.py         | 375  : _fetch_candles           | type of DF is <class 'pandas.core.frame.DataFrame'>
2026-07-03 18:19:43 | DEBUG  | mt5_data_loader_E.py         | 376  : _fetch_candles           | Columns of DF are: Index(['open', 'high', 'low', 'close', 'volume', 'spread'], dtype='object')
2026-07-03 18:19:43 | DEBUG  | mt5_data_loader_E.py         | 377  : _fetch_candles           | Len of DF is: 5545535
2026-07-03 18:19:43 | DEBUG  | mt5_data_loader_E.py         | 508  : run                      | if df after "_fetch_candles" is a pd.DataFrame: True
2026-07-03 18:19:43 | DEBUG  | mt5_data_loader_E.py         | 156  : _normalize_df            | starting "_normalize_df" function
2026-07-03 18:19:43 | DEBUG  | mt5_data_loader_E.py         | 165  : _normalize_df            | columns of df at end of part 1 is : ['open', 'high', 'low', 'close', 'volume', 'spread']
2026-07-03 18:19:43 | DEBUG  | mt5_data_loader_E.py         | 171  : _normalize_df            | columns of df at end of part 2 is : ['open', 'high', 'low', 'close', 'volume', 'spread']
2026-07-03 18:19:44 | DEBUG  | mt5_data_loader_E.py         | 512  : run                      | if df after "_normalize_df" is a pd.DataFrame: True
2026-07-03 18:19:44 | INFO   | mt5_data_loader_E.py         | 520  : run                      | TF=M1 | requested=1023 | returned=5545535 | range=2010-01-04 00:15:00+00:00 → 2026-07-03 14:49:00+00:00
2026-07-03 18:19:44 | DEBUG  | mt5_data_loader_E.py         | 156  : _normalize_df            | starting "_normalize_df" function
2026-07-03 18:19:44 | DEBUG  | mt5_data_loader_E.py         | 165  : _normalize_df            | columns of df at end of part 1 is : ['open', 'high', 'low', 'close', 'volume', 'spread']
2026-07-03 18:19:44 | DEBUG  | mt5_data_loader_E.py         | 171  : _normalize_df            | columns of df at end of part 2 is : ['open', 'high', 'low', 'close', 'volume', 'spread']
2026-07-03 18:19:45 | DEBUG  | mt5_data_loader_E.py         | 156  : _normalize_df            | starting "_normalize_df" function
2026-07-03 18:19:45 | DEBUG  | mt5_data_loader_E.py         | 165  : _normalize_df            | columns of df at end of part 1 is : ['open', 'high', 'low', 'close', 'volume', 'spread']
2026-07-03 18:19:45 | DEBUG  | mt5_data_loader_E.py         | 171  : _normalize_df            | columns of df at end of part 2 is : ['open', 'high', 'low', 'close', 'volume', 'spread']
2026-07-03 18:19:52 | INFO   | mt5_data_loader_E.py         | 530  : run                      | Saved: XAUUSD_i M1 → E:\Bot-RL-3\f03_data\raw\XAUUSD_i\M1.parquet (rows: +11 / total 6838809)
2026-07-03 18:19:53 | DEBUG  | mt5_data_loader_E.py         | 375  : _fetch_candles           | type of DF is <class 'pandas.core.frame.DataFrame'>
2026-07-03 18:19:53 | DEBUG  | mt5_data_loader_E.py         | 376  : _fetch_candles           | Columns of DF are: Index(['open', 'high', 'low', 'close', 'volume', 'spread'], dtype='object')
2026-07-03 18:19:53 | DEBUG  | mt5_data_loader_E.py         | 377  : _fetch_candles           | Len of DF is: 2781094
2026-07-03 18:19:53 | DEBUG  | mt5_data_loader_E.py         | 508  : run                      | if df after "_fetch_candles" is a pd.DataFrame: True
2026-07-03 18:19:53 | DEBUG  | mt5_data_loader_E.py         | 156  : _normalize_df            | starting "_normalize_df" function
2026-07-03 18:19:53 | DEBUG  | mt5_data_loader_E.py         | 165  : _normalize_df            | columns of df at end of part 1 is : ['open', 'high', 'low', 'close', 'volume', 'spread']
2026-07-03 18:19:53 | DEBUG  | mt5_data_loader_E.py         | 171  : _normalize_df            | columns of df at end of part 2 is : ['open', 'high', 'low', 'close', 'volume', 'spread']
2026-07-03 18:19:53 | DEBUG  | mt5_data_loader_E.py         | 512  : run                      | if df after "_normalize_df" is a pd.DataFrame: True
2026-07-03 18:19:53 | INFO   | mt5_data_loader_E.py         | 520  : run                      | TF=M2 | requested=1023 | returned=2781094 | range=2010-01-04 00:14:00+00:00 → 2026-07-03 14:48:00+00:00
2026-07-03 18:19:53 | DEBUG  | mt5_data_loader_E.py         | 156  : _normalize_df            | starting "_normalize_df" function
2026-07-03 18:19:53 | DEBUG  | mt5_data_loader_E.py         | 165  : _normalize_df            | columns of df at end of part 1 is : ['open', 'high', 'low', 'close', 'volume', 'spread']
2026-07-03 18:19:53 | DEBUG  | mt5_data_loader_E.py         | 171  : _normalize_df            | columns of df at end of part 2 is : ['open', 'high', 'low', 'close', 'volume', 'spread']
2026-07-03 18:19:54 | DEBUG  | mt5_data_loader_E.py         | 156  : _normalize_df            | starting "_normalize_df" function
2026-07-03 18:19:54 | DEBUG  | mt5_data_loader_E.py         | 165  : _normalize_df            | columns of df at end of part 1 is : ['open', 'high', 'low', 'close', 'volume', 'spread']
2026-07-03 18:19:54 | DEBUG  | mt5_data_loader_E.py         | 171  : _normalize_df            | columns of df at end of part 2 is : ['open', 'high', 'low', 'close', 'volume', 'spread']
2026-07-03 18:19:57 | INFO   | mt5_data_loader_E.py         | 530  : run                      | Saved: XAUUSD_i M2 → E:\Bot-RL-3\f03_data\raw\XAUUSD_i\M2.parquet (rows: +5 / total 3529419)
2026-07-03 18:19:57 | DEBUG  | mt5_data_loader_E.py         | 375  : _fetch_candles           | type of DF is <class 'pandas.core.frame.DataFrame'>
2026-07-03 18:19:57 | DEBUG  | mt5_data_loader_E.py         | 376  : _fetch_candles           | Columns of DF are: Index(['open', 'high', 'low', 'close', 'volume', 'spread'], dtype='object')
2026-07-03 18:19:57 | DEBUG  | mt5_data_loader_E.py         | 377  : _fetch_candles           | Len of DF is: 1392099
2026-07-03 18:19:57 | DEBUG  | mt5_data_loader_E.py         | 508  : run                      | if df after "_fetch_candles" is a pd.DataFrame: True
2026-07-03 18:19:57 | DEBUG  | mt5_data_loader_E.py         | 156  : _normalize_df            | starting "_normalize_df" function
2026-07-03 18:19:57 | DEBUG  | mt5_data_loader_E.py         | 165  : _normalize_df            | columns of df at end of part 1 is : ['open', 'high', 'low', 'close', 'volume', 'spread']
2026-07-03 18:19:57 | DEBUG  | mt5_data_loader_E.py         | 171  : _normalize_df            | columns of df at end of part 2 is : ['open', 'high', 'low', 'close', 'volume', 'spread']
2026-07-03 18:19:57 | DEBUG  | mt5_data_loader_E.py         | 512  : run                      | if df after "_normalize_df" is a pd.DataFrame: True
2026-07-03 18:19:57 | INFO   | mt5_data_loader_E.py         | 520  : run                      | TF=M4 | requested=1023 | returned=1392099 | range=2010-01-04 00:12:00+00:00 → 2026-07-03 14:48:00+00:00
2026-07-03 18:19:58 | DEBUG  | mt5_data_loader_E.py         | 156  : _normalize_df            | starting "_normalize_df" function
2026-07-03 18:19:58 | DEBUG  | mt5_data_loader_E.py         | 165  : _normalize_df            | columns of df at end of part 1 is : ['open', 'high', 'low', 'close', 'volume', 'spread']
2026-07-03 18:19:58 | DEBUG  | mt5_data_loader_E.py         | 171  : _normalize_df            | columns of df at end of part 2 is : ['open', 'high', 'low', 'close', 'volume', 'spread']
2026-07-03 18:19:58 | DEBUG  | mt5_data_loader_E.py         | 156  : _normalize_df            | starting "_normalize_df" function
2026-07-03 18:19:58 | DEBUG  | mt5_data_loader_E.py         | 165  : _normalize_df            | columns of df at end of part 1 is : ['open', 'high', 'low', 'close', 'volume', 'spread']
2026-07-03 18:19:58 | DEBUG  | mt5_data_loader_E.py         | 171  : _normalize_df            | columns of df at end of part 2 is : ['open', 'high', 'low', 'close', 'volume', 'spread']
2026-07-03 18:19:59 | INFO   | mt5_data_loader_E.py         | 530  : run                      | Saved: XAUUSD_i M4 → E:\Bot-RL-3\f03_data\raw\XAUUSD_i\M4.parquet (rows: +3 / total 1807851)
2026-07-03 18:20:00 | DEBUG  | mt5_data_loader_E.py         | 375  : _fetch_candles           | type of DF is <class 'pandas.core.frame.DataFrame'>
2026-07-03 18:20:00 | DEBUG  | mt5_data_loader_E.py         | 376  : _fetch_candles           | Columns of DF are: Index(['open', 'high', 'low', 'close', 'volume', 'spread'], dtype='object')
2026-07-03 18:20:00 | DEBUG  | mt5_data_loader_E.py         | 377  : _fetch_candles           | Len of DF is: 280727
2026-07-03 18:20:00 | DEBUG  | mt5_data_loader_E.py         | 508  : run                      | if df after "_fetch_candles" is a pd.DataFrame: True
2026-07-03 18:20:00 | DEBUG  | mt5_data_loader_E.py         | 156  : _normalize_df            | starting "_normalize_df" function
2026-07-03 18:20:00 | DEBUG  | mt5_data_loader_E.py         | 165  : _normalize_df            | columns of df at end of part 1 is : ['open', 'high', 'low', 'close', 'volume', 'spread']
2026-07-03 18:20:00 | DEBUG  | mt5_data_loader_E.py         | 171  : _normalize_df            | columns of df at end of part 2 is : ['open', 'high', 'low', 'close', 'volume', 'spread']
2026-07-03 18:20:00 | DEBUG  | mt5_data_loader_E.py         | 512  : run                      | if df after "_normalize_df" is a pd.DataFrame: True
2026-07-03 18:20:00 | INFO   | mt5_data_loader_E.py         | 520  : run                      | TF=M20 | requested=1023 | returned=280727 | range=2010-01-04 00:00:00+00:00 → 2026-07-03 14:40:00+00:00
2026-07-03 18:20:00 | DEBUG  | mt5_data_loader_E.py         | 156  : _normalize_df            | starting "_normalize_df" function
2026-07-03 18:20:00 | DEBUG  | mt5_data_loader_E.py         | 165  : _normalize_df            | columns of df at end of part 1 is : ['open', 'high', 'low', 'close', 'volume', 'spread']
2026-07-03 18:20:00 | DEBUG  | mt5_data_loader_E.py         | 171  : _normalize_df            | columns of df at end of part 2 is : ['open', 'high', 'low', 'close', 'volume', 'spread']
2026-07-03 18:20:00 | DEBUG  | mt5_data_loader_E.py         | 156  : _normalize_df            | starting "_normalize_df" function
2026-07-03 18:20:00 | DEBUG  | mt5_data_loader_E.py         | 165  : _normalize_df            | columns of df at end of part 1 is : ['open', 'high', 'low', 'close', 'volume', 'spread']
2026-07-03 18:20:00 | DEBUG  | mt5_data_loader_E.py         | 171  : _normalize_df            | columns of df at end of part 2 is : ['open', 'high', 'low', 'close', 'volume', 'spread']
2026-07-03 18:20:00 | INFO   | mt5_data_loader_E.py         | 530  : run                      | Saved: XAUUSD_i M20 → E:\Bot-RL-3\f03_data\raw\XAUUSD_i\M20.parquet (rows: +1 / total 374718)
2026-07-03 18:20:00 | DEBUG  | mt5_data_loader_E.py         | 375  : _fetch_candles           | type of DF is <class 'pandas.core.frame.DataFrame'>
2026-07-03 18:20:00 | DEBUG  | mt5_data_loader_E.py         | 376  : _fetch_candles           | Columns of DF are: Index(['open', 'high', 'low', 'close', 'volume', 'spread'], dtype='object')
2026-07-03 18:20:00 | DEBUG  | mt5_data_loader_E.py         | 377  : _fetch_candles           | Len of DF is: 94278
2026-07-03 18:20:00 | DEBUG  | mt5_data_loader_E.py         | 508  : run                      | if df after "_fetch_candles" is a pd.DataFrame: True
2026-07-03 18:20:00 | DEBUG  | mt5_data_loader_E.py         | 156  : _normalize_df            | starting "_normalize_df" function
2026-07-03 18:20:00 | DEBUG  | mt5_data_loader_E.py         | 165  : _normalize_df            | columns of df at end of part 1 is : ['open', 'high', 'low', 'close', 'volume', 'spread']
2026-07-03 18:20:00 | DEBUG  | mt5_data_loader_E.py         | 171  : _normalize_df            | columns of df at end of part 2 is : ['open', 'high', 'low', 'close', 'volume', 'spread']
2026-07-03 18:20:00 | DEBUG  | mt5_data_loader_E.py         | 512  : run                      | if df after "_normalize_df" is a pd.DataFrame: True
2026-07-03 18:20:00 | INFO   | mt5_data_loader_E.py         | 520  : run                      | TF=H1 | requested=1023 | returned=94278 | range=2010-01-04 00:00:00+00:00 → 2026-07-03 14:00:00+00:00
2026-07-03 18:20:00 | DEBUG  | mt5_data_loader_E.py         | 156  : _normalize_df            | starting "_normalize_df" function
2026-07-03 18:20:00 | DEBUG  | mt5_data_loader_E.py         | 165  : _normalize_df            | columns of df at end of part 1 is : ['open', 'high', 'low', 'close', 'volume', 'spread']
2026-07-03 18:20:00 | DEBUG  | mt5_data_loader_E.py         | 171  : _normalize_df            | columns of df at end of part 2 is : ['open', 'high', 'low', 'close', 'volume', 'spread']
2026-07-03 18:20:00 | DEBUG  | mt5_data_loader_E.py         | 156  : _normalize_df            | starting "_normalize_df" function
2026-07-03 18:20:00 | DEBUG  | mt5_data_loader_E.py         | 165  : _normalize_df            | columns of df at end of part 1 is : ['open', 'high', 'low', 'close', 'volume', 'spread']
2026-07-03 18:20:00 | DEBUG  | mt5_data_loader_E.py         | 171  : _normalize_df            | columns of df at end of part 2 is : ['open', 'high', 'low', 'close', 'volume', 'spread']
2026-07-03 18:20:00 | INFO   | mt5_data_loader_E.py         | 530  : run                      | Saved: XAUUSD_i H1 → E:\Bot-RL-3\f03_data\raw\XAUUSD_i\H1.parquet (rows: +0 / total 126172)
2026-07-03 18:20:00 | DEBUG  | mt5_data_loader_E.py         | 375  : _fetch_candles           | type of DF is <class 'pandas.core.frame.DataFrame'>
2026-07-03 18:20:00 | DEBUG  | mt5_data_loader_E.py         | 376  : _fetch_candles           | Columns of DF are: Index(['open', 'high', 'low', 'close', 'volume', 'spread'], dtype='object')
2026-07-03 18:20:00 | DEBUG  | mt5_data_loader_E.py         | 377  : _fetch_candles           | Len of DF is: 25407
2026-07-03 18:20:00 | DEBUG  | mt5_data_loader_E.py         | 508  : run                      | if df after "_fetch_candles" is a pd.DataFrame: True
2026-07-03 18:20:00 | DEBUG  | mt5_data_loader_E.py         | 156  : _normalize_df            | starting "_normalize_df" function
2026-07-03 18:20:00 | DEBUG  | mt5_data_loader_E.py         | 165  : _normalize_df            | columns of df at end of part 1 is : ['open', 'high', 'low', 'close', 'volume', 'spread']
2026-07-03 18:20:00 | DEBUG  | mt5_data_loader_E.py         | 171  : _normalize_df            | columns of df at end of part 2 is : ['open', 'high', 'low', 'close', 'volume', 'spread']
2026-07-03 18:20:00 | DEBUG  | mt5_data_loader_E.py         | 512  : run                      | if df after "_normalize_df" is a pd.DataFrame: True
2026-07-03 18:20:00 | INFO   | mt5_data_loader_E.py         | 520  : run                      | TF=H4 | requested=1023 | returned=25407 | range=2010-01-04 00:00:00+00:00 → 2026-07-03 12:00:00+00:00
2026-07-03 18:20:00 | DEBUG  | mt5_data_loader_E.py         | 156  : _normalize_df            | starting "_normalize_df" function
2026-07-03 18:20:00 | DEBUG  | mt5_data_loader_E.py         | 165  : _normalize_df            | columns of df at end of part 1 is : ['open', 'high', 'low', 'close', 'volume', 'spread']
2026-07-03 18:20:00 | DEBUG  | mt5_data_loader_E.py         | 171  : _normalize_df            | columns of df at end of part 2 is : ['open', 'high', 'low', 'close', 'volume', 'spread']
2026-07-03 18:20:00 | DEBUG  | mt5_data_loader_E.py         | 156  : _normalize_df            | starting "_normalize_df" function
2026-07-03 18:20:00 | DEBUG  | mt5_data_loader_E.py         | 165  : _normalize_df            | columns of df at end of part 1 is : ['open', 'high', 'low', 'close', 'volume', 'spread']
2026-07-03 18:20:00 | DEBUG  | mt5_data_loader_E.py         | 171  : _normalize_df            | columns of df at end of part 2 is : ['open', 'high', 'low', 'close', 'volume', 'spread']
2026-07-03 18:20:00 | INFO   | mt5_data_loader_E.py         | 530  : run                      | Saved: XAUUSD_i H4 → E:\Bot-RL-3\f03_data\raw\XAUUSD_i\H4.parquet (rows: +0 / total 33782)
2026-07-03 18:20:00 | INFO   | mt5_connector.py             | 315  : shutdown                 | MT5 shutdown complete.
2026-07-03 18:20:00 | INFO   | main_6_2_orch.py             | 610  : download_historical_data | Downloaded: XAUUSD_i/M1 - 11 rows
2026-07-03 18:20:00 | INFO   | main_6_2_orch.py             | 610  : download_historical_data | Downloaded: XAUUSD_i/M2 - 5 rows
2026-07-03 18:20:00 | INFO   | main_6_2_orch.py             | 610  : download_historical_data | Downloaded: XAUUSD_i/M4 - 3 rows
2026-07-03 18:20:00 | INFO   | main_6_2_orch.py             | 610  : download_historical_data | Downloaded: XAUUSD_i/M20 - 1 rows
2026-07-03 18:20:00 | INFO   | main_6_2_orch.py             | 610  : download_historical_data | Downloaded: XAUUSD_i/H1 - 0 rows
2026-07-03 18:20:00 | INFO   | main_6_2_orch.py             | 610  : download_historical_data | Downloaded: XAUUSD_i/H4 - 0 rows
2026-07-03 18:20:00 | INFO   | main_6_2_orch.py             | 611  : download_historical_data | Historical data download completed
2026-07-03 18:20:00 | INFO   | mt5_connector.py             | 315  : shutdown                 | MT5 shutdown complete.
2026-07-03 18:37:42 | INFO   | main_6_2_orch.py             | 96   : setup_logging            | ============================================================
2026-07-03 18:37:42 | INFO   | main_6_2_orch.py             | 97   : setup_logging            | Bot-RL-3 Starting - Listener-based, No Polling
2026-07-03 18:37:42 | INFO   | main_6_2_orch.py             | 98   : setup_logging            | ============================================================
2026-07-03 18:37:42 | DEBUG  | config_loader.py             | 259  : recurse                  | ENV override connection.mt5_credentials.login (BOT_CONNECTION_MT5_CREDENTIALS_LOGIN) = 52950820
2026-07-03 18:37:42 | DEBUG  | config_loader.py             | 259  : recurse                  | ENV override connection.mt5_credentials.password (BOT_CONNECTION_MT5_CREDENTIALS_PASSWORD) = '99%BeginNika88%'
2026-07-03 18:37:42 | DEBUG  | config_loader.py             | 259  : recurse                  | ENV override connection.mt5_credentials.server (BOT_CONNECTION_MT5_CREDENTIALS_SERVER) = 'Alpari-MT5-Demo'
2026-07-03 18:37:42 | INFO   | config_loader.py             | 476  : reload                   | Config loaded: E:\Bot-RL-3\f01_config\config.yaml (env prefix=BOT_)
2026-07-03 18:37:42 | INFO   | main_6_2_orch.py             | 215  : load_configuration       | Configuration loaded successfully
2026-07-03 18:37:42 | INFO   | feature_B_bootstrap.py       | 146  : build_feature_system     | function 'build_feature_system' is started
2026-07-03 18:37:42 | DEBUG  | config_loader.py             | 259  : recurse                  | ENV override connection.mt5_credentials.login (BOT_CONNECTION_MT5_CREDENTIALS_LOGIN) = 52950820
2026-07-03 18:37:42 | DEBUG  | config_loader.py             | 259  : recurse                  | ENV override connection.mt5_credentials.password (BOT_CONNECTION_MT5_CREDENTIALS_PASSWORD) = '99%BeginNika88%'
2026-07-03 18:37:42 | DEBUG  | config_loader.py             | 259  : recurse                  | ENV override connection.mt5_credentials.server (BOT_CONNECTION_MT5_CREDENTIALS_SERVER) = 'Alpari-MT5-Demo'
2026-07-03 18:37:42 | INFO   | config_loader.py             | 476  : reload                   | Config loaded: E:\Bot-RL-3\f01_config\config.yaml (env prefix=BOT_)
2026-07-03 18:37:42 | DEBUG  | parser.py                    | 244  : parse_spec               | parse_spec: sma(column='close',period=20)@M4 -> ParsedSpec(name='sma', args=[], kwargs={'column': 'close', 'period': 20}, timeframe='M4', raw="sma(column='close',period=20)@M4")
2026-07-03 18:37:42 | DEBUG  | parser.py                    | 244  : parse_spec               | parse_spec: sma(column='close',period=20)@M2 -> ParsedSpec(name='sma', args=[], kwargs={'column': 'close', 'period': 20}, timeframe='M2', raw="sma(column='close',period=20)@M2")
2026-07-03 18:37:42 | DEBUG  | parser.py                    | 244  : parse_spec               | parse_spec: sma(column='close',period=20)@M1 -> ParsedSpec(name='sma', args=[], kwargs={'column': 'close', 'period': 20}, timeframe='M1', raw="sma(column='close',period=20)@M1")
2026-07-03 18:37:42 | INFO   | main_6_2_orch.py             | 276  : _init_components         | MarketDataEngine initialized (live mode)
2026-07-03 18:37:42 | DEBUG  | parser.py                    | 244  : parse_spec               | parse_spec: sma(column='close',period=20)@M4 -> ParsedSpec(name='sma', args=[], kwargs={'column': 'close', 'period': 20}, timeframe='M4', raw="sma(column='close',period=20)@M4")
2026-07-03 18:37:42 | DEBUG  | parser.py                    | 244  : parse_spec               | parse_spec: sma(column='close',period=20)@M2 -> ParsedSpec(name='sma', args=[], kwargs={'column': 'close', 'period': 20}, timeframe='M2', raw="sma(column='close',period=20)@M2")
2026-07-03 18:37:42 | DEBUG  | parser.py                    | 244  : parse_spec               | parse_spec: sma(column='close',period=20)@M1 -> ParsedSpec(name='sma', args=[], kwargs={'column': 'close', 'period': 20}, timeframe='M1', raw="sma(column='close',period=20)@M1")
2026-07-03 18:37:42 | INFO   | main_6_2_orch.py             | 283  : _init_components         | DataHandler initialized and attached to EventBus
2026-07-03 18:37:42 | INFO   | main_6_2_orch.py             | 288  : _init_components         | DataHandler callback registered (listener mode)
2026-07-03 18:37:42 | INFO   | main_6_2_orch.py             | 310  : _init_components         | MT5DataLoader initialized
2026-07-03 18:37:42 | INFO   | main_6_2_orch.py             | 586  : download_historical_data | Starting historical data download...
2026-07-03 18:37:42 | INFO   | main_6_2_orch.py             | 587  : download_historical_data | Parameters: symbols=['XAUUSD_i'], timeframes=['M1', 'M2', 'M4', 'M20', 'H1', 'H4'], lookback_bars=1023
2026-07-03 18:37:42 | INFO   | mt5_connector.py             | 235  : initialize               | MT5 connected: login=52950820 server=Alpari-MT5-Demo name=Farhad Vahedkia
2026-07-03 18:37:42 | DEBUG  | mt5_connector.py             | 345  : _auto_select_symbols     | Symbol selected: XAUUSD_i
2026-07-03 18:37:42 | INFO   | main_6_2_orch.py             | 609  : download_historical_data | Converted date_from=2010-01-01, date_to=2026-07-03T15:07:42.246816Z
2026-07-03 18:37:42 | INFO   | mt5_connector.py             | 235  : initialize               | MT5 connected: login=52950820 server=Alpari-MT5-Demo name=Farhad Vahedkia
2026-07-03 18:37:42 | DEBUG  | mt5_connector.py             | 345  : _auto_select_symbols     | Symbol selected: XAUUSD_i
2026-07-03 18:37:43 | DEBUG  | mt5_data_loader_E.py         | 375  : _fetch_candles           | type of DF is <class 'pandas.core.frame.DataFrame'>
2026-07-03 18:37:43 | DEBUG  | mt5_data_loader_E.py         | 376  : _fetch_candles           | Columns of DF are: Index(['open', 'high', 'low', 'close', 'volume', 'spread'], dtype='object')
2026-07-03 18:37:43 | DEBUG  | mt5_data_loader_E.py         | 377  : _fetch_candles           | Len of DF is: 5545553
2026-07-03 18:37:43 | DEBUG  | mt5_data_loader_E.py         | 508  : run                      | if df after "_fetch_candles" is a pd.DataFrame: True
2026-07-03 18:37:43 | DEBUG  | mt5_data_loader_E.py         | 156  : _normalize_df            | starting "_normalize_df" function
2026-07-03 18:37:43 | DEBUG  | mt5_data_loader_E.py         | 165  : _normalize_df            | columns of df at end of part 1 is : ['open', 'high', 'low', 'close', 'volume', 'spread']
2026-07-03 18:37:43 | DEBUG  | mt5_data_loader_E.py         | 171  : _normalize_df            | columns of df at end of part 2 is : ['open', 'high', 'low', 'close', 'volume', 'spread']
2026-07-03 18:37:43 | DEBUG  | mt5_data_loader_E.py         | 512  : run                      | if df after "_normalize_df" is a pd.DataFrame: True
2026-07-03 18:37:43 | INFO   | mt5_data_loader_E.py         | 520  : run                      | TF=M1 | requested=1023 | returned=5545553 | range=2010-01-04 00:15:00+00:00 → 2026-07-03 15:07:00+00:00
2026-07-03 18:37:44 | DEBUG  | mt5_data_loader_E.py         | 156  : _normalize_df            | starting "_normalize_df" function
2026-07-03 18:37:44 | DEBUG  | mt5_data_loader_E.py         | 165  : _normalize_df            | columns of df at end of part 1 is : ['open', 'high', 'low', 'close', 'volume', 'spread']
2026-07-03 18:37:44 | DEBUG  | mt5_data_loader_E.py         | 171  : _normalize_df            | columns of df at end of part 2 is : ['open', 'high', 'low', 'close', 'volume', 'spread']
2026-07-03 18:37:44 | DEBUG  | mt5_data_loader_E.py         | 156  : _normalize_df            | starting "_normalize_df" function
2026-07-03 18:37:44 | DEBUG  | mt5_data_loader_E.py         | 165  : _normalize_df            | columns of df at end of part 1 is : ['open', 'high', 'low', 'close', 'volume', 'spread']
2026-07-03 18:37:44 | DEBUG  | mt5_data_loader_E.py         | 171  : _normalize_df            | columns of df at end of part 2 is : ['open', 'high', 'low', 'close', 'volume', 'spread']
2026-07-03 18:37:51 | INFO   | mt5_data_loader_E.py         | 530  : run                      | Saved: XAUUSD_i M1 → E:\Bot-RL-3\f03_data\raw\XAUUSD_i\M1.parquet (rows: +18 / total 6838827)
2026-07-03 18:37:52 | DEBUG  | mt5_data_loader_E.py         | 375  : _fetch_candles           | type of DF is <class 'pandas.core.frame.DataFrame'>
2026-07-03 18:37:52 | DEBUG  | mt5_data_loader_E.py         | 376  : _fetch_candles           | Columns of DF are: Index(['open', 'high', 'low', 'close', 'volume', 'spread'], dtype='object')
2026-07-03 18:37:52 | DEBUG  | mt5_data_loader_E.py         | 377  : _fetch_candles           | Len of DF is: 2781103
2026-07-03 18:37:52 | DEBUG  | mt5_data_loader_E.py         | 508  : run                      | if df after "_fetch_candles" is a pd.DataFrame: True
2026-07-03 18:37:52 | DEBUG  | mt5_data_loader_E.py         | 156  : _normalize_df            | starting "_normalize_df" function
2026-07-03 18:37:52 | DEBUG  | mt5_data_loader_E.py         | 165  : _normalize_df            | columns of df at end of part 1 is : ['open', 'high', 'low', 'close', 'volume', 'spread']
2026-07-03 18:37:52 | DEBUG  | mt5_data_loader_E.py         | 171  : _normalize_df            | columns of df at end of part 2 is : ['open', 'high', 'low', 'close', 'volume', 'spread']
2026-07-03 18:37:52 | DEBUG  | mt5_data_loader_E.py         | 512  : run                      | if df after "_normalize_df" is a pd.DataFrame: True
2026-07-03 18:37:52 | INFO   | mt5_data_loader_E.py         | 520  : run                      | TF=M2 | requested=1023 | returned=2781103 | range=2010-01-04 00:14:00+00:00 → 2026-07-03 15:06:00+00:00
2026-07-03 18:37:52 | DEBUG  | mt5_data_loader_E.py         | 156  : _normalize_df            | starting "_normalize_df" function
2026-07-03 18:37:52 | DEBUG  | mt5_data_loader_E.py         | 165  : _normalize_df            | columns of df at end of part 1 is : ['open', 'high', 'low', 'close', 'volume', 'spread']
2026-07-03 18:37:52 | DEBUG  | mt5_data_loader_E.py         | 171  : _normalize_df            | columns of df at end of part 2 is : ['open', 'high', 'low', 'close', 'volume', 'spread']
2026-07-03 18:37:53 | DEBUG  | mt5_data_loader_E.py         | 156  : _normalize_df            | starting "_normalize_df" function
2026-07-03 18:37:53 | DEBUG  | mt5_data_loader_E.py         | 165  : _normalize_df            | columns of df at end of part 1 is : ['open', 'high', 'low', 'close', 'volume', 'spread']
2026-07-03 18:37:53 | DEBUG  | mt5_data_loader_E.py         | 171  : _normalize_df            | columns of df at end of part 2 is : ['open', 'high', 'low', 'close', 'volume', 'spread']
2026-07-03 18:37:56 | INFO   | mt5_data_loader_E.py         | 530  : run                      | Saved: XAUUSD_i M2 → E:\Bot-RL-3\f03_data\raw\XAUUSD_i\M2.parquet (rows: +9 / total 3529428)
2026-07-03 18:37:56 | DEBUG  | mt5_data_loader_E.py         | 375  : _fetch_candles           | type of DF is <class 'pandas.core.frame.DataFrame'>
2026-07-03 18:37:56 | DEBUG  | mt5_data_loader_E.py         | 376  : _fetch_candles           | Columns of DF are: Index(['open', 'high', 'low', 'close', 'volume', 'spread'], dtype='object')
2026-07-03 18:37:56 | DEBUG  | mt5_data_loader_E.py         | 377  : _fetch_candles           | Len of DF is: 1392103
2026-07-03 18:37:56 | DEBUG  | mt5_data_loader_E.py         | 508  : run                      | if df after "_fetch_candles" is a pd.DataFrame: True
2026-07-03 18:37:56 | DEBUG  | mt5_data_loader_E.py         | 156  : _normalize_df            | starting "_normalize_df" function
2026-07-03 18:37:56 | DEBUG  | mt5_data_loader_E.py         | 165  : _normalize_df            | columns of df at end of part 1 is : ['open', 'high', 'low', 'close', 'volume', 'spread']
2026-07-03 18:37:56 | DEBUG  | mt5_data_loader_E.py         | 171  : _normalize_df            | columns of df at end of part 2 is : ['open', 'high', 'low', 'close', 'volume', 'spread']
2026-07-03 18:37:56 | DEBUG  | mt5_data_loader_E.py         | 512  : run                      | if df after "_normalize_df" is a pd.DataFrame: True
2026-07-03 18:37:56 | INFO   | mt5_data_loader_E.py         | 520  : run                      | TF=M4 | requested=1023 | returned=1392103 | range=2010-01-04 00:12:00+00:00 → 2026-07-03 15:04:00+00:00
2026-07-03 18:37:57 | DEBUG  | mt5_data_loader_E.py         | 156  : _normalize_df            | starting "_normalize_df" function
2026-07-03 18:37:57 | DEBUG  | mt5_data_loader_E.py         | 165  : _normalize_df            | columns of df at end of part 1 is : ['open', 'high', 'low', 'close', 'volume', 'spread']
2026-07-03 18:37:57 | DEBUG  | mt5_data_loader_E.py         | 171  : _normalize_df            | columns of df at end of part 2 is : ['open', 'high', 'low', 'close', 'volume', 'spread']
2026-07-03 18:37:57 | DEBUG  | mt5_data_loader_E.py         | 156  : _normalize_df            | starting "_normalize_df" function
2026-07-03 18:37:57 | DEBUG  | mt5_data_loader_E.py         | 165  : _normalize_df            | columns of df at end of part 1 is : ['open', 'high', 'low', 'close', 'volume', 'spread']
2026-07-03 18:37:57 | DEBUG  | mt5_data_loader_E.py         | 171  : _normalize_df            | columns of df at end of part 2 is : ['open', 'high', 'low', 'close', 'volume', 'spread']
2026-07-03 18:37:58 | INFO   | mt5_data_loader_E.py         | 530  : run                      | Saved: XAUUSD_i M4 → E:\Bot-RL-3\f03_data\raw\XAUUSD_i\M4.parquet (rows: +4 / total 1807855)
2026-07-03 18:37:58 | DEBUG  | mt5_data_loader_E.py         | 375  : _fetch_candles           | type of DF is <class 'pandas.core.frame.DataFrame'>
2026-07-03 18:37:58 | DEBUG  | mt5_data_loader_E.py         | 376  : _fetch_candles           | Columns of DF are: Index(['open', 'high', 'low', 'close', 'volume', 'spread'], dtype='object')
2026-07-03 18:37:58 | DEBUG  | mt5_data_loader_E.py         | 377  : _fetch_candles           | Len of DF is: 280728
2026-07-03 18:37:58 | DEBUG  | mt5_data_loader_E.py         | 508  : run                      | if df after "_fetch_candles" is a pd.DataFrame: True
2026-07-03 18:37:58 | DEBUG  | mt5_data_loader_E.py         | 156  : _normalize_df            | starting "_normalize_df" function
2026-07-03 18:37:58 | DEBUG  | mt5_data_loader_E.py         | 165  : _normalize_df            | columns of df at end of part 1 is : ['open', 'high', 'low', 'close', 'volume', 'spread']
2026-07-03 18:37:58 | DEBUG  | mt5_data_loader_E.py         | 171  : _normalize_df            | columns of df at end of part 2 is : ['open', 'high', 'low', 'close', 'volume', 'spread']
2026-07-03 18:37:58 | DEBUG  | mt5_data_loader_E.py         | 512  : run                      | if df after "_normalize_df" is a pd.DataFrame: True
2026-07-03 18:37:58 | INFO   | mt5_data_loader_E.py         | 520  : run                      | TF=M20 | requested=1023 | returned=280728 | range=2010-01-04 00:00:00+00:00 → 2026-07-03 15:00:00+00:00
2026-07-03 18:37:58 | DEBUG  | mt5_data_loader_E.py         | 156  : _normalize_df            | starting "_normalize_df" function
2026-07-03 18:37:58 | DEBUG  | mt5_data_loader_E.py         | 165  : _normalize_df            | columns of df at end of part 1 is : ['open', 'high', 'low', 'close', 'volume', 'spread']
2026-07-03 18:37:58 | DEBUG  | mt5_data_loader_E.py         | 171  : _normalize_df            | columns of df at end of part 2 is : ['open', 'high', 'low', 'close', 'volume', 'spread']
2026-07-03 18:37:59 | DEBUG  | mt5_data_loader_E.py         | 156  : _normalize_df            | starting "_normalize_df" function
2026-07-03 18:37:59 | DEBUG  | mt5_data_loader_E.py         | 165  : _normalize_df            | columns of df at end of part 1 is : ['open', 'high', 'low', 'close', 'volume', 'spread']
2026-07-03 18:37:59 | DEBUG  | mt5_data_loader_E.py         | 171  : _normalize_df            | columns of df at end of part 2 is : ['open', 'high', 'low', 'close', 'volume', 'spread']
2026-07-03 18:37:59 | INFO   | mt5_data_loader_E.py         | 530  : run                      | Saved: XAUUSD_i M20 → E:\Bot-RL-3\f03_data\raw\XAUUSD_i\M20.parquet (rows: +1 / total 374719)
2026-07-03 18:37:59 | DEBUG  | mt5_data_loader_E.py         | 375  : _fetch_candles           | type of DF is <class 'pandas.core.frame.DataFrame'>
2026-07-03 18:37:59 | DEBUG  | mt5_data_loader_E.py         | 376  : _fetch_candles           | Columns of DF are: Index(['open', 'high', 'low', 'close', 'volume', 'spread'], dtype='object')
2026-07-03 18:37:59 | DEBUG  | mt5_data_loader_E.py         | 377  : _fetch_candles           | Len of DF is: 94279
2026-07-03 18:37:59 | DEBUG  | mt5_data_loader_E.py         | 508  : run                      | if df after "_fetch_candles" is a pd.DataFrame: True
2026-07-03 18:37:59 | DEBUG  | mt5_data_loader_E.py         | 156  : _normalize_df            | starting "_normalize_df" function
2026-07-03 18:37:59 | DEBUG  | mt5_data_loader_E.py         | 165  : _normalize_df            | columns of df at end of part 1 is : ['open', 'high', 'low', 'close', 'volume', 'spread']
2026-07-03 18:37:59 | DEBUG  | mt5_data_loader_E.py         | 171  : _normalize_df            | columns of df at end of part 2 is : ['open', 'high', 'low', 'close', 'volume', 'spread']
2026-07-03 18:37:59 | DEBUG  | mt5_data_loader_E.py         | 512  : run                      | if df after "_normalize_df" is a pd.DataFrame: True
2026-07-03 18:37:59 | INFO   | mt5_data_loader_E.py         | 520  : run                      | TF=H1 | requested=1023 | returned=94279 | range=2010-01-04 00:00:00+00:00 → 2026-07-03 15:00:00+00:00
2026-07-03 18:37:59 | DEBUG  | mt5_data_loader_E.py         | 156  : _normalize_df            | starting "_normalize_df" function
2026-07-03 18:37:59 | DEBUG  | mt5_data_loader_E.py         | 165  : _normalize_df            | columns of df at end of part 1 is : ['open', 'high', 'low', 'close', 'volume', 'spread']
2026-07-03 18:37:59 | DEBUG  | mt5_data_loader_E.py         | 171  : _normalize_df            | columns of df at end of part 2 is : ['open', 'high', 'low', 'close', 'volume', 'spread']
2026-07-03 18:37:59 | DEBUG  | mt5_data_loader_E.py         | 156  : _normalize_df            | starting "_normalize_df" function
2026-07-03 18:37:59 | DEBUG  | mt5_data_loader_E.py         | 165  : _normalize_df            | columns of df at end of part 1 is : ['open', 'high', 'low', 'close', 'volume', 'spread']
2026-07-03 18:37:59 | DEBUG  | mt5_data_loader_E.py         | 171  : _normalize_df            | columns of df at end of part 2 is : ['open', 'high', 'low', 'close', 'volume', 'spread']
2026-07-03 18:37:59 | INFO   | mt5_data_loader_E.py         | 530  : run                      | Saved: XAUUSD_i H1 → E:\Bot-RL-3\f03_data\raw\XAUUSD_i\H1.parquet (rows: +1 / total 126173)
2026-07-03 18:37:59 | DEBUG  | mt5_data_loader_E.py         | 375  : _fetch_candles           | type of DF is <class 'pandas.core.frame.DataFrame'>
2026-07-03 18:37:59 | DEBUG  | mt5_data_loader_E.py         | 376  : _fetch_candles           | Columns of DF are: Index(['open', 'high', 'low', 'close', 'volume', 'spread'], dtype='object')
2026-07-03 18:37:59 | DEBUG  | mt5_data_loader_E.py         | 377  : _fetch_candles           | Len of DF is: 25407
2026-07-03 18:37:59 | DEBUG  | mt5_data_loader_E.py         | 508  : run                      | if df after "_fetch_candles" is a pd.DataFrame: True
2026-07-03 18:37:59 | DEBUG  | mt5_data_loader_E.py         | 156  : _normalize_df            | starting "_normalize_df" function
2026-07-03 18:37:59 | DEBUG  | mt5_data_loader_E.py         | 165  : _normalize_df            | columns of df at end of part 1 is : ['open', 'high', 'low', 'close', 'volume', 'spread']
2026-07-03 18:37:59 | DEBUG  | mt5_data_loader_E.py         | 171  : _normalize_df            | columns of df at end of part 2 is : ['open', 'high', 'low', 'close', 'volume', 'spread']
2026-07-03 18:37:59 | DEBUG  | mt5_data_loader_E.py         | 512  : run                      | if df after "_normalize_df" is a pd.DataFrame: True
2026-07-03 18:37:59 | INFO   | mt5_data_loader_E.py         | 520  : run                      | TF=H4 | requested=1023 | returned=25407 | range=2010-01-04 00:00:00+00:00 → 2026-07-03 12:00:00+00:00
2026-07-03 18:37:59 | DEBUG  | mt5_data_loader_E.py         | 156  : _normalize_df            | starting "_normalize_df" function
2026-07-03 18:37:59 | DEBUG  | mt5_data_loader_E.py         | 165  : _normalize_df            | columns of df at end of part 1 is : ['open', 'high', 'low', 'close', 'volume', 'spread']
2026-07-03 18:37:59 | DEBUG  | mt5_data_loader_E.py         | 171  : _normalize_df            | columns of df at end of part 2 is : ['open', 'high', 'low', 'close', 'volume', 'spread']
2026-07-03 18:37:59 | DEBUG  | mt5_data_loader_E.py         | 156  : _normalize_df            | starting "_normalize_df" function
2026-07-03 18:37:59 | DEBUG  | mt5_data_loader_E.py         | 165  : _normalize_df            | columns of df at end of part 1 is : ['open', 'high', 'low', 'close', 'volume', 'spread']
2026-07-03 18:37:59 | DEBUG  | mt5_data_loader_E.py         | 171  : _normalize_df            | columns of df at end of part 2 is : ['open', 'high', 'low', 'close', 'volume', 'spread']
2026-07-03 18:37:59 | INFO   | mt5_data_loader_E.py         | 530  : run                      | Saved: XAUUSD_i H4 → E:\Bot-RL-3\f03_data\raw\XAUUSD_i\H4.parquet (rows: +0 / total 33782)
2026-07-03 18:37:59 | INFO   | mt5_connector.py             | 315  : shutdown                 | MT5 shutdown complete.
2026-07-03 18:37:59 | INFO   | main_6_2_orch.py             | 624  : download_historical_data | Downloaded: XAUUSD_i/M1 - 18 rows
2026-07-03 18:37:59 | INFO   | main_6_2_orch.py             | 624  : download_historical_data | Downloaded: XAUUSD_i/M2 - 9 rows
2026-07-03 18:37:59 | INFO   | main_6_2_orch.py             | 624  : download_historical_data | Downloaded: XAUUSD_i/M4 - 4 rows
2026-07-03 18:37:59 | INFO   | main_6_2_orch.py             | 624  : download_historical_data | Downloaded: XAUUSD_i/M20 - 1 rows
2026-07-03 18:37:59 | INFO   | main_6_2_orch.py             | 624  : download_historical_data | Downloaded: XAUUSD_i/H1 - 1 rows
2026-07-03 18:37:59 | INFO   | main_6_2_orch.py             | 624  : download_historical_data | Downloaded: XAUUSD_i/H4 - 0 rows
2026-07-03 18:37:59 | INFO   | main_6_2_orch.py             | 625  : download_historical_data | Historical data download completed
2026-07-03 18:37:59 | INFO   | mt5_connector.py             | 315  : shutdown                 | MT5 shutdown complete.
2026-07-03 18:38:36 | INFO   | main_6_2_orch.py             | 96   : setup_logging            | ============================================================
2026-07-03 18:38:36 | INFO   | main_6_2_orch.py             | 97   : setup_logging            | Bot-RL-3 Starting - Listener-based, No Polling
2026-07-03 18:38:36 | INFO   | main_6_2_orch.py             | 98   : setup_logging            | ============================================================
2026-07-03 18:38:36 | INFO   | config_loader.py             | 476  : reload                   | Config loaded: E:\Bot-RL-3\f01_config\config.yaml (env prefix=BOT_)
2026-07-03 18:38:36 | INFO   | main_6_2_orch.py             | 215  : load_configuration       | Configuration loaded successfully
2026-07-03 18:38:36 | INFO   | feature_B_bootstrap.py       | 146  : build_feature_system     | function 'build_feature_system' is started
2026-07-03 18:38:36 | INFO   | config_loader.py             | 476  : reload                   | Config loaded: E:\Bot-RL-3\f01_config\config.yaml (env prefix=BOT_)
2026-07-03 18:38:36 | INFO   | main_6_2_orch.py             | 276  : _init_components         | MarketDataEngine initialized (live mode)
2026-07-03 18:38:36 | INFO   | main_6_2_orch.py             | 283  : _init_components         | DataHandler initialized and attached to EventBus
2026-07-03 18:38:36 | INFO   | main_6_2_orch.py             | 288  : _init_components         | DataHandler callback registered (listener mode)
2026-07-03 18:38:36 | INFO   | main_6_2_orch.py             | 310  : _init_components         | MT5DataLoader initialized
2026-07-03 18:38:36 | INFO   | main_6_2_orch.py             | 586  : download_historical_data | Starting historical data download...
2026-07-03 18:38:36 | INFO   | main_6_2_orch.py             | 587  : download_historical_data | Parameters: symbols=['XAUUSD_i'], timeframes=['M1', 'M2', 'M4', 'M20', 'H1', 'H4'], lookback_bars=1023
2026-07-03 18:38:36 | INFO   | mt5_connector.py             | 235  : initialize               | MT5 connected: login=52950820 server=Alpari-MT5-Demo name=Farhad Vahedkia
2026-07-03 18:38:36 | INFO   | main_6_2_orch.py             | 609  : download_historical_data | Converted date_from=2010-01-01, date_to=2026-07-03T15:08:36.269021Z
2026-07-03 18:38:36 | INFO   | mt5_connector.py             | 235  : initialize               | MT5 connected: login=52950820 server=Alpari-MT5-Demo name=Farhad Vahedkia
2026-07-03 18:38:37 | INFO   | mt5_data_loader_E.py         | 520  : run                      | TF=M1 | requested=1023 | returned=5545554 | range=2010-01-04 00:15:00+00:00 → 2026-07-03 15:08:00+00:00
2026-07-03 18:38:45 | INFO   | mt5_data_loader_E.py         | 530  : run                      | Saved: XAUUSD_i M1 → E:\Bot-RL-3\f03_data\raw\XAUUSD_i\M1.parquet (rows: +1 / total 6838828)
2026-07-03 18:38:46 | INFO   | mt5_data_loader_E.py         | 520  : run                      | TF=M2 | requested=1023 | returned=2781104 | range=2010-01-04 00:14:00+00:00 → 2026-07-03 15:08:00+00:00
2026-07-03 18:38:50 | INFO   | mt5_data_loader_E.py         | 530  : run                      | Saved: XAUUSD_i M2 → E:\Bot-RL-3\f03_data\raw\XAUUSD_i\M2.parquet (rows: +1 / total 3529429)
2026-07-03 18:38:50 | INFO   | mt5_data_loader_E.py         | 520  : run                      | TF=M4 | requested=1023 | returned=1392104 | range=2010-01-04 00:12:00+00:00 → 2026-07-03 15:08:00+00:00
2026-07-03 18:38:52 | INFO   | mt5_data_loader_E.py         | 530  : run                      | Saved: XAUUSD_i M4 → E:\Bot-RL-3\f03_data\raw\XAUUSD_i\M4.parquet (rows: +1 / total 1807856)
2026-07-03 18:38:52 | INFO   | mt5_data_loader_E.py         | 520  : run                      | TF=M20 | requested=1023 | returned=280728 | range=2010-01-04 00:00:00+00:00 → 2026-07-03 15:00:00+00:00
2026-07-03 18:38:53 | INFO   | mt5_data_loader_E.py         | 530  : run                      | Saved: XAUUSD_i M20 → E:\Bot-RL-3\f03_data\raw\XAUUSD_i\M20.parquet (rows: +0 / total 374719)
2026-07-03 18:38:53 | INFO   | mt5_data_loader_E.py         | 520  : run                      | TF=H1 | requested=1023 | returned=94279 | range=2010-01-04 00:00:00+00:00 → 2026-07-03 15:00:00+00:00
2026-07-03 18:38:53 | INFO   | mt5_data_loader_E.py         | 530  : run                      | Saved: XAUUSD_i H1 → E:\Bot-RL-3\f03_data\raw\XAUUSD_i\H1.parquet (rows: +0 / total 126173)
2026-07-03 18:38:53 | INFO   | mt5_data_loader_E.py         | 520  : run                      | TF=H4 | requested=1023 | returned=25407 | range=2010-01-04 00:00:00+00:00 → 2026-07-03 12:00:00+00:00
2026-07-03 18:38:53 | INFO   | mt5_data_loader_E.py         | 530  : run                      | Saved: XAUUSD_i H4 → E:\Bot-RL-3\f03_data\raw\XAUUSD_i\H4.parquet (rows: +0 / total 33782)
2026-07-03 18:38:53 | INFO   | mt5_connector.py             | 315  : shutdown                 | MT5 shutdown complete.
2026-07-03 18:38:53 | INFO   | main_6_2_orch.py             | 624  : download_historical_data | Downloaded: XAUUSD_i/M1 - 1 rows
2026-07-03 18:38:53 | INFO   | main_6_2_orch.py             | 624  : download_historical_data | Downloaded: XAUUSD_i/M2 - 1 rows
2026-07-03 18:38:53 | INFO   | main_6_2_orch.py             | 624  : download_historical_data | Downloaded: XAUUSD_i/M4 - 1 rows
2026-07-03 18:38:53 | INFO   | main_6_2_orch.py             | 624  : download_historical_data | Downloaded: XAUUSD_i/M20 - 0 rows
2026-07-03 18:38:53 | INFO   | main_6_2_orch.py             | 624  : download_historical_data | Downloaded: XAUUSD_i/H1 - 0 rows
2026-07-03 18:38:53 | INFO   | main_6_2_orch.py             | 624  : download_historical_data | Downloaded: XAUUSD_i/H4 - 0 rows
2026-07-03 18:38:53 | INFO   | main_6_2_orch.py             | 625  : download_historical_data | Historical data download completed
2026-07-03 18:38:53 | INFO   | mt5_connector.py             | 315  : shutdown                 | MT5 shutdown complete.
2026-07-03 18:39:10 | INFO   | main_6_2_orch.py             | 96   : setup_logging            | ============================================================
2026-07-03 18:39:10 | INFO   | main_6_2_orch.py             | 97   : setup_logging            | Bot-RL-3 Starting - Listener-based, No Polling
2026-07-03 18:39:10 | INFO   | main_6_2_orch.py             | 98   : setup_logging            | ============================================================
2026-07-03 18:39:10 | INFO   | config_loader.py             | 476  : reload                   | Config loaded: E:\Bot-RL-3\f01_config\config.yaml (env prefix=BOT_)
2026-07-03 18:39:10 | INFO   | main_6_2_orch.py             | 215  : load_configuration       | Configuration loaded successfully
2026-07-03 18:39:10 | INFO   | feature_B_bootstrap.py       | 146  : build_feature_system     | function 'build_feature_system' is started
2026-07-03 18:39:10 | INFO   | config_loader.py             | 476  : reload                   | Config loaded: E:\Bot-RL-3\f01_config\config.yaml (env prefix=BOT_)
2026-07-03 18:39:10 | INFO   | main_6_2_orch.py             | 276  : _init_components         | MarketDataEngine initialized (live mode)
2026-07-03 18:39:10 | INFO   | main_6_2_orch.py             | 283  : _init_components         | DataHandler initialized and attached to EventBus
2026-07-03 18:39:10 | INFO   | main_6_2_orch.py             | 288  : _init_components         | DataHandler callback registered (listener mode)
2026-07-03 18:39:10 | INFO   | main_6_2_orch.py             | 310  : _init_components         | MT5DataLoader initialized
2026-07-03 18:39:10 | INFO   | main_6_2_orch.py             | 586  : download_historical_data | Starting historical data download...
2026-07-03 18:39:10 | INFO   | main_6_2_orch.py             | 587  : download_historical_data | Parameters: symbols=['XAUUSD_i'], timeframes=['M1', 'M2', 'M4', 'M20', 'H1', 'H4'], lookback_bars=1023
2026-07-03 18:39:10 | INFO   | mt5_connector.py             | 235  : initialize               | MT5 connected: login=52950820 server=Alpari-MT5-Demo name=Farhad Vahedkia
2026-07-03 18:39:10 | INFO   | main_6_2_orch.py             | 609  : download_historical_data | Converted date_from=2010-01-01, date_to=2026-07-03T15:09:10.695161Z
2026-07-03 18:39:10 | INFO   | mt5_connector.py             | 235  : initialize               | MT5 connected: login=52950820 server=Alpari-MT5-Demo name=Farhad Vahedkia
2026-07-03 18:39:12 | INFO   | mt5_data_loader_E.py         | 520  : run                      | TF=M1 | requested=1023 | returned=5545555 | range=2010-01-04 00:15:00+00:00 → 2026-07-03 15:09:00+00:00
2026-07-03 18:39:19 | INFO   | mt5_data_loader_E.py         | 530  : run                      | Saved: XAUUSD_i M1 → E:\Bot-RL-3\f03_data\raw\XAUUSD_i\M1.parquet (rows: +1 / total 6838829)
2026-07-03 18:39:20 | INFO   | mt5_data_loader_E.py         | 520  : run                      | TF=M2 | requested=1023 | returned=2781104 | range=2010-01-04 00:14:00+00:00 → 2026-07-03 15:08:00+00:00
2026-07-03 18:39:24 | INFO   | mt5_data_loader_E.py         | 530  : run                      | Saved: XAUUSD_i M2 → E:\Bot-RL-3\f03_data\raw\XAUUSD_i\M2.parquet (rows: +0 / total 3529429)
2026-07-03 18:39:24 | INFO   | mt5_data_loader_E.py         | 520  : run                      | TF=M4 | requested=1023 | returned=1392104 | range=2010-01-04 00:12:00+00:00 → 2026-07-03 15:08:00+00:00
2026-07-03 18:39:26 | INFO   | mt5_data_loader_E.py         | 530  : run                      | Saved: XAUUSD_i M4 → E:\Bot-RL-3\f03_data\raw\XAUUSD_i\M4.parquet (rows: +0 / total 1807856)
2026-07-03 18:39:26 | INFO   | mt5_data_loader_E.py         | 520  : run                      | TF=M20 | requested=1023 | returned=280728 | range=2010-01-04 00:00:00+00:00 → 2026-07-03 15:00:00+00:00
2026-07-03 18:39:27 | INFO   | mt5_data_loader_E.py         | 530  : run                      | Saved: XAUUSD_i M20 → E:\Bot-RL-3\f03_data\raw\XAUUSD_i\M20.parquet (rows: +0 / total 374719)
2026-07-03 18:39:27 | INFO   | mt5_data_loader_E.py         | 520  : run                      | TF=H1 | requested=1023 | returned=94279 | range=2010-01-04 00:00:00+00:00 → 2026-07-03 15:00:00+00:00
2026-07-03 18:39:27 | INFO   | mt5_data_loader_E.py         | 530  : run                      | Saved: XAUUSD_i H1 → E:\Bot-RL-3\f03_data\raw\XAUUSD_i\H1.parquet (rows: +0 / total 126173)
2026-07-03 18:39:27 | INFO   | mt5_data_loader_E.py         | 520  : run                      | TF=H4 | requested=1023 | returned=25407 | range=2010-01-04 00:00:00+00:00 → 2026-07-03 12:00:00+00:00
2026-07-03 18:39:27 | INFO   | mt5_data_loader_E.py         | 530  : run                      | Saved: XAUUSD_i H4 → E:\Bot-RL-3\f03_data\raw\XAUUSD_i\H4.parquet (rows: +0 / total 33782)
2026-07-03 18:39:27 | INFO   | mt5_connector.py             | 315  : shutdown                 | MT5 shutdown complete.
2026-07-03 18:39:27 | INFO   | main_6_2_orch.py             | 624  : download_historical_data | Downloaded: XAUUSD_i/M1 - 1 rows
2026-07-03 18:39:27 | INFO   | main_6_2_orch.py             | 624  : download_historical_data | Downloaded: XAUUSD_i/M2 - 0 rows
2026-07-03 18:39:27 | INFO   | main_6_2_orch.py             | 624  : download_historical_data | Downloaded: XAUUSD_i/M4 - 0 rows
2026-07-03 18:39:27 | INFO   | main_6_2_orch.py             | 624  : download_historical_data | Downloaded: XAUUSD_i/M20 - 0 rows
2026-07-03 18:39:27 | INFO   | main_6_2_orch.py             | 624  : download_historical_data | Downloaded: XAUUSD_i/H1 - 0 rows
2026-07-03 18:39:27 | INFO   | main_6_2_orch.py             | 624  : download_historical_data | Downloaded: XAUUSD_i/H4 - 0 rows
2026-07-03 18:39:27 | INFO   | main_6_2_orch.py             | 625  : download_historical_data | Historical data download completed
2026-07-03 18:39:27 | INFO   | mt5_connector.py             | 315  : shutdown                 | MT5 shutdown complete.
2026-07-03 18:41:00 | INFO   | main_6_2_orch.py             | 96   : setup_logging            | ============================================================
2026-07-03 18:41:00 | INFO   | main_6_2_orch.py             | 97   : setup_logging            | Bot-RL-3 Starting - Listener-based, No Polling
2026-07-03 18:41:00 | INFO   | main_6_2_orch.py             | 98   : setup_logging            | ============================================================
2026-07-03 18:41:00 | INFO   | config_loader.py             | 476  : reload                   | Config loaded: E:\Bot-RL-3\f01_config\config.yaml (env prefix=BOT_)
2026-07-03 18:41:00 | INFO   | main_6_2_orch.py             | 215  : load_configuration       | Configuration loaded successfully
2026-07-03 18:41:00 | INFO   | feature_B_bootstrap.py       | 146  : build_feature_system     | function 'build_feature_system' is started
2026-07-03 18:41:00 | INFO   | config_loader.py             | 476  : reload                   | Config loaded: E:\Bot-RL-3\f01_config\config.yaml (env prefix=BOT_)
2026-07-03 18:41:00 | INFO   | main_6_2_orch.py             | 276  : _init_components         | MarketDataEngine initialized (live mode)
2026-07-03 18:41:00 | INFO   | main_6_2_orch.py             | 283  : _init_components         | DataHandler initialized and attached to EventBus
2026-07-03 18:41:00 | INFO   | main_6_2_orch.py             | 288  : _init_components         | DataHandler callback registered (listener mode)
2026-07-03 18:41:00 | INFO   | main_6_2_orch.py             | 310  : _init_components         | MT5DataLoader initialized
2026-07-03 18:41:00 | INFO   | main_6_2_orch.py             | 586  : download_historical_data | Starting historical data download...
2026-07-03 18:41:00 | INFO   | main_6_2_orch.py             | 587  : download_historical_data | Parameters: symbols=['XAUUSD_i'], timeframes=['M1', 'M2', 'M4', 'M20', 'H1', 'H4'], lookback_bars=1023
2026-07-03 18:41:00 | INFO   | mt5_connector.py             | 235  : initialize               | MT5 connected: login=52950820 server=Alpari-MT5-Demo name=Farhad Vahedkia
2026-07-03 18:41:00 | INFO   | main_6_2_orch.py             | 609  : download_historical_data | Converted date_from=2010-01-01, date_to=2026-07-03T15:11:00.296640Z
2026-07-03 18:41:00 | INFO   | mt5_connector.py             | 235  : initialize               | MT5 connected: login=52950820 server=Alpari-MT5-Demo name=Farhad Vahedkia
2026-07-03 18:41:01 | INFO   | mt5_data_loader_E.py         | 519  : run                      | TF=M1 | requested=1023 | returned=5545557 | range=2010-01-04 00:15:00+00:00 → 2026-07-03 15:11:00+00:00
2026-07-03 18:41:09 | INFO   | mt5_data_loader_E.py         | 529  : run                      | Saved: XAUUSD_i M1 → E:\Bot-RL-3\f03_data\raw\XAUUSD_i\M1.parquet (rows: +2 / total 6838831)
2026-07-03 18:41:10 | INFO   | mt5_data_loader_E.py         | 519  : run                      | TF=M2 | requested=1023 | returned=2781105 | range=2010-01-04 00:14:00+00:00 → 2026-07-03 15:10:00+00:00
2026-07-03 18:41:13 | INFO   | mt5_data_loader_E.py         | 529  : run                      | Saved: XAUUSD_i M2 → E:\Bot-RL-3\f03_data\raw\XAUUSD_i\M2.parquet (rows: +1 / total 3529430)
2026-07-03 18:41:14 | INFO   | mt5_data_loader_E.py         | 519  : run                      | TF=M4 | requested=1023 | returned=1392104 | range=2010-01-04 00:12:00+00:00 → 2026-07-03 15:08:00+00:00
2026-07-03 18:41:16 | INFO   | mt5_data_loader_E.py         | 529  : run                      | Saved: XAUUSD_i M4 → E:\Bot-RL-3\f03_data\raw\XAUUSD_i\M4.parquet (rows: +0 / total 1807856)
2026-07-03 18:41:16 | INFO   | mt5_data_loader_E.py         | 519  : run                      | TF=M20 | requested=1023 | returned=280728 | range=2010-01-04 00:00:00+00:00 → 2026-07-03 15:00:00+00:00
2026-07-03 18:41:16 | INFO   | mt5_data_loader_E.py         | 529  : run                      | Saved: XAUUSD_i M20 → E:\Bot-RL-3\f03_data\raw\XAUUSD_i\M20.parquet (rows: +0 / total 374719)
2026-07-03 18:41:16 | INFO   | mt5_data_loader_E.py         | 519  : run                      | TF=H1 | requested=1023 | returned=94279 | range=2010-01-04 00:00:00+00:00 → 2026-07-03 15:00:00+00:00
2026-07-03 18:41:16 | INFO   | mt5_data_loader_E.py         | 529  : run                      | Saved: XAUUSD_i H1 → E:\Bot-RL-3\f03_data\raw\XAUUSD_i\H1.parquet (rows: +0 / total 126173)
2026-07-03 18:41:16 | INFO   | mt5_data_loader_E.py         | 519  : run                      | TF=H4 | requested=1023 | returned=25407 | range=2010-01-04 00:00:00+00:00 → 2026-07-03 12:00:00+00:00
2026-07-03 18:41:16 | INFO   | mt5_data_loader_E.py         | 529  : run                      | Saved: XAUUSD_i H4 → E:\Bot-RL-3\f03_data\raw\XAUUSD_i\H4.parquet (rows: +0 / total 33782)
2026-07-03 18:41:16 | INFO   | mt5_connector.py             | 315  : shutdown                 | MT5 shutdown complete.
2026-07-03 18:41:16 | INFO   | main_6_2_orch.py             | 624  : download_historical_data | Downloaded: XAUUSD_i/M1 - 2 rows
2026-07-03 18:41:16 | INFO   | main_6_2_orch.py             | 624  : download_historical_data | Downloaded: XAUUSD_i/M2 - 1 rows
2026-07-03 18:41:16 | INFO   | main_6_2_orch.py             | 624  : download_historical_data | Downloaded: XAUUSD_i/M4 - 0 rows
2026-07-03 18:41:16 | INFO   | main_6_2_orch.py             | 624  : download_historical_data | Downloaded: XAUUSD_i/M20 - 0 rows
2026-07-03 18:41:16 | INFO   | main_6_2_orch.py             | 624  : download_historical_data | Downloaded: XAUUSD_i/H1 - 0 rows
2026-07-03 18:41:16 | INFO   | main_6_2_orch.py             | 624  : download_historical_data | Downloaded: XAUUSD_i/H4 - 0 rows
2026-07-03 18:41:16 | INFO   | main_6_2_orch.py             | 625  : download_historical_data | Historical data download completed
2026-07-03 18:41:16 | INFO   | mt5_connector.py             | 315  : shutdown                 | MT5 shutdown complete.
2026-07-03 18:54:57 | INFO   | main_6_2_orch.py             | 113  : setup_logging            | ============================================================
2026-07-03 18:54:57 | INFO   | main_6_2_orch.py             | 114  : setup_logging            | Bot-RL-3 Starting - Listener-based, No Polling
2026-07-03 18:54:57 | INFO   | main_6_2_orch.py             | 115  : setup_logging            | ============================================================
2026-07-03 18:54:57 | INFO   | config_loader.py             | 476  : reload                   | Config loaded: E:\Bot-RL-3\f01_config\config.yaml (env prefix=BOT_)
2026-07-03 18:54:57 | INFO   | main_6_2_orch.py             | 232  : load_configuration       | Configuration loaded successfully
2026-07-03 18:54:57 | INFO   | feature_B_bootstrap.py       | 146  : build_feature_system     | function 'build_feature_system' is started
2026-07-03 18:54:57 | INFO   | config_loader.py             | 476  : reload                   | Config loaded: E:\Bot-RL-3\f01_config\config.yaml (env prefix=BOT_)
2026-07-03 18:54:57 | INFO   | main_6_2_orch.py             | 293  : _init_components         | MarketDataEngine initialized (live mode)
2026-07-03 18:54:57 | INFO   | main_6_2_orch.py             | 300  : _init_components         | DataHandler initialized and attached to EventBus
2026-07-03 18:54:57 | INFO   | main_6_2_orch.py             | 305  : _init_components         | DataHandler callback registered (listener mode)
2026-07-03 18:54:57 | INFO   | main_6_2_orch.py             | 327  : _init_components         | MT5DataLoader initialized
2026-07-03 18:54:57 | INFO   | main_6_2_orch.py             | 603  : download_historical_data | Starting historical data download...
2026-07-03 18:54:57 | INFO   | main_6_2_orch.py             | 604  : download_historical_data | Parameters: symbols=['XAUUSD_i'], timeframes=['M1', 'M2', 'M4', 'M20', 'H1', 'H4'], lookback_bars=1023
2026-07-03 18:54:57 | INFO   | mt5_connector.py             | 235  : initialize               | MT5 connected: login=52950820 server=Alpari-MT5-Demo name=Farhad Vahedkia
2026-07-03 18:54:57 | INFO   | main_6_2_orch.py             | 626  : download_historical_data | Converted date_from=2010-01-01, date_to=2026-07-03T15:24:57.746825Z
2026-07-03 18:54:57 | INFO   | mt5_connector.py             | 235  : initialize               | MT5 connected: login=52950820 server=Alpari-MT5-Demo name=Farhad Vahedkia
2026-07-03 18:54:59 | INFO   | mt5_data_loader_E.py         | 519  : run                      | TF=M1 | requested=1023 | returned=5545570 | range=2010-01-04 00:15:00+00:00 → 2026-07-03 15:24:00+00:00
2026-07-03 18:55:07 | INFO   | mt5_data_loader_E.py         | 529  : run                      | Saved: XAUUSD_i M1 → E:\Bot-RL-3\f03_data\raw\XAUUSD_i\M1.parquet (rows: +13 / total 6838844)
2026-07-03 18:55:07 | INFO   | mt5_data_loader_E.py         | 519  : run                      | TF=M2 | requested=1023 | returned=2781112 | range=2010-01-04 00:14:00+00:00 → 2026-07-03 15:24:00+00:00
2026-07-03 18:55:11 | INFO   | mt5_data_loader_E.py         | 529  : run                      | Saved: XAUUSD_i M2 → E:\Bot-RL-3\f03_data\raw\XAUUSD_i\M2.parquet (rows: +7 / total 3529437)
2026-07-03 18:55:12 | INFO   | mt5_data_loader_E.py         | 519  : run                      | TF=M4 | requested=1023 | returned=1392108 | range=2010-01-04 00:12:00+00:00 → 2026-07-03 15:24:00+00:00
2026-07-03 18:55:13 | INFO   | mt5_data_loader_E.py         | 529  : run                      | Saved: XAUUSD_i M4 → E:\Bot-RL-3\f03_data\raw\XAUUSD_i\M4.parquet (rows: +4 / total 1807860)
2026-07-03 18:55:13 | INFO   | mt5_data_loader_E.py         | 519  : run                      | TF=M20 | requested=1023 | returned=280729 | range=2010-01-04 00:00:00+00:00 → 2026-07-03 15:20:00+00:00
2026-07-03 18:55:14 | INFO   | mt5_data_loader_E.py         | 529  : run                      | Saved: XAUUSD_i M20 → E:\Bot-RL-3\f03_data\raw\XAUUSD_i\M20.parquet (rows: +1 / total 374720)
2026-07-03 18:55:14 | INFO   | mt5_data_loader_E.py         | 519  : run                      | TF=H1 | requested=1023 | returned=94279 | range=2010-01-04 00:00:00+00:00 → 2026-07-03 15:00:00+00:00
2026-07-03 18:55:14 | INFO   | mt5_data_loader_E.py         | 529  : run                      | Saved: XAUUSD_i H1 → E:\Bot-RL-3\f03_data\raw\XAUUSD_i\H1.parquet (rows: +0 / total 126173)
2026-07-03 18:55:14 | INFO   | mt5_data_loader_E.py         | 519  : run                      | TF=H4 | requested=1023 | returned=25407 | range=2010-01-04 00:00:00+00:00 → 2026-07-03 12:00:00+00:00
2026-07-03 18:55:14 | INFO   | mt5_data_loader_E.py         | 529  : run                      | Saved: XAUUSD_i H4 → E:\Bot-RL-3\f03_data\raw\XAUUSD_i\H4.parquet (rows: +0 / total 33782)
2026-07-03 18:55:14 | INFO   | mt5_connector.py             | 315  : shutdown                 | MT5 shutdown complete.
2026-07-03 18:55:14 | INFO   | main_6_2_orch.py             | 641  : download_historical_data | Downloaded: XAUUSD_i/M1 - 13 rows
2026-07-03 18:55:14 | INFO   | main_6_2_orch.py             | 641  : download_historical_data | Downloaded: XAUUSD_i/M2 - 7 rows
2026-07-03 18:55:14 | INFO   | main_6_2_orch.py             | 641  : download_historical_data | Downloaded: XAUUSD_i/M4 - 4 rows
2026-07-03 18:55:14 | INFO   | main_6_2_orch.py             | 641  : download_historical_data | Downloaded: XAUUSD_i/M20 - 1 rows
2026-07-03 18:55:14 | INFO   | main_6_2_orch.py             | 641  : download_historical_data | Downloaded: XAUUSD_i/H1 - 0 rows
2026-07-03 18:55:14 | INFO   | main_6_2_orch.py             | 641  : download_historical_data | Downloaded: XAUUSD_i/H4 - 0 rows
2026-07-03 18:55:14 | INFO   | main_6_2_orch.py             | 642  : download_historical_data | Historical data download completed
2026-07-03 18:55:14 | INFO   | mt5_connector.py             | 315  : shutdown                 | MT5 shutdown complete.
2026-07-03 19:06:27 | INFO   | main_6_2_orch.py             | 113  : setup_logging            | ============================================================
2026-07-03 19:06:27 | INFO   | main_6_2_orch.py             | 114  : setup_logging            | Bot-RL-3 Starting - Listener-based, No Polling
2026-07-03 19:06:27 | INFO   | main_6_2_orch.py             | 115  : setup_logging            | ============================================================
2026-07-03 19:06:28 | DEBUG  | config_loader.py             | 259  : recurse                  | ENV override connection.mt5_credentials.login (BOT_CONNECTION_MT5_CREDENTIALS_LOGIN) = 52950820
2026-07-03 19:06:28 | DEBUG  | config_loader.py             | 259  : recurse                  | ENV override connection.mt5_credentials.password (BOT_CONNECTION_MT5_CREDENTIALS_PASSWORD) = '99%BeginNika88%'
2026-07-03 19:06:28 | DEBUG  | config_loader.py             | 259  : recurse                  | ENV override connection.mt5_credentials.server (BOT_CONNECTION_MT5_CREDENTIALS_SERVER) = 'Alpari-MT5-Demo'
2026-07-03 19:06:28 | INFO   | config_loader.py             | 476  : reload                   | Config loaded: E:\Bot-RL-3\f01_config\config.yaml (env prefix=BOT_)
2026-07-03 19:06:28 | INFO   | main_6_2_orch.py             | 232  : load_configuration       | Configuration loaded successfully
2026-07-03 19:06:28 | INFO   | feature_B_bootstrap.py       | 146  : build_feature_system     | function 'build_feature_system' is started
2026-07-03 19:06:28 | DEBUG  | config_loader.py             | 259  : recurse                  | ENV override connection.mt5_credentials.login (BOT_CONNECTION_MT5_CREDENTIALS_LOGIN) = 52950820
2026-07-03 19:06:28 | DEBUG  | config_loader.py             | 259  : recurse                  | ENV override connection.mt5_credentials.password (BOT_CONNECTION_MT5_CREDENTIALS_PASSWORD) = '99%BeginNika88%'
2026-07-03 19:06:28 | DEBUG  | config_loader.py             | 259  : recurse                  | ENV override connection.mt5_credentials.server (BOT_CONNECTION_MT5_CREDENTIALS_SERVER) = 'Alpari-MT5-Demo'
2026-07-03 19:06:28 | INFO   | config_loader.py             | 476  : reload                   | Config loaded: E:\Bot-RL-3\f01_config\config.yaml (env prefix=BOT_)
2026-07-03 19:06:28 | DEBUG  | parser.py                    | 244  : parse_spec               | parse_spec: sma(column='close',period=20)@M4 -> ParsedSpec(name='sma', args=[], kwargs={'column': 'close', 'period': 20}, timeframe='M4', raw="sma(column='close',period=20)@M4")
2026-07-03 19:06:28 | DEBUG  | parser.py                    | 244  : parse_spec               | parse_spec: sma(column='close',period=20)@M2 -> ParsedSpec(name='sma', args=[], kwargs={'column': 'close', 'period': 20}, timeframe='M2', raw="sma(column='close',period=20)@M2")
2026-07-03 19:06:28 | DEBUG  | parser.py                    | 244  : parse_spec               | parse_spec: sma(column='close',period=20)@M1 -> ParsedSpec(name='sma', args=[], kwargs={'column': 'close', 'period': 20}, timeframe='M1', raw="sma(column='close',period=20)@M1")
2026-07-03 19:06:28 | INFO   | main_6_2_orch.py             | 293  : _init_components         | MarketDataEngine initialized (live mode)
2026-07-03 19:06:28 | DEBUG  | parser.py                    | 244  : parse_spec               | parse_spec: sma(column='close',period=20)@M4 -> ParsedSpec(name='sma', args=[], kwargs={'column': 'close', 'period': 20}, timeframe='M4', raw="sma(column='close',period=20)@M4")
2026-07-03 19:06:28 | DEBUG  | parser.py                    | 244  : parse_spec               | parse_spec: sma(column='close',period=20)@M2 -> ParsedSpec(name='sma', args=[], kwargs={'column': 'close', 'period': 20}, timeframe='M2', raw="sma(column='close',period=20)@M2")
2026-07-03 19:06:28 | DEBUG  | parser.py                    | 244  : parse_spec               | parse_spec: sma(column='close',period=20)@M1 -> ParsedSpec(name='sma', args=[], kwargs={'column': 'close', 'period': 20}, timeframe='M1', raw="sma(column='close',period=20)@M1")
2026-07-03 19:06:28 | INFO   | main_6_2_orch.py             | 300  : _init_components         | DataHandler initialized and attached to EventBus
2026-07-03 19:06:28 | INFO   | main_6_2_orch.py             | 305  : _init_components         | DataHandler callback registered (listener mode)
2026-07-03 19:06:28 | INFO   | main_6_2_orch.py             | 327  : _init_components         | MT5DataLoader initialized
2026-07-03 19:06:28 | INFO   | main_6_2_orch.py             | 603  : download_historical_data | Starting historical data download...
2026-07-03 19:06:28 | INFO   | main_6_2_orch.py             | 604  : download_historical_data | Parameters: symbols=['XAUUSD_i'], timeframes=['M1', 'M2', 'M4', 'M20', 'H1', 'H4'], lookback_bars=1023
2026-07-03 19:06:28 | INFO   | mt5_connector.py             | 235  : initialize               | MT5 connected: login=52950820 server=Alpari-MT5-Demo name=Farhad Vahedkia
2026-07-03 19:06:28 | DEBUG  | mt5_connector.py             | 345  : _auto_select_symbols     | Symbol selected: XAUUSD_i
2026-07-03 19:06:28 | INFO   | main_6_2_orch.py             | 626  : download_historical_data | Converted date_from=2010-01-01, date_to=2026-07-03T15:36:28.140994Z
2026-07-03 19:06:28 | INFO   | mt5_connector.py             | 235  : initialize               | MT5 connected: login=52950820 server=Alpari-MT5-Demo name=Farhad Vahedkia
2026-07-03 19:06:28 | DEBUG  | mt5_connector.py             | 345  : _auto_select_symbols     | Symbol selected: XAUUSD_i
2026-07-03 19:06:28 | DEBUG  | mt5_data_loader_E.py         | 343  : _fetch_candles           | symbol        for _fetch_candles is XAUUSD_i
2026-07-03 19:06:28 | DEBUG  | mt5_data_loader_E.py         | 344  : _fetch_candles           | timeframe     for _fetch_candles is M1
2026-07-03 19:06:28 | DEBUG  | mt5_data_loader_E.py         | 345  : _fetch_candles           | lookback_bars for _fetch_candles is 1023
2026-07-03 19:06:28 | DEBUG  | mt5_data_loader_E.py         | 346  : _fetch_candles           | date_from     for _fetch_candles is 2010-01-01 00:00:00+00:00
2026-07-03 19:06:28 | DEBUG  | mt5_data_loader_E.py         | 347  : _fetch_candles           | date_to       for _fetch_candles is 2026-07-03 15:36:28.140994+00:00
2026-07-03 19:06:28 | DEBUG  | mt5_data_loader_E.py         | 348  : _fetch_candles           | range_policy  for _fetch_candles is date
2026-07-03 19:06:29 | DEBUG  | mt5_data_loader_E.py         | 382  : _fetch_candles           | type of DF is <class 'pandas.core.frame.DataFrame'>
2026-07-03 19:06:29 | DEBUG  | mt5_data_loader_E.py         | 383  : _fetch_candles           | Columns of DF are: Index(['open', 'high', 'low', 'close', 'volume', 'spread'], dtype='object')
2026-07-03 19:06:29 | DEBUG  | mt5_data_loader_E.py         | 384  : _fetch_candles           | Len of DF is: 5545582
2026-07-03 19:06:29 | DEBUG  | mt5_data_loader_E.py         | 385  : _fetch_candles           |                               open     high      low    close  volume  spread
time                                                                         
2010-01-04 00:15:00+00:00  1099.50  1099.89  1099.15  1099.36      50       0
2010-01-04 00:16:00+00:00  1099.30  1099.95  1099.30  1099.65      61       0
2010-01-04 00:17:00+00:00  1099.53  1099.85  1099.00  1099.05      67       0
2010-01-04 00:18:00+00:00  1099.09  1099.50  1098.54  1099.20      91       0
2010-01-04 00:19:00+00:00  1099.05  1099.80  1099.05  1099.60      56       0
2026-07-03 19:06:29 | DEBUG  | mt5_data_loader_E.py         | 514  : run                      | if df after "_fetch_candles" is a pd.DataFrame: True
2026-07-03 19:06:29 | DEBUG  | mt5_data_loader_E.py         | 156  : _normalize_df            | starting "_normalize_df" function
2026-07-03 19:06:29 | DEBUG  | mt5_data_loader_E.py         | 165  : _normalize_df            | columns of df at end of part 1 is : ['open', 'high', 'low', 'close', 'volume', 'spread']
2026-07-03 19:06:29 | DEBUG  | mt5_data_loader_E.py         | 171  : _normalize_df            | columns of df at end of part 2 is : ['open', 'high', 'low', 'close', 'volume', 'spread']
2026-07-03 19:06:29 | DEBUG  | mt5_data_loader_E.py         | 518  : run                      | if df after "_normalize_df" is a pd.DataFrame: True
2026-07-03 19:06:29 | INFO   | mt5_data_loader_E.py         | 526  : run                      | TF=M1 | requested=1023 | returned=5545582 | range=2010-01-04 00:15:00+00:00 → 2026-07-03 15:36:00+00:00
2026-07-03 19:06:30 | DEBUG  | mt5_data_loader_E.py         | 156  : _normalize_df            | starting "_normalize_df" function
2026-07-03 19:06:30 | DEBUG  | mt5_data_loader_E.py         | 165  : _normalize_df            | columns of df at end of part 1 is : ['open', 'high', 'low', 'close', 'volume', 'spread']
2026-07-03 19:06:30 | DEBUG  | mt5_data_loader_E.py         | 171  : _normalize_df            | columns of df at end of part 2 is : ['open', 'high', 'low', 'close', 'volume', 'spread']
2026-07-03 19:06:30 | DEBUG  | mt5_data_loader_E.py         | 156  : _normalize_df            | starting "_normalize_df" function
2026-07-03 19:06:30 | DEBUG  | mt5_data_loader_E.py         | 165  : _normalize_df            | columns of df at end of part 1 is : ['open', 'high', 'low', 'close', 'volume', 'spread']
2026-07-03 19:06:30 | DEBUG  | mt5_data_loader_E.py         | 171  : _normalize_df            | columns of df at end of part 2 is : ['open', 'high', 'low', 'close', 'volume', 'spread']
2026-07-03 19:06:37 | INFO   | mt5_data_loader_E.py         | 536  : run                      | Saved: XAUUSD_i M1 → E:\Bot-RL-3\f03_data\raw\XAUUSD_i\M1.parquet (rows: +12 / total 6838856)
2026-07-03 19:06:37 | DEBUG  | mt5_data_loader_E.py         | 343  : _fetch_candles           | symbol        for _fetch_candles is XAUUSD_i
2026-07-03 19:06:37 | DEBUG  | mt5_data_loader_E.py         | 344  : _fetch_candles           | timeframe     for _fetch_candles is M2
2026-07-03 19:06:37 | DEBUG  | mt5_data_loader_E.py         | 345  : _fetch_candles           | lookback_bars for _fetch_candles is 1023
2026-07-03 19:06:37 | DEBUG  | mt5_data_loader_E.py         | 346  : _fetch_candles           | date_from     for _fetch_candles is 2010-01-01 00:00:00+00:00
2026-07-03 19:06:37 | DEBUG  | mt5_data_loader_E.py         | 347  : _fetch_candles           | date_to       for _fetch_candles is 2026-07-03 15:36:28.140994+00:00
2026-07-03 19:06:37 | DEBUG  | mt5_data_loader_E.py         | 348  : _fetch_candles           | range_policy  for _fetch_candles is date
2026-07-03 19:06:37 | DEBUG  | mt5_data_loader_E.py         | 382  : _fetch_candles           | type of DF is <class 'pandas.core.frame.DataFrame'>
2026-07-03 19:06:37 | DEBUG  | mt5_data_loader_E.py         | 383  : _fetch_candles           | Columns of DF are: Index(['open', 'high', 'low', 'close', 'volume', 'spread'], dtype='object')
2026-07-03 19:06:37 | DEBUG  | mt5_data_loader_E.py         | 384  : _fetch_candles           | Len of DF is: 2781118
2026-07-03 19:06:37 | DEBUG  | mt5_data_loader_E.py         | 385  : _fetch_candles           |                               open     high      low    close  volume  spread
time                                                                         
2010-01-04 00:14:00+00:00  1099.50  1099.89  1099.15  1099.36      50       0
2010-01-04 00:16:00+00:00  1099.30  1099.95  1099.00  1099.05     128       0
2010-01-04 00:18:00+00:00  1099.09  1099.80  1098.54  1099.60     147       0
2010-01-04 00:20:00+00:00  1099.55  1099.95  1099.35  1099.65      87       0
2010-01-04 00:22:00+00:00  1099.53  1099.80  1098.88  1098.95     106       0
2026-07-03 19:06:37 | DEBUG  | mt5_data_loader_E.py         | 514  : run                      | if df after "_fetch_candles" is a pd.DataFrame: True
2026-07-03 19:06:37 | DEBUG  | mt5_data_loader_E.py         | 156  : _normalize_df            | starting "_normalize_df" function
2026-07-03 19:06:37 | DEBUG  | mt5_data_loader_E.py         | 165  : _normalize_df            | columns of df at end of part 1 is : ['open', 'high', 'low', 'close', 'volume', 'spread']
2026-07-03 19:06:37 | DEBUG  | mt5_data_loader_E.py         | 171  : _normalize_df            | columns of df at end of part 2 is : ['open', 'high', 'low', 'close', 'volume', 'spread']
2026-07-03 19:06:38 | DEBUG  | mt5_data_loader_E.py         | 518  : run                      | if df after "_normalize_df" is a pd.DataFrame: True
2026-07-03 19:06:38 | INFO   | mt5_data_loader_E.py         | 526  : run                      | TF=M2 | requested=1023 | returned=2781118 | range=2010-01-04 00:14:00+00:00 → 2026-07-03 15:36:00+00:00
2026-07-03 19:06:38 | DEBUG  | mt5_data_loader_E.py         | 156  : _normalize_df            | starting "_normalize_df" function
2026-07-03 19:06:38 | DEBUG  | mt5_data_loader_E.py         | 165  : _normalize_df            | columns of df at end of part 1 is : ['open', 'high', 'low', 'close', 'volume', 'spread']
2026-07-03 19:06:38 | DEBUG  | mt5_data_loader_E.py         | 171  : _normalize_df            | columns of df at end of part 2 is : ['open', 'high', 'low', 'close', 'volume', 'spread']
2026-07-03 19:06:38 | DEBUG  | mt5_data_loader_E.py         | 156  : _normalize_df            | starting "_normalize_df" function
2026-07-03 19:06:38 | DEBUG  | mt5_data_loader_E.py         | 165  : _normalize_df            | columns of df at end of part 1 is : ['open', 'high', 'low', 'close', 'volume', 'spread']
2026-07-03 19:06:38 | DEBUG  | mt5_data_loader_E.py         | 171  : _normalize_df            | columns of df at end of part 2 is : ['open', 'high', 'low', 'close', 'volume', 'spread']
2026-07-03 19:06:41 | INFO   | mt5_data_loader_E.py         | 536  : run                      | Saved: XAUUSD_i M2 → E:\Bot-RL-3\f03_data\raw\XAUUSD_i\M2.parquet (rows: +6 / total 3529443)
2026-07-03 19:06:41 | DEBUG  | mt5_data_loader_E.py         | 343  : _fetch_candles           | symbol        for _fetch_candles is XAUUSD_i
2026-07-03 19:06:41 | DEBUG  | mt5_data_loader_E.py         | 344  : _fetch_candles           | timeframe     for _fetch_candles is M4
2026-07-03 19:06:41 | DEBUG  | mt5_data_loader_E.py         | 345  : _fetch_candles           | lookback_bars for _fetch_candles is 1023
2026-07-03 19:06:41 | DEBUG  | mt5_data_loader_E.py         | 346  : _fetch_candles           | date_from     for _fetch_candles is 2010-01-01 00:00:00+00:00
2026-07-03 19:06:41 | DEBUG  | mt5_data_loader_E.py         | 347  : _fetch_candles           | date_to       for _fetch_candles is 2026-07-03 15:36:28.140994+00:00
2026-07-03 19:06:41 | DEBUG  | mt5_data_loader_E.py         | 348  : _fetch_candles           | range_policy  for _fetch_candles is date
2026-07-03 19:06:42 | DEBUG  | mt5_data_loader_E.py         | 382  : _fetch_candles           | type of DF is <class 'pandas.core.frame.DataFrame'>
2026-07-03 19:06:42 | DEBUG  | mt5_data_loader_E.py         | 383  : _fetch_candles           | Columns of DF are: Index(['open', 'high', 'low', 'close', 'volume', 'spread'], dtype='object')
2026-07-03 19:06:42 | DEBUG  | mt5_data_loader_E.py         | 384  : _fetch_candles           | Len of DF is: 1392111
2026-07-03 19:06:42 | DEBUG  | mt5_data_loader_E.py         | 385  : _fetch_candles           |                               open     high      low    close  volume  spread
time                                                                         
2010-01-04 00:12:00+00:00  1099.50  1099.89  1099.15  1099.36      50       0
2010-01-04 00:16:00+00:00  1099.30  1099.95  1098.54  1099.60     275       0
2010-01-04 00:20:00+00:00  1099.55  1099.95  1098.88  1098.95     193       0
2010-01-04 00:24:00+00:00  1098.98  1099.54  1098.60  1098.87     164       0
2010-01-04 00:28:00+00:00  1098.83  1099.55  1098.42  1098.85     249       0
2026-07-03 19:06:42 | DEBUG  | mt5_data_loader_E.py         | 514  : run                      | if df after "_fetch_candles" is a pd.DataFrame: True
2026-07-03 19:06:42 | DEBUG  | mt5_data_loader_E.py         | 156  : _normalize_df            | starting "_normalize_df" function
2026-07-03 19:06:42 | DEBUG  | mt5_data_loader_E.py         | 165  : _normalize_df            | columns of df at end of part 1 is : ['open', 'high', 'low', 'close', 'volume', 'spread']
2026-07-03 19:06:42 | DEBUG  | mt5_data_loader_E.py         | 171  : _normalize_df            | columns of df at end of part 2 is : ['open', 'high', 'low', 'close', 'volume', 'spread']
2026-07-03 19:06:42 | DEBUG  | mt5_data_loader_E.py         | 518  : run                      | if df after "_normalize_df" is a pd.DataFrame: True
2026-07-03 19:06:42 | INFO   | mt5_data_loader_E.py         | 526  : run                      | TF=M4 | requested=1023 | returned=1392111 | range=2010-01-04 00:12:00+00:00 → 2026-07-03 15:36:00+00:00
2026-07-03 19:06:42 | DEBUG  | mt5_data_loader_E.py         | 156  : _normalize_df            | starting "_normalize_df" function
2026-07-03 19:06:42 | DEBUG  | mt5_data_loader_E.py         | 165  : _normalize_df            | columns of df at end of part 1 is : ['open', 'high', 'low', 'close', 'volume', 'spread']
2026-07-03 19:06:42 | DEBUG  | mt5_data_loader_E.py         | 171  : _normalize_df            | columns of df at end of part 2 is : ['open', 'high', 'low', 'close', 'volume', 'spread']
2026-07-03 19:06:42 | DEBUG  | mt5_data_loader_E.py         | 156  : _normalize_df            | starting "_normalize_df" function
2026-07-03 19:06:42 | DEBUG  | mt5_data_loader_E.py         | 165  : _normalize_df            | columns of df at end of part 1 is : ['open', 'high', 'low', 'close', 'volume', 'spread']
2026-07-03 19:06:42 | DEBUG  | mt5_data_loader_E.py         | 171  : _normalize_df            | columns of df at end of part 2 is : ['open', 'high', 'low', 'close', 'volume', 'spread']
2026-07-03 19:06:43 | INFO   | mt5_connector.py             | 315  : shutdown                 | MT5 shutdown complete.
2026-07-03 19:07:02 | INFO   | main_6_2_orch.py             | 113  : setup_logging            | ============================================================
2026-07-03 19:07:02 | INFO   | main_6_2_orch.py             | 114  : setup_logging            | Bot-RL-3 Starting - Listener-based, No Polling
2026-07-03 19:07:02 | INFO   | main_6_2_orch.py             | 115  : setup_logging            | ============================================================
2026-07-03 19:07:02 | DEBUG  | config_loader.py             | 259  : recurse                  | ENV override connection.mt5_credentials.login (BOT_CONNECTION_MT5_CREDENTIALS_LOGIN) = 52950820
2026-07-03 19:07:02 | DEBUG  | config_loader.py             | 259  : recurse                  | ENV override connection.mt5_credentials.password (BOT_CONNECTION_MT5_CREDENTIALS_PASSWORD) = '99%BeginNika88%'
2026-07-03 19:07:02 | DEBUG  | config_loader.py             | 259  : recurse                  | ENV override connection.mt5_credentials.server (BOT_CONNECTION_MT5_CREDENTIALS_SERVER) = 'Alpari-MT5-Demo'
2026-07-03 19:07:02 | INFO   | config_loader.py             | 476  : reload                   | Config loaded: E:\Bot-RL-3\f01_config\config.yaml (env prefix=BOT_)
2026-07-03 19:07:02 | INFO   | main_6_2_orch.py             | 232  : load_configuration       | Configuration loaded successfully
2026-07-03 19:07:02 | INFO   | feature_B_bootstrap.py       | 146  : build_feature_system     | function 'build_feature_system' is started
2026-07-03 19:07:02 | DEBUG  | config_loader.py             | 259  : recurse                  | ENV override connection.mt5_credentials.login (BOT_CONNECTION_MT5_CREDENTIALS_LOGIN) = 52950820
2026-07-03 19:07:02 | DEBUG  | config_loader.py             | 259  : recurse                  | ENV override connection.mt5_credentials.password (BOT_CONNECTION_MT5_CREDENTIALS_PASSWORD) = '99%BeginNika88%'
2026-07-03 19:07:02 | DEBUG  | config_loader.py             | 259  : recurse                  | ENV override connection.mt5_credentials.server (BOT_CONNECTION_MT5_CREDENTIALS_SERVER) = 'Alpari-MT5-Demo'
2026-07-03 19:07:02 | INFO   | config_loader.py             | 476  : reload                   | Config loaded: E:\Bot-RL-3\f01_config\config.yaml (env prefix=BOT_)
2026-07-03 19:07:02 | DEBUG  | parser.py                    | 244  : parse_spec               | parse_spec: sma(column='close',period=20)@M4 -> ParsedSpec(name='sma', args=[], kwargs={'column': 'close', 'period': 20}, timeframe='M4', raw="sma(column='close',period=20)@M4")
2026-07-03 19:07:02 | DEBUG  | parser.py                    | 244  : parse_spec               | parse_spec: sma(column='close',period=20)@M2 -> ParsedSpec(name='sma', args=[], kwargs={'column': 'close', 'period': 20}, timeframe='M2', raw="sma(column='close',period=20)@M2")
2026-07-03 19:07:02 | DEBUG  | parser.py                    | 244  : parse_spec               | parse_spec: sma(column='close',period=20)@M1 -> ParsedSpec(name='sma', args=[], kwargs={'column': 'close', 'period': 20}, timeframe='M1', raw="sma(column='close',period=20)@M1")
2026-07-03 19:07:02 | INFO   | main_6_2_orch.py             | 293  : _init_components         | MarketDataEngine initialized (live mode)
2026-07-03 19:07:02 | DEBUG  | parser.py                    | 244  : parse_spec               | parse_spec: sma(column='close',period=20)@M4 -> ParsedSpec(name='sma', args=[], kwargs={'column': 'close', 'period': 20}, timeframe='M4', raw="sma(column='close',period=20)@M4")
2026-07-03 19:07:02 | DEBUG  | parser.py                    | 244  : parse_spec               | parse_spec: sma(column='close',period=20)@M2 -> ParsedSpec(name='sma', args=[], kwargs={'column': 'close', 'period': 20}, timeframe='M2', raw="sma(column='close',period=20)@M2")
2026-07-03 19:07:02 | DEBUG  | parser.py                    | 244  : parse_spec               | parse_spec: sma(column='close',period=20)@M1 -> ParsedSpec(name='sma', args=[], kwargs={'column': 'close', 'period': 20}, timeframe='M1', raw="sma(column='close',period=20)@M1")
2026-07-03 19:07:02 | INFO   | main_6_2_orch.py             | 300  : _init_components         | DataHandler initialized and attached to EventBus
2026-07-03 19:07:02 | INFO   | main_6_2_orch.py             | 305  : _init_components         | DataHandler callback registered (listener mode)
2026-07-03 19:07:02 | INFO   | main_6_2_orch.py             | 327  : _init_components         | MT5DataLoader initialized
2026-07-03 19:07:02 | INFO   | main_6_2_orch.py             | 603  : download_historical_data | Starting historical data download...
2026-07-03 19:07:02 | INFO   | main_6_2_orch.py             | 604  : download_historical_data | Parameters: symbols=['XAUUSD_i'], timeframes=['M1', 'M2', 'M4', 'M20', 'H1', 'H4'], lookback_bars=1023
2026-07-03 19:07:02 | INFO   | mt5_connector.py             | 235  : initialize               | MT5 connected: login=52950820 server=Alpari-MT5-Demo name=Farhad Vahedkia
2026-07-03 19:07:02 | DEBUG  | mt5_connector.py             | 345  : _auto_select_symbols     | Symbol selected: XAUUSD_i
2026-07-03 19:07:02 | INFO   | main_6_2_orch.py             | 626  : download_historical_data | Converted date_from=2010-01-01, date_to=2026-07-03T15:37:02.593152Z
2026-07-03 19:07:02 | INFO   | mt5_connector.py             | 235  : initialize               | MT5 connected: login=52950820 server=Alpari-MT5-Demo name=Farhad Vahedkia
2026-07-03 19:07:02 | DEBUG  | mt5_connector.py             | 345  : _auto_select_symbols     | Symbol selected: XAUUSD_i
2026-07-03 19:07:02 | DEBUG  | mt5_data_loader_E.py         | 343  : _fetch_candles           | symbol        for _fetch_candles is XAUUSD_i
2026-07-03 19:07:02 | DEBUG  | mt5_data_loader_E.py         | 344  : _fetch_candles           | timeframe     for _fetch_candles is M1
2026-07-03 19:07:02 | DEBUG  | mt5_data_loader_E.py         | 345  : _fetch_candles           | lookback_bars for _fetch_candles is 1023
2026-07-03 19:07:02 | DEBUG  | mt5_data_loader_E.py         | 346  : _fetch_candles           | date_from     for _fetch_candles is 2010-01-01 00:00:00+00:00
2026-07-03 19:07:02 | DEBUG  | mt5_data_loader_E.py         | 347  : _fetch_candles           | date_to       for _fetch_candles is 2026-07-03 15:37:02.593152+00:00
2026-07-03 19:07:02 | DEBUG  | mt5_data_loader_E.py         | 348  : _fetch_candles           | range_policy  for _fetch_candles is date
2026-07-03 19:07:03 | DEBUG  | mt5_data_loader_E.py         | 514  : run                      | if df after "_fetch_candles" is a pd.DataFrame: True
2026-07-03 19:07:03 | DEBUG  | mt5_data_loader_E.py         | 156  : _normalize_df            | starting "_normalize_df" function
2026-07-03 19:07:03 | DEBUG  | mt5_data_loader_E.py         | 165  : _normalize_df            | columns of df at end of part 1 is : ['open', 'high', 'low', 'close', 'volume', 'spread']
2026-07-03 19:07:03 | DEBUG  | mt5_data_loader_E.py         | 171  : _normalize_df            | columns of df at end of part 2 is : ['open', 'high', 'low', 'close', 'volume', 'spread']
2026-07-03 19:07:04 | DEBUG  | mt5_data_loader_E.py         | 518  : run                      | if df after "_normalize_df" is a pd.DataFrame: True
2026-07-03 19:07:04 | INFO   | mt5_data_loader_E.py         | 526  : run                      | TF=M1 | requested=1023 | returned=5545583 | range=2010-01-04 00:15:00+00:00 → 2026-07-03 15:37:00+00:00
2026-07-03 19:07:04 | DEBUG  | mt5_data_loader_E.py         | 156  : _normalize_df            | starting "_normalize_df" function
2026-07-03 19:07:04 | DEBUG  | mt5_data_loader_E.py         | 165  : _normalize_df            | columns of df at end of part 1 is : ['open', 'high', 'low', 'close', 'volume', 'spread']
2026-07-03 19:07:04 | DEBUG  | mt5_data_loader_E.py         | 171  : _normalize_df            | columns of df at end of part 2 is : ['open', 'high', 'low', 'close', 'volume', 'spread']
2026-07-03 19:07:05 | DEBUG  | mt5_data_loader_E.py         | 156  : _normalize_df            | starting "_normalize_df" function
2026-07-03 19:07:05 | DEBUG  | mt5_data_loader_E.py         | 165  : _normalize_df            | columns of df at end of part 1 is : ['open', 'high', 'low', 'close', 'volume', 'spread']
2026-07-03 19:07:05 | DEBUG  | mt5_data_loader_E.py         | 171  : _normalize_df            | columns of df at end of part 2 is : ['open', 'high', 'low', 'close', 'volume', 'spread']
2026-07-03 19:07:11 | INFO   | mt5_data_loader_E.py         | 536  : run                      | Saved: XAUUSD_i M1 → E:\Bot-RL-3\f03_data\raw\XAUUSD_i\M1.parquet (rows: +1 / total 6838857)
2026-07-03 19:07:11 | DEBUG  | mt5_data_loader_E.py         | 343  : _fetch_candles           | symbol        for _fetch_candles is XAUUSD_i
2026-07-03 19:07:11 | DEBUG  | mt5_data_loader_E.py         | 344  : _fetch_candles           | timeframe     for _fetch_candles is M2
2026-07-03 19:07:11 | DEBUG  | mt5_data_loader_E.py         | 345  : _fetch_candles           | lookback_bars for _fetch_candles is 1023
2026-07-03 19:07:11 | DEBUG  | mt5_data_loader_E.py         | 346  : _fetch_candles           | date_from     for _fetch_candles is 2010-01-01 00:00:00+00:00
2026-07-03 19:07:11 | DEBUG  | mt5_data_loader_E.py         | 347  : _fetch_candles           | date_to       for _fetch_candles is 2026-07-03 15:37:02.593152+00:00
2026-07-03 19:07:11 | DEBUG  | mt5_data_loader_E.py         | 348  : _fetch_candles           | range_policy  for _fetch_candles is date
2026-07-03 19:07:12 | DEBUG  | mt5_data_loader_E.py         | 514  : run                      | if df after "_fetch_candles" is a pd.DataFrame: True
2026-07-03 19:07:12 | DEBUG  | mt5_data_loader_E.py         | 156  : _normalize_df            | starting "_normalize_df" function
2026-07-03 19:07:12 | DEBUG  | mt5_data_loader_E.py         | 165  : _normalize_df            | columns of df at end of part 1 is : ['open', 'high', 'low', 'close', 'volume', 'spread']
2026-07-03 19:07:12 | DEBUG  | mt5_data_loader_E.py         | 171  : _normalize_df            | columns of df at end of part 2 is : ['open', 'high', 'low', 'close', 'volume', 'spread']
2026-07-03 19:07:12 | DEBUG  | mt5_data_loader_E.py         | 518  : run                      | if df after "_normalize_df" is a pd.DataFrame: True
2026-07-03 19:07:12 | INFO   | mt5_data_loader_E.py         | 526  : run                      | TF=M2 | requested=1023 | returned=2781118 | range=2010-01-04 00:14:00+00:00 → 2026-07-03 15:36:00+00:00
2026-07-03 19:07:12 | DEBUG  | mt5_data_loader_E.py         | 156  : _normalize_df            | starting "_normalize_df" function
2026-07-03 19:07:12 | DEBUG  | mt5_data_loader_E.py         | 165  : _normalize_df            | columns of df at end of part 1 is : ['open', 'high', 'low', 'close', 'volume', 'spread']
2026-07-03 19:07:12 | DEBUG  | mt5_data_loader_E.py         | 171  : _normalize_df            | columns of df at end of part 2 is : ['open', 'high', 'low', 'close', 'volume', 'spread']
2026-07-03 19:07:13 | DEBUG  | mt5_data_loader_E.py         | 156  : _normalize_df            | starting "_normalize_df" function
2026-07-03 19:07:13 | DEBUG  | mt5_data_loader_E.py         | 165  : _normalize_df            | columns of df at end of part 1 is : ['open', 'high', 'low', 'close', 'volume', 'spread']
2026-07-03 19:07:13 | DEBUG  | mt5_data_loader_E.py         | 171  : _normalize_df            | columns of df at end of part 2 is : ['open', 'high', 'low', 'close', 'volume', 'spread']
2026-07-03 19:07:16 | INFO   | mt5_data_loader_E.py         | 536  : run                      | Saved: XAUUSD_i M2 → E:\Bot-RL-3\f03_data\raw\XAUUSD_i\M2.parquet (rows: +0 / total 3529443)
2026-07-03 19:07:16 | DEBUG  | mt5_data_loader_E.py         | 343  : _fetch_candles           | symbol        for _fetch_candles is XAUUSD_i
2026-07-03 19:07:16 | DEBUG  | mt5_data_loader_E.py         | 344  : _fetch_candles           | timeframe     for _fetch_candles is M4
2026-07-03 19:07:16 | DEBUG  | mt5_data_loader_E.py         | 345  : _fetch_candles           | lookback_bars for _fetch_candles is 1023
2026-07-03 19:07:16 | DEBUG  | mt5_data_loader_E.py         | 346  : _fetch_candles           | date_from     for _fetch_candles is 2010-01-01 00:00:00+00:00
2026-07-03 19:07:16 | DEBUG  | mt5_data_loader_E.py         | 347  : _fetch_candles           | date_to       for _fetch_candles is 2026-07-03 15:37:02.593152+00:00
2026-07-03 19:07:16 | DEBUG  | mt5_data_loader_E.py         | 348  : _fetch_candles           | range_policy  for _fetch_candles is date
2026-07-03 19:07:16 | DEBUG  | mt5_data_loader_E.py         | 514  : run                      | if df after "_fetch_candles" is a pd.DataFrame: True
2026-07-03 19:07:16 | DEBUG  | mt5_data_loader_E.py         | 156  : _normalize_df            | starting "_normalize_df" function
2026-07-03 19:07:16 | DEBUG  | mt5_data_loader_E.py         | 165  : _normalize_df            | columns of df at end of part 1 is : ['open', 'high', 'low', 'close', 'volume', 'spread']
2026-07-03 19:07:16 | DEBUG  | mt5_data_loader_E.py         | 171  : _normalize_df            | columns of df at end of part 2 is : ['open', 'high', 'low', 'close', 'volume', 'spread']
2026-07-03 19:07:16 | DEBUG  | mt5_data_loader_E.py         | 518  : run                      | if df after "_normalize_df" is a pd.DataFrame: True
2026-07-03 19:07:16 | INFO   | mt5_data_loader_E.py         | 526  : run                      | TF=M4 | requested=1023 | returned=1392111 | range=2010-01-04 00:12:00+00:00 → 2026-07-03 15:36:00+00:00
2026-07-03 19:07:16 | DEBUG  | mt5_data_loader_E.py         | 156  : _normalize_df            | starting "_normalize_df" function
2026-07-03 19:07:16 | DEBUG  | mt5_data_loader_E.py         | 165  : _normalize_df            | columns of df at end of part 1 is : ['open', 'high', 'low', 'close', 'volume', 'spread']
2026-07-03 19:07:16 | DEBUG  | mt5_data_loader_E.py         | 171  : _normalize_df            | columns of df at end of part 2 is : ['open', 'high', 'low', 'close', 'volume', 'spread']
2026-07-03 19:07:17 | DEBUG  | mt5_data_loader_E.py         | 156  : _normalize_df            | starting "_normalize_df" function
2026-07-03 19:07:17 | DEBUG  | mt5_data_loader_E.py         | 165  : _normalize_df            | columns of df at end of part 1 is : ['open', 'high', 'low', 'close', 'volume', 'spread']
2026-07-03 19:07:17 | DEBUG  | mt5_data_loader_E.py         | 171  : _normalize_df            | columns of df at end of part 2 is : ['open', 'high', 'low', 'close', 'volume', 'spread']
2026-07-03 19:07:18 | INFO   | mt5_data_loader_E.py         | 536  : run                      | Saved: XAUUSD_i M4 → E:\Bot-RL-3\f03_data\raw\XAUUSD_i\M4.parquet (rows: +3 / total 1807863)
2026-07-03 19:07:18 | DEBUG  | mt5_data_loader_E.py         | 343  : _fetch_candles           | symbol        for _fetch_candles is XAUUSD_i
2026-07-03 19:07:18 | DEBUG  | mt5_data_loader_E.py         | 344  : _fetch_candles           | timeframe     for _fetch_candles is M20
2026-07-03 19:07:18 | DEBUG  | mt5_data_loader_E.py         | 345  : _fetch_candles           | lookback_bars for _fetch_candles is 1023
2026-07-03 19:07:18 | DEBUG  | mt5_data_loader_E.py         | 346  : _fetch_candles           | date_from     for _fetch_candles is 2010-01-01 00:00:00+00:00
2026-07-03 19:07:18 | DEBUG  | mt5_data_loader_E.py         | 347  : _fetch_candles           | date_to       for _fetch_candles is 2026-07-03 15:37:02.593152+00:00
2026-07-03 19:07:18 | DEBUG  | mt5_data_loader_E.py         | 348  : _fetch_candles           | range_policy  for _fetch_candles is date
2026-07-03 19:07:18 | DEBUG  | mt5_data_loader_E.py         | 514  : run                      | if df after "_fetch_candles" is a pd.DataFrame: True
2026-07-03 19:07:18 | DEBUG  | mt5_data_loader_E.py         | 156  : _normalize_df            | starting "_normalize_df" function
2026-07-03 19:07:18 | DEBUG  | mt5_data_loader_E.py         | 165  : _normalize_df            | columns of df at end of part 1 is : ['open', 'high', 'low', 'close', 'volume', 'spread']
2026-07-03 19:07:18 | DEBUG  | mt5_data_loader_E.py         | 171  : _normalize_df            | columns of df at end of part 2 is : ['open', 'high', 'low', 'close', 'volume', 'spread']
2026-07-03 19:07:18 | DEBUG  | mt5_data_loader_E.py         | 518  : run                      | if df after "_normalize_df" is a pd.DataFrame: True
2026-07-03 19:07:18 | INFO   | mt5_data_loader_E.py         | 526  : run                      | TF=M20 | requested=1023 | returned=280729 | range=2010-01-04 00:00:00+00:00 → 2026-07-03 15:20:00+00:00
2026-07-03 19:07:18 | DEBUG  | mt5_data_loader_E.py         | 156  : _normalize_df            | starting "_normalize_df" function
2026-07-03 19:07:18 | DEBUG  | mt5_data_loader_E.py         | 165  : _normalize_df            | columns of df at end of part 1 is : ['open', 'high', 'low', 'close', 'volume', 'spread']
2026-07-03 19:07:18 | DEBUG  | mt5_data_loader_E.py         | 171  : _normalize_df            | columns of df at end of part 2 is : ['open', 'high', 'low', 'close', 'volume', 'spread']
2026-07-03 19:07:18 | DEBUG  | mt5_data_loader_E.py         | 156  : _normalize_df            | starting "_normalize_df" function
2026-07-03 19:07:18 | DEBUG  | mt5_data_loader_E.py         | 165  : _normalize_df            | columns of df at end of part 1 is : ['open', 'high', 'low', 'close', 'volume', 'spread']
2026-07-03 19:07:18 | DEBUG  | mt5_data_loader_E.py         | 171  : _normalize_df            | columns of df at end of part 2 is : ['open', 'high', 'low', 'close', 'volume', 'spread']
2026-07-03 19:07:19 | INFO   | mt5_data_loader_E.py         | 536  : run                      | Saved: XAUUSD_i M20 → E:\Bot-RL-3\f03_data\raw\XAUUSD_i\M20.parquet (rows: +0 / total 374720)
2026-07-03 19:07:19 | DEBUG  | mt5_data_loader_E.py         | 343  : _fetch_candles           | symbol        for _fetch_candles is XAUUSD_i
2026-07-03 19:07:19 | DEBUG  | mt5_data_loader_E.py         | 344  : _fetch_candles           | timeframe     for _fetch_candles is H1
2026-07-03 19:07:19 | DEBUG  | mt5_data_loader_E.py         | 345  : _fetch_candles           | lookback_bars for _fetch_candles is 1023
2026-07-03 19:07:19 | DEBUG  | mt5_data_loader_E.py         | 346  : _fetch_candles           | date_from     for _fetch_candles is 2010-01-01 00:00:00+00:00
2026-07-03 19:07:19 | DEBUG  | mt5_data_loader_E.py         | 347  : _fetch_candles           | date_to       for _fetch_candles is 2026-07-03 15:37:02.593152+00:00
2026-07-03 19:07:19 | DEBUG  | mt5_data_loader_E.py         | 348  : _fetch_candles           | range_policy  for _fetch_candles is date
2026-07-03 19:07:19 | DEBUG  | mt5_data_loader_E.py         | 514  : run                      | if df after "_fetch_candles" is a pd.DataFrame: True
2026-07-03 19:07:19 | DEBUG  | mt5_data_loader_E.py         | 156  : _normalize_df            | starting "_normalize_df" function
2026-07-03 19:07:19 | DEBUG  | mt5_data_loader_E.py         | 165  : _normalize_df            | columns of df at end of part 1 is : ['open', 'high', 'low', 'close', 'volume', 'spread']
2026-07-03 19:07:19 | DEBUG  | mt5_data_loader_E.py         | 171  : _normalize_df            | columns of df at end of part 2 is : ['open', 'high', 'low', 'close', 'volume', 'spread']
2026-07-03 19:07:19 | DEBUG  | mt5_data_loader_E.py         | 518  : run                      | if df after "_normalize_df" is a pd.DataFrame: True
2026-07-03 19:07:19 | INFO   | mt5_data_loader_E.py         | 526  : run                      | TF=H1 | requested=1023 | returned=94279 | range=2010-01-04 00:00:00+00:00 → 2026-07-03 15:00:00+00:00
2026-07-03 19:07:19 | DEBUG  | mt5_data_loader_E.py         | 156  : _normalize_df            | starting "_normalize_df" function
2026-07-03 19:07:19 | DEBUG  | mt5_data_loader_E.py         | 165  : _normalize_df            | columns of df at end of part 1 is : ['open', 'high', 'low', 'close', 'volume', 'spread']
2026-07-03 19:07:19 | DEBUG  | mt5_data_loader_E.py         | 171  : _normalize_df            | columns of df at end of part 2 is : ['open', 'high', 'low', 'close', 'volume', 'spread']
2026-07-03 19:07:19 | DEBUG  | mt5_data_loader_E.py         | 156  : _normalize_df            | starting "_normalize_df" function
2026-07-03 19:07:19 | DEBUG  | mt5_data_loader_E.py         | 165  : _normalize_df            | columns of df at end of part 1 is : ['open', 'high', 'low', 'close', 'volume', 'spread']
2026-07-03 19:07:19 | DEBUG  | mt5_data_loader_E.py         | 171  : _normalize_df            | columns of df at end of part 2 is : ['open', 'high', 'low', 'close', 'volume', 'spread']
2026-07-03 19:07:19 | INFO   | mt5_data_loader_E.py         | 536  : run                      | Saved: XAUUSD_i H1 → E:\Bot-RL-3\f03_data\raw\XAUUSD_i\H1.parquet (rows: +0 / total 126173)
2026-07-03 19:07:19 | DEBUG  | mt5_data_loader_E.py         | 343  : _fetch_candles           | symbol        for _fetch_candles is XAUUSD_i
2026-07-03 19:07:19 | DEBUG  | mt5_data_loader_E.py         | 344  : _fetch_candles           | timeframe     for _fetch_candles is H4
2026-07-03 19:07:19 | DEBUG  | mt5_data_loader_E.py         | 345  : _fetch_candles           | lookback_bars for _fetch_candles is 1023
2026-07-03 19:07:19 | DEBUG  | mt5_data_loader_E.py         | 346  : _fetch_candles           | date_from     for _fetch_candles is 2010-01-01 00:00:00+00:00
2026-07-03 19:07:19 | DEBUG  | mt5_data_loader_E.py         | 347  : _fetch_candles           | date_to       for _fetch_candles is 2026-07-03 15:37:02.593152+00:00
2026-07-03 19:07:19 | DEBUG  | mt5_data_loader_E.py         | 348  : _fetch_candles           | range_policy  for _fetch_candles is date
2026-07-03 19:07:19 | DEBUG  | mt5_data_loader_E.py         | 514  : run                      | if df after "_fetch_candles" is a pd.DataFrame: True
2026-07-03 19:07:19 | DEBUG  | mt5_data_loader_E.py         | 156  : _normalize_df            | starting "_normalize_df" function
2026-07-03 19:07:19 | DEBUG  | mt5_data_loader_E.py         | 165  : _normalize_df            | columns of df at end of part 1 is : ['open', 'high', 'low', 'close', 'volume', 'spread']
2026-07-03 19:07:19 | DEBUG  | mt5_data_loader_E.py         | 171  : _normalize_df            | columns of df at end of part 2 is : ['open', 'high', 'low', 'close', 'volume', 'spread']
2026-07-03 19:07:19 | DEBUG  | mt5_data_loader_E.py         | 518  : run                      | if df after "_normalize_df" is a pd.DataFrame: True
2026-07-03 19:07:19 | INFO   | mt5_data_loader_E.py         | 526  : run                      | TF=H4 | requested=1023 | returned=25407 | range=2010-01-04 00:00:00+00:00 → 2026-07-03 12:00:00+00:00
2026-07-03 19:07:19 | DEBUG  | mt5_data_loader_E.py         | 156  : _normalize_df            | starting "_normalize_df" function
2026-07-03 19:07:19 | DEBUG  | mt5_data_loader_E.py         | 165  : _normalize_df            | columns of df at end of part 1 is : ['open', 'high', 'low', 'close', 'volume', 'spread']
2026-07-03 19:07:19 | DEBUG  | mt5_data_loader_E.py         | 171  : _normalize_df            | columns of df at end of part 2 is : ['open', 'high', 'low', 'close', 'volume', 'spread']
2026-07-03 19:07:19 | DEBUG  | mt5_data_loader_E.py         | 156  : _normalize_df            | starting "_normalize_df" function
2026-07-03 19:07:19 | DEBUG  | mt5_data_loader_E.py         | 165  : _normalize_df            | columns of df at end of part 1 is : ['open', 'high', 'low', 'close', 'volume', 'spread']
2026-07-03 19:07:19 | DEBUG  | mt5_data_loader_E.py         | 171  : _normalize_df            | columns of df at end of part 2 is : ['open', 'high', 'low', 'close', 'volume', 'spread']
2026-07-03 19:07:19 | INFO   | mt5_data_loader_E.py         | 536  : run                      | Saved: XAUUSD_i H4 → E:\Bot-RL-3\f03_data\raw\XAUUSD_i\H4.parquet (rows: +0 / total 33782)
2026-07-03 19:07:19 | INFO   | mt5_connector.py             | 315  : shutdown                 | MT5 shutdown complete.
2026-07-03 19:07:19 | INFO   | main_6_2_orch.py             | 641  : download_historical_data | Downloaded: XAUUSD_i/M1 - 1 rows
2026-07-03 19:07:19 | INFO   | main_6_2_orch.py             | 641  : download_historical_data | Downloaded: XAUUSD_i/M2 - 0 rows
2026-07-03 19:07:19 | INFO   | main_6_2_orch.py             | 641  : download_historical_data | Downloaded: XAUUSD_i/M4 - 3 rows
2026-07-03 19:07:19 | INFO   | main_6_2_orch.py             | 641  : download_historical_data | Downloaded: XAUUSD_i/M20 - 0 rows
2026-07-03 19:07:19 | INFO   | main_6_2_orch.py             | 641  : download_historical_data | Downloaded: XAUUSD_i/H1 - 0 rows
2026-07-03 19:07:19 | INFO   | main_6_2_orch.py             | 641  : download_historical_data | Downloaded: XAUUSD_i/H4 - 0 rows
2026-07-03 19:07:19 | INFO   | main_6_2_orch.py             | 642  : download_historical_data | Historical data download completed
2026-07-03 19:07:19 | INFO   | mt5_connector.py             | 315  : shutdown                 | MT5 shutdown complete.
2026-07-03 19:16:40 | INFO   | main_6_2_orch.py             | 113  : setup_logging            | ============================================================
2026-07-03 19:16:40 | INFO   | main_6_2_orch.py             | 114  : setup_logging            | Bot-RL-3 Starting - Listener-based, No Polling
2026-07-03 19:16:40 | INFO   | main_6_2_orch.py             | 115  : setup_logging            | ============================================================
2026-07-03 19:16:40 | DEBUG  | config_loader.py             | 259  : recurse                  | ENV override connection.mt5_credentials.login (BOT_CONNECTION_MT5_CREDENTIALS_LOGIN) = 52950820
2026-07-03 19:16:40 | DEBUG  | config_loader.py             | 259  : recurse                  | ENV override connection.mt5_credentials.password (BOT_CONNECTION_MT5_CREDENTIALS_PASSWORD) = '99%BeginNika88%'
2026-07-03 19:16:40 | DEBUG  | config_loader.py             | 259  : recurse                  | ENV override connection.mt5_credentials.server (BOT_CONNECTION_MT5_CREDENTIALS_SERVER) = 'Alpari-MT5-Demo'
2026-07-03 19:16:40 | INFO   | config_loader.py             | 476  : reload                   | Config loaded: E:\Bot-RL-3\f01_config\config.yaml (env prefix=BOT_)
2026-07-03 19:16:40 | INFO   | main_6_2_orch.py             | 232  : load_configuration       | Configuration loaded successfully
2026-07-03 19:16:40 | INFO   | feature_B_bootstrap.py       | 146  : build_feature_system     | function 'build_feature_system' is started
2026-07-03 19:16:40 | DEBUG  | config_loader.py             | 259  : recurse                  | ENV override connection.mt5_credentials.login (BOT_CONNECTION_MT5_CREDENTIALS_LOGIN) = 52950820
2026-07-03 19:16:40 | DEBUG  | config_loader.py             | 259  : recurse                  | ENV override connection.mt5_credentials.password (BOT_CONNECTION_MT5_CREDENTIALS_PASSWORD) = '99%BeginNika88%'
2026-07-03 19:16:40 | DEBUG  | config_loader.py             | 259  : recurse                  | ENV override connection.mt5_credentials.server (BOT_CONNECTION_MT5_CREDENTIALS_SERVER) = 'Alpari-MT5-Demo'
2026-07-03 19:16:40 | INFO   | config_loader.py             | 476  : reload                   | Config loaded: E:\Bot-RL-3\f01_config\config.yaml (env prefix=BOT_)
2026-07-03 19:16:40 | DEBUG  | parser.py                    | 244  : parse_spec               | parse_spec: sma(column='close',period=20)@M4 -> ParsedSpec(name='sma', args=[], kwargs={'column': 'close', 'period': 20}, timeframe='M4', raw="sma(column='close',period=20)@M4")
2026-07-03 19:16:40 | DEBUG  | parser.py                    | 244  : parse_spec               | parse_spec: sma(column='close',period=20)@M2 -> ParsedSpec(name='sma', args=[], kwargs={'column': 'close', 'period': 20}, timeframe='M2', raw="sma(column='close',period=20)@M2")
2026-07-03 19:16:40 | DEBUG  | parser.py                    | 244  : parse_spec               | parse_spec: sma(column='close',period=20)@M1 -> ParsedSpec(name='sma', args=[], kwargs={'column': 'close', 'period': 20}, timeframe='M1', raw="sma(column='close',period=20)@M1")
2026-07-03 19:16:40 | INFO   | main_6_2_orch.py             | 293  : _init_components         | MarketDataEngine initialized (live mode)
2026-07-03 19:16:40 | DEBUG  | parser.py                    | 244  : parse_spec               | parse_spec: sma(column='close',period=20)@M4 -> ParsedSpec(name='sma', args=[], kwargs={'column': 'close', 'period': 20}, timeframe='M4', raw="sma(column='close',period=20)@M4")
2026-07-03 19:16:40 | DEBUG  | parser.py                    | 244  : parse_spec               | parse_spec: sma(column='close',period=20)@M2 -> ParsedSpec(name='sma', args=[], kwargs={'column': 'close', 'period': 20}, timeframe='M2', raw="sma(column='close',period=20)@M2")
2026-07-03 19:16:40 | DEBUG  | parser.py                    | 244  : parse_spec               | parse_spec: sma(column='close',period=20)@M1 -> ParsedSpec(name='sma', args=[], kwargs={'column': 'close', 'period': 20}, timeframe='M1', raw="sma(column='close',period=20)@M1")
2026-07-03 19:16:40 | INFO   | main_6_2_orch.py             | 300  : _init_components         | DataHandler initialized and attached to EventBus
2026-07-03 19:16:40 | INFO   | main_6_2_orch.py             | 305  : _init_components         | DataHandler callback registered (listener mode)
2026-07-03 19:16:40 | INFO   | main_6_2_orch.py             | 327  : _init_components         | MT5DataLoader initialized
2026-07-03 19:16:40 | INFO   | main_6_2_orch.py             | 603  : download_historical_data | Starting historical data download...
2026-07-03 19:16:40 | INFO   | main_6_2_orch.py             | 604  : download_historical_data | Parameters: symbols=['XAUUSD_i'], timeframes=['M1', 'M2', 'M4', 'M20', 'H1', 'H4'], lookback_bars=1023
2026-07-03 19:16:40 | INFO   | mt5_connector.py             | 235  : initialize               | MT5 connected: login=52950820 server=Alpari-MT5-Demo name=Farhad Vahedkia
2026-07-03 19:16:40 | DEBUG  | mt5_connector.py             | 345  : _auto_select_symbols     | Symbol selected: XAUUSD_i
2026-07-03 19:16:40 | INFO   | main_6_2_orch.py             | 626  : download_historical_data | Converted date_from=2010-01-01, date_to=2026-07-03T15:46:40.552733Z
2026-07-03 19:16:40 | INFO   | mt5_connector.py             | 235  : initialize               | MT5 connected: login=52950820 server=Alpari-MT5-Demo name=Farhad Vahedkia
2026-07-03 19:16:40 | DEBUG  | mt5_connector.py             | 345  : _auto_select_symbols     | Symbol selected: XAUUSD_i
2026-07-03 19:16:40 | DEBUG  | mt5_data_loader_E.py         | 343  : _fetch_candles           | symbol        for _fetch_candles is XAUUSD_i
2026-07-03 19:16:40 | DEBUG  | mt5_data_loader_E.py         | 344  : _fetch_candles           | timeframe     for _fetch_candles is M1
2026-07-03 19:16:40 | DEBUG  | mt5_data_loader_E.py         | 345  : _fetch_candles           | lookback_bars for _fetch_candles is 1023
2026-07-03 19:16:40 | DEBUG  | mt5_data_loader_E.py         | 346  : _fetch_candles           | date_from     for _fetch_candles is 2010-01-01 00:00:00+00:00
2026-07-03 19:16:40 | DEBUG  | mt5_data_loader_E.py         | 347  : _fetch_candles           | date_to       for _fetch_candles is 2026-07-03 15:46:40.552733+00:00
2026-07-03 19:16:40 | DEBUG  | mt5_data_loader_E.py         | 348  : _fetch_candles           | range_policy  for _fetch_candles is count
2026-07-03 19:16:41 | DEBUG  | mt5_data_loader_E.py         | 514  : run                      | if df after "_fetch_candles" is a pd.DataFrame: True
2026-07-03 19:16:41 | DEBUG  | mt5_data_loader_E.py         | 156  : _normalize_df            | starting "_normalize_df" function
2026-07-03 19:16:41 | DEBUG  | mt5_data_loader_E.py         | 165  : _normalize_df            | columns of df at end of part 1 is : ['open', 'high', 'low', 'close', 'volume', 'spread']
2026-07-03 19:16:41 | DEBUG  | mt5_data_loader_E.py         | 171  : _normalize_df            | columns of df at end of part 2 is : ['open', 'high', 'low', 'close', 'volume', 'spread']
2026-07-03 19:16:41 | DEBUG  | mt5_data_loader_E.py         | 518  : run                      | if df after "_normalize_df" is a pd.DataFrame: True
2026-07-03 19:16:41 | INFO   | mt5_data_loader_E.py         | 526  : run                      | TF=M1 | requested=1023 | returned=1023 | range=2026-07-03 01:44:00+00:00 → 2026-07-03 18:46:00+00:00
2026-07-03 19:16:41 | DEBUG  | mt5_data_loader_E.py         | 156  : _normalize_df            | starting "_normalize_df" function
2026-07-03 19:16:41 | DEBUG  | mt5_data_loader_E.py         | 165  : _normalize_df            | columns of df at end of part 1 is : ['open', 'high', 'low', 'close', 'volume', 'spread']
2026-07-03 19:16:41 | DEBUG  | mt5_data_loader_E.py         | 171  : _normalize_df            | columns of df at end of part 2 is : ['open', 'high', 'low', 'close', 'volume', 'spread']
2026-07-03 19:16:42 | DEBUG  | mt5_data_loader_E.py         | 156  : _normalize_df            | starting "_normalize_df" function
2026-07-03 19:16:42 | DEBUG  | mt5_data_loader_E.py         | 165  : _normalize_df            | columns of df at end of part 1 is : ['open', 'high', 'low', 'close', 'volume', 'spread']
2026-07-03 19:16:42 | DEBUG  | mt5_data_loader_E.py         | 171  : _normalize_df            | columns of df at end of part 2 is : ['open', 'high', 'low', 'close', 'volume', 'spread']
2026-07-03 19:16:47 | INFO   | mt5_data_loader_E.py         | 536  : run                      | Saved: XAUUSD_i M1 → E:\Bot-RL-3\f03_data\raw\XAUUSD_i\M1.parquet (rows: +189 / total 6839046)
2026-07-03 19:16:47 | DEBUG  | mt5_data_loader_E.py         | 343  : _fetch_candles           | symbol        for _fetch_candles is XAUUSD_i
2026-07-03 19:16:47 | DEBUG  | mt5_data_loader_E.py         | 344  : _fetch_candles           | timeframe     for _fetch_candles is M2
2026-07-03 19:16:47 | DEBUG  | mt5_data_loader_E.py         | 345  : _fetch_candles           | lookback_bars for _fetch_candles is 1023
2026-07-03 19:16:47 | DEBUG  | mt5_data_loader_E.py         | 346  : _fetch_candles           | date_from     for _fetch_candles is 2010-01-01 00:00:00+00:00
2026-07-03 19:16:47 | DEBUG  | mt5_data_loader_E.py         | 347  : _fetch_candles           | date_to       for _fetch_candles is 2026-07-03 15:46:40.552733+00:00
2026-07-03 19:16:47 | DEBUG  | mt5_data_loader_E.py         | 348  : _fetch_candles           | range_policy  for _fetch_candles is count
2026-07-03 19:16:48 | DEBUG  | mt5_data_loader_E.py         | 514  : run                      | if df after "_fetch_candles" is a pd.DataFrame: True
2026-07-03 19:16:48 | DEBUG  | mt5_data_loader_E.py         | 156  : _normalize_df            | starting "_normalize_df" function
2026-07-03 19:16:48 | DEBUG  | mt5_data_loader_E.py         | 165  : _normalize_df            | columns of df at end of part 1 is : ['open', 'high', 'low', 'close', 'volume', 'spread']
2026-07-03 19:16:48 | DEBUG  | mt5_data_loader_E.py         | 171  : _normalize_df            | columns of df at end of part 2 is : ['open', 'high', 'low', 'close', 'volume', 'spread']
2026-07-03 19:16:48 | DEBUG  | mt5_data_loader_E.py         | 518  : run                      | if df after "_normalize_df" is a pd.DataFrame: True
2026-07-03 19:16:48 | INFO   | mt5_data_loader_E.py         | 526  : run                      | TF=M2 | requested=1023 | returned=1023 | range=2026-07-02 07:34:00+00:00 → 2026-07-03 18:46:00+00:00
2026-07-03 19:16:48 | DEBUG  | mt5_data_loader_E.py         | 156  : _normalize_df            | starting "_normalize_df" function
2026-07-03 19:16:48 | DEBUG  | mt5_data_loader_E.py         | 165  : _normalize_df            | columns of df at end of part 1 is : ['open', 'high', 'low', 'close', 'volume', 'spread']
2026-07-03 19:16:48 | DEBUG  | mt5_data_loader_E.py         | 171  : _normalize_df            | columns of df at end of part 2 is : ['open', 'high', 'low', 'close', 'volume', 'spread']
2026-07-03 19:16:48 | DEBUG  | mt5_data_loader_E.py         | 156  : _normalize_df            | starting "_normalize_df" function
2026-07-03 19:16:48 | DEBUG  | mt5_data_loader_E.py         | 165  : _normalize_df            | columns of df at end of part 1 is : ['open', 'high', 'low', 'close', 'volume', 'spread']
2026-07-03 19:16:48 | DEBUG  | mt5_data_loader_E.py         | 171  : _normalize_df            | columns of df at end of part 2 is : ['open', 'high', 'low', 'close', 'volume', 'spread']
2026-07-03 19:16:51 | INFO   | mt5_data_loader_E.py         | 536  : run                      | Saved: XAUUSD_i M2 → E:\Bot-RL-3\f03_data\raw\XAUUSD_i\M2.parquet (rows: +95 / total 3529538)
2026-07-03 19:16:51 | DEBUG  | mt5_data_loader_E.py         | 343  : _fetch_candles           | symbol        for _fetch_candles is XAUUSD_i
2026-07-03 19:16:51 | DEBUG  | mt5_data_loader_E.py         | 344  : _fetch_candles           | timeframe     for _fetch_candles is M4
2026-07-03 19:16:51 | DEBUG  | mt5_data_loader_E.py         | 345  : _fetch_candles           | lookback_bars for _fetch_candles is 1023
2026-07-03 19:16:51 | DEBUG  | mt5_data_loader_E.py         | 346  : _fetch_candles           | date_from     for _fetch_candles is 2010-01-01 00:00:00+00:00
2026-07-03 19:16:51 | DEBUG  | mt5_data_loader_E.py         | 347  : _fetch_candles           | date_to       for _fetch_candles is 2026-07-03 15:46:40.552733+00:00
2026-07-03 19:16:51 | DEBUG  | mt5_data_loader_E.py         | 348  : _fetch_candles           | range_policy  for _fetch_candles is count
2026-07-03 19:16:51 | DEBUG  | mt5_data_loader_E.py         | 514  : run                      | if df after "_fetch_candles" is a pd.DataFrame: True
2026-07-03 19:16:51 | DEBUG  | mt5_data_loader_E.py         | 156  : _normalize_df            | starting "_normalize_df" function
2026-07-03 19:16:51 | DEBUG  | mt5_data_loader_E.py         | 165  : _normalize_df            | columns of df at end of part 1 is : ['open', 'high', 'low', 'close', 'volume', 'spread']
2026-07-03 19:16:51 | DEBUG  | mt5_data_loader_E.py         | 171  : _normalize_df            | columns of df at end of part 2 is : ['open', 'high', 'low', 'close', 'volume', 'spread']
2026-07-03 19:16:51 | DEBUG  | mt5_data_loader_E.py         | 518  : run                      | if df after "_normalize_df" is a pd.DataFrame: True
2026-07-03 19:16:51 | INFO   | mt5_data_loader_E.py         | 526  : run                      | TF=M4 | requested=1023 | returned=1023 | range=2026-06-30 19:12:00+00:00 → 2026-07-03 18:44:00+00:00
2026-07-03 19:16:51 | DEBUG  | mt5_data_loader_E.py         | 156  : _normalize_df            | starting "_normalize_df" function
2026-07-03 19:16:51 | DEBUG  | mt5_data_loader_E.py         | 165  : _normalize_df            | columns of df at end of part 1 is : ['open', 'high', 'low', 'close', 'volume', 'spread']
2026-07-03 19:16:51 | DEBUG  | mt5_data_loader_E.py         | 171  : _normalize_df            | columns of df at end of part 2 is : ['open', 'high', 'low', 'close', 'volume', 'spread']
2026-07-03 19:16:51 | DEBUG  | mt5_data_loader_E.py         | 156  : _normalize_df            | starting "_normalize_df" function
2026-07-03 19:16:51 | DEBUG  | mt5_data_loader_E.py         | 165  : _normalize_df            | columns of df at end of part 1 is : ['open', 'high', 'low', 'close', 'volume', 'spread']
2026-07-03 19:16:51 | DEBUG  | mt5_data_loader_E.py         | 171  : _normalize_df            | columns of df at end of part 2 is : ['open', 'high', 'low', 'close', 'volume', 'spread']
2026-07-03 19:16:52 | INFO   | mt5_data_loader_E.py         | 536  : run                      | Saved: XAUUSD_i M4 → E:\Bot-RL-3\f03_data\raw\XAUUSD_i\M4.parquet (rows: +47 / total 1807910)
2026-07-03 19:16:52 | DEBUG  | mt5_data_loader_E.py         | 343  : _fetch_candles           | symbol        for _fetch_candles is XAUUSD_i
2026-07-03 19:16:52 | DEBUG  | mt5_data_loader_E.py         | 344  : _fetch_candles           | timeframe     for _fetch_candles is M20
2026-07-03 19:16:52 | DEBUG  | mt5_data_loader_E.py         | 345  : _fetch_candles           | lookback_bars for _fetch_candles is 1023
2026-07-03 19:16:52 | DEBUG  | mt5_data_loader_E.py         | 346  : _fetch_candles           | date_from     for _fetch_candles is 2010-01-01 00:00:00+00:00
2026-07-03 19:16:52 | DEBUG  | mt5_data_loader_E.py         | 347  : _fetch_candles           | date_to       for _fetch_candles is 2026-07-03 15:46:40.552733+00:00
2026-07-03 19:16:52 | DEBUG  | mt5_data_loader_E.py         | 348  : _fetch_candles           | range_policy  for _fetch_candles is count
2026-07-03 19:16:52 | DEBUG  | mt5_data_loader_E.py         | 514  : run                      | if df after "_fetch_candles" is a pd.DataFrame: True
2026-07-03 19:16:52 | DEBUG  | mt5_data_loader_E.py         | 156  : _normalize_df            | starting "_normalize_df" function
2026-07-03 19:16:52 | DEBUG  | mt5_data_loader_E.py         | 165  : _normalize_df            | columns of df at end of part 1 is : ['open', 'high', 'low', 'close', 'volume', 'spread']
2026-07-03 19:16:52 | DEBUG  | mt5_data_loader_E.py         | 171  : _normalize_df            | columns of df at end of part 2 is : ['open', 'high', 'low', 'close', 'volume', 'spread']
2026-07-03 19:16:52 | DEBUG  | mt5_data_loader_E.py         | 518  : run                      | if df after "_normalize_df" is a pd.DataFrame: True
2026-07-03 19:16:52 | INFO   | mt5_data_loader_E.py         | 526  : run                      | TF=M20 | requested=1023 | returned=1023 | range=2026-06-12 19:00:00+00:00 → 2026-07-03 18:40:00+00:00
2026-07-03 19:16:52 | DEBUG  | mt5_data_loader_E.py         | 156  : _normalize_df            | starting "_normalize_df" function
2026-07-03 19:16:52 | DEBUG  | mt5_data_loader_E.py         | 165  : _normalize_df            | columns of df at end of part 1 is : ['open', 'high', 'low', 'close', 'volume', 'spread']
2026-07-03 19:16:52 | DEBUG  | mt5_data_loader_E.py         | 171  : _normalize_df            | columns of df at end of part 2 is : ['open', 'high', 'low', 'close', 'volume', 'spread']
2026-07-03 19:16:52 | DEBUG  | mt5_data_loader_E.py         | 156  : _normalize_df            | starting "_normalize_df" function
2026-07-03 19:16:52 | DEBUG  | mt5_data_loader_E.py         | 165  : _normalize_df            | columns of df at end of part 1 is : ['open', 'high', 'low', 'close', 'volume', 'spread']
2026-07-03 19:16:52 | DEBUG  | mt5_data_loader_E.py         | 171  : _normalize_df            | columns of df at end of part 2 is : ['open', 'high', 'low', 'close', 'volume', 'spread']
2026-07-03 19:16:53 | INFO   | mt5_data_loader_E.py         | 536  : run                      | Saved: XAUUSD_i M20 → E:\Bot-RL-3\f03_data\raw\XAUUSD_i\M20.parquet (rows: +10 / total 374730)
2026-07-03 19:16:53 | DEBUG  | mt5_data_loader_E.py         | 343  : _fetch_candles           | symbol        for _fetch_candles is XAUUSD_i
2026-07-03 19:16:53 | DEBUG  | mt5_data_loader_E.py         | 344  : _fetch_candles           | timeframe     for _fetch_candles is H1
2026-07-03 19:16:53 | DEBUG  | mt5_data_loader_E.py         | 345  : _fetch_candles           | lookback_bars for _fetch_candles is 1023
2026-07-03 19:16:53 | DEBUG  | mt5_data_loader_E.py         | 346  : _fetch_candles           | date_from     for _fetch_candles is 2010-01-01 00:00:00+00:00
2026-07-03 19:16:53 | DEBUG  | mt5_data_loader_E.py         | 347  : _fetch_candles           | date_to       for _fetch_candles is 2026-07-03 15:46:40.552733+00:00
2026-07-03 19:16:53 | DEBUG  | mt5_data_loader_E.py         | 348  : _fetch_candles           | range_policy  for _fetch_candles is count
2026-07-03 19:16:53 | DEBUG  | mt5_data_loader_E.py         | 514  : run                      | if df after "_fetch_candles" is a pd.DataFrame: True
2026-07-03 19:16:53 | DEBUG  | mt5_data_loader_E.py         | 156  : _normalize_df            | starting "_normalize_df" function
2026-07-03 19:16:53 | DEBUG  | mt5_data_loader_E.py         | 165  : _normalize_df            | columns of df at end of part 1 is : ['open', 'high', 'low', 'close', 'volume', 'spread']
2026-07-03 19:16:53 | DEBUG  | mt5_data_loader_E.py         | 171  : _normalize_df            | columns of df at end of part 2 is : ['open', 'high', 'low', 'close', 'volume', 'spread']
2026-07-03 19:16:53 | DEBUG  | mt5_data_loader_E.py         | 518  : run                      | if df after "_normalize_df" is a pd.DataFrame: True
2026-07-03 19:16:53 | INFO   | mt5_data_loader_E.py         | 526  : run                      | TF=H1 | requested=1023 | returned=1023 | range=2026-05-04 02:00:00+00:00 → 2026-07-03 18:00:00+00:00
2026-07-03 19:16:53 | DEBUG  | mt5_data_loader_E.py         | 156  : _normalize_df            | starting "_normalize_df" function
2026-07-03 19:16:53 | DEBUG  | mt5_data_loader_E.py         | 165  : _normalize_df            | columns of df at end of part 1 is : ['open', 'high', 'low', 'close', 'volume', 'spread']
2026-07-03 19:16:53 | DEBUG  | mt5_data_loader_E.py         | 171  : _normalize_df            | columns of df at end of part 2 is : ['open', 'high', 'low', 'close', 'volume', 'spread']
2026-07-03 19:16:53 | DEBUG  | mt5_data_loader_E.py         | 156  : _normalize_df            | starting "_normalize_df" function
2026-07-03 19:16:53 | DEBUG  | mt5_data_loader_E.py         | 165  : _normalize_df            | columns of df at end of part 1 is : ['open', 'high', 'low', 'close', 'volume', 'spread']
2026-07-03 19:16:53 | DEBUG  | mt5_data_loader_E.py         | 171  : _normalize_df            | columns of df at end of part 2 is : ['open', 'high', 'low', 'close', 'volume', 'spread']
2026-07-03 19:16:53 | INFO   | mt5_data_loader_E.py         | 536  : run                      | Saved: XAUUSD_i H1 → E:\Bot-RL-3\f03_data\raw\XAUUSD_i\H1.parquet (rows: +3 / total 126176)
2026-07-03 19:16:53 | DEBUG  | mt5_data_loader_E.py         | 343  : _fetch_candles           | symbol        for _fetch_candles is XAUUSD_i
2026-07-03 19:16:53 | DEBUG  | mt5_data_loader_E.py         | 344  : _fetch_candles           | timeframe     for _fetch_candles is H4
2026-07-03 19:16:53 | DEBUG  | mt5_data_loader_E.py         | 345  : _fetch_candles           | lookback_bars for _fetch_candles is 1023
2026-07-03 19:16:53 | DEBUG  | mt5_data_loader_E.py         | 346  : _fetch_candles           | date_from     for _fetch_candles is 2010-01-01 00:00:00+00:00
2026-07-03 19:16:53 | DEBUG  | mt5_data_loader_E.py         | 347  : _fetch_candles           | date_to       for _fetch_candles is 2026-07-03 15:46:40.552733+00:00
2026-07-03 19:16:53 | DEBUG  | mt5_data_loader_E.py         | 348  : _fetch_candles           | range_policy  for _fetch_candles is count
2026-07-03 19:16:53 | DEBUG  | mt5_data_loader_E.py         | 514  : run                      | if df after "_fetch_candles" is a pd.DataFrame: True
2026-07-03 19:16:53 | DEBUG  | mt5_data_loader_E.py         | 156  : _normalize_df            | starting "_normalize_df" function
2026-07-03 19:16:53 | DEBUG  | mt5_data_loader_E.py         | 165  : _normalize_df            | columns of df at end of part 1 is : ['open', 'high', 'low', 'close', 'volume', 'spread']
2026-07-03 19:16:53 | DEBUG  | mt5_data_loader_E.py         | 171  : _normalize_df            | columns of df at end of part 2 is : ['open', 'high', 'low', 'close', 'volume', 'spread']
2026-07-03 19:16:53 | DEBUG  | mt5_data_loader_E.py         | 518  : run                      | if df after "_normalize_df" is a pd.DataFrame: True
2026-07-03 19:16:53 | INFO   | mt5_data_loader_E.py         | 526  : run                      | TF=H4 | requested=1023 | returned=1023 | range=2025-11-04 04:00:00+00:00 → 2026-07-03 16:00:00+00:00
2026-07-03 19:16:53 | DEBUG  | mt5_data_loader_E.py         | 156  : _normalize_df            | starting "_normalize_df" function
2026-07-03 19:16:53 | DEBUG  | mt5_data_loader_E.py         | 165  : _normalize_df            | columns of df at end of part 1 is : ['open', 'high', 'low', 'close', 'volume', 'spread']
2026-07-03 19:16:53 | DEBUG  | mt5_data_loader_E.py         | 171  : _normalize_df            | columns of df at end of part 2 is : ['open', 'high', 'low', 'close', 'volume', 'spread']
2026-07-03 19:16:53 | DEBUG  | mt5_data_loader_E.py         | 156  : _normalize_df            | starting "_normalize_df" function
2026-07-03 19:16:53 | DEBUG  | mt5_data_loader_E.py         | 165  : _normalize_df            | columns of df at end of part 1 is : ['open', 'high', 'low', 'close', 'volume', 'spread']
2026-07-03 19:16:53 | DEBUG  | mt5_data_loader_E.py         | 171  : _normalize_df            | columns of df at end of part 2 is : ['open', 'high', 'low', 'close', 'volume', 'spread']
2026-07-03 19:16:53 | INFO   | mt5_data_loader_E.py         | 536  : run                      | Saved: XAUUSD_i H4 → E:\Bot-RL-3\f03_data\raw\XAUUSD_i\H4.parquet (rows: +1 / total 33783)
2026-07-03 19:16:53 | INFO   | mt5_connector.py             | 315  : shutdown                 | MT5 shutdown complete.
2026-07-03 19:16:53 | INFO   | main_6_2_orch.py             | 641  : download_historical_data | Downloaded: XAUUSD_i/M1 - 189 rows
2026-07-03 19:16:53 | INFO   | main_6_2_orch.py             | 641  : download_historical_data | Downloaded: XAUUSD_i/M2 - 95 rows
2026-07-03 19:16:53 | INFO   | main_6_2_orch.py             | 641  : download_historical_data | Downloaded: XAUUSD_i/M4 - 47 rows
2026-07-03 19:16:53 | INFO   | main_6_2_orch.py             | 641  : download_historical_data | Downloaded: XAUUSD_i/M20 - 10 rows
2026-07-03 19:16:53 | INFO   | main_6_2_orch.py             | 641  : download_historical_data | Downloaded: XAUUSD_i/H1 - 3 rows
2026-07-03 19:16:53 | INFO   | main_6_2_orch.py             | 641  : download_historical_data | Downloaded: XAUUSD_i/H4 - 1 rows
2026-07-03 19:16:53 | INFO   | main_6_2_orch.py             | 642  : download_historical_data | Historical data download completed
2026-07-03 19:16:53 | INFO   | mt5_connector.py             | 315  : shutdown                 | MT5 shutdown complete.
2026-07-03 19:19:16 | INFO   | main_6_2_orch.py             | 113  : setup_logging            | ============================================================
2026-07-03 19:19:16 | INFO   | main_6_2_orch.py             | 114  : setup_logging            | Bot-RL-3 Starting - Listener-based, No Polling
2026-07-03 19:19:16 | INFO   | main_6_2_orch.py             | 115  : setup_logging            | ============================================================
2026-07-03 19:19:16 | DEBUG  | config_loader.py             | 259  : recurse                  | ENV override connection.mt5_credentials.login (BOT_CONNECTION_MT5_CREDENTIALS_LOGIN) = 52950820
2026-07-03 19:19:16 | DEBUG  | config_loader.py             | 259  : recurse                  | ENV override connection.mt5_credentials.password (BOT_CONNECTION_MT5_CREDENTIALS_PASSWORD) = '99%BeginNika88%'
2026-07-03 19:19:16 | DEBUG  | config_loader.py             | 259  : recurse                  | ENV override connection.mt5_credentials.server (BOT_CONNECTION_MT5_CREDENTIALS_SERVER) = 'Alpari-MT5-Demo'
2026-07-03 19:19:16 | INFO   | config_loader.py             | 476  : reload                   | Config loaded: E:\Bot-RL-3\f01_config\config.yaml (env prefix=BOT_)
2026-07-03 19:19:16 | INFO   | main_6_2_orch.py             | 232  : load_configuration       | Configuration loaded successfully
2026-07-03 19:19:16 | INFO   | feature_B_bootstrap.py       | 146  : build_feature_system     | function 'build_feature_system' is started
2026-07-03 19:19:16 | DEBUG  | config_loader.py             | 259  : recurse                  | ENV override connection.mt5_credentials.login (BOT_CONNECTION_MT5_CREDENTIALS_LOGIN) = 52950820
2026-07-03 19:19:16 | DEBUG  | config_loader.py             | 259  : recurse                  | ENV override connection.mt5_credentials.password (BOT_CONNECTION_MT5_CREDENTIALS_PASSWORD) = '99%BeginNika88%'
2026-07-03 19:19:16 | DEBUG  | config_loader.py             | 259  : recurse                  | ENV override connection.mt5_credentials.server (BOT_CONNECTION_MT5_CREDENTIALS_SERVER) = 'Alpari-MT5-Demo'
2026-07-03 19:19:16 | INFO   | config_loader.py             | 476  : reload                   | Config loaded: E:\Bot-RL-3\f01_config\config.yaml (env prefix=BOT_)
2026-07-03 19:19:16 | DEBUG  | parser.py                    | 244  : parse_spec               | parse_spec: sma(column='close',period=20)@M4 -> ParsedSpec(name='sma', args=[], kwargs={'column': 'close', 'period': 20}, timeframe='M4', raw="sma(column='close',period=20)@M4")
2026-07-03 19:19:16 | DEBUG  | parser.py                    | 244  : parse_spec               | parse_spec: sma(column='close',period=20)@M2 -> ParsedSpec(name='sma', args=[], kwargs={'column': 'close', 'period': 20}, timeframe='M2', raw="sma(column='close',period=20)@M2")
2026-07-03 19:19:16 | DEBUG  | parser.py                    | 244  : parse_spec               | parse_spec: sma(column='close',period=20)@M1 -> ParsedSpec(name='sma', args=[], kwargs={'column': 'close', 'period': 20}, timeframe='M1', raw="sma(column='close',period=20)@M1")
2026-07-03 19:19:16 | INFO   | main_6_2_orch.py             | 293  : _init_components         | MarketDataEngine initialized (live mode)
2026-07-03 19:19:16 | DEBUG  | parser.py                    | 244  : parse_spec               | parse_spec: sma(column='close',period=20)@M4 -> ParsedSpec(name='sma', args=[], kwargs={'column': 'close', 'period': 20}, timeframe='M4', raw="sma(column='close',period=20)@M4")
2026-07-03 19:19:16 | DEBUG  | parser.py                    | 244  : parse_spec               | parse_spec: sma(column='close',period=20)@M2 -> ParsedSpec(name='sma', args=[], kwargs={'column': 'close', 'period': 20}, timeframe='M2', raw="sma(column='close',period=20)@M2")
2026-07-03 19:19:16 | DEBUG  | parser.py                    | 244  : parse_spec               | parse_spec: sma(column='close',period=20)@M1 -> ParsedSpec(name='sma', args=[], kwargs={'column': 'close', 'period': 20}, timeframe='M1', raw="sma(column='close',period=20)@M1")
2026-07-03 19:19:16 | INFO   | main_6_2_orch.py             | 300  : _init_components         | DataHandler initialized and attached to EventBus
2026-07-03 19:19:16 | INFO   | main_6_2_orch.py             | 305  : _init_components         | DataHandler callback registered (listener mode)
2026-07-03 19:19:16 | INFO   | main_6_2_orch.py             | 327  : _init_components         | MT5DataLoader initialized
2026-07-03 19:19:16 | INFO   | main_6_2_orch.py             | 603  : download_historical_data | Starting historical data download...
2026-07-03 19:19:16 | INFO   | main_6_2_orch.py             | 604  : download_historical_data | Parameters: symbols=['XAUUSD_i'], timeframes=['M1', 'M2', 'M4', 'M20', 'H1', 'H4'], lookback_bars=1023
2026-07-03 19:19:16 | INFO   | mt5_connector.py             | 235  : initialize               | MT5 connected: login=52950820 server=Alpari-MT5-Demo name=Farhad Vahedkia
2026-07-03 19:19:16 | DEBUG  | mt5_connector.py             | 345  : _auto_select_symbols     | Symbol selected: XAUUSD_i
2026-07-03 19:19:16 | INFO   | main_6_2_orch.py             | 626  : download_historical_data | Converted date_from=2020-01-01, date_to=2026-07-03T15:49:16.832801Z
2026-07-03 19:19:16 | INFO   | mt5_connector.py             | 235  : initialize               | MT5 connected: login=52950820 server=Alpari-MT5-Demo name=Farhad Vahedkia
2026-07-03 19:19:16 | DEBUG  | mt5_connector.py             | 345  : _auto_select_symbols     | Symbol selected: XAUUSD_i
2026-07-03 19:19:16 | DEBUG  | mt5_data_loader_E.py         | 343  : _fetch_candles           | symbol        for _fetch_candles is XAUUSD_i
2026-07-03 19:19:16 | DEBUG  | mt5_data_loader_E.py         | 344  : _fetch_candles           | timeframe     for _fetch_candles is M1
2026-07-03 19:19:16 | DEBUG  | mt5_data_loader_E.py         | 345  : _fetch_candles           | lookback_bars for _fetch_candles is 1023
2026-07-03 19:19:16 | DEBUG  | mt5_data_loader_E.py         | 346  : _fetch_candles           | date_from     for _fetch_candles is 2020-01-01 00:00:00+00:00
2026-07-03 19:19:16 | DEBUG  | mt5_data_loader_E.py         | 347  : _fetch_candles           | date_to       for _fetch_candles is 2026-07-03 15:49:16.832801+00:00
2026-07-03 19:19:16 | DEBUG  | mt5_data_loader_E.py         | 348  : _fetch_candles           | range_policy  for _fetch_candles is date
2026-07-03 19:19:17 | DEBUG  | mt5_data_loader_E.py         | 514  : run                      | if df after "_fetch_candles" is a pd.DataFrame: True
2026-07-03 19:19:17 | DEBUG  | mt5_data_loader_E.py         | 156  : _normalize_df            | starting "_normalize_df" function
2026-07-03 19:19:17 | DEBUG  | mt5_data_loader_E.py         | 165  : _normalize_df            | columns of df at end of part 1 is : ['open', 'high', 'low', 'close', 'volume', 'spread']
2026-07-03 19:19:17 | DEBUG  | mt5_data_loader_E.py         | 171  : _normalize_df            | columns of df at end of part 2 is : ['open', 'high', 'low', 'close', 'volume', 'spread']
2026-07-03 19:19:17 | DEBUG  | mt5_data_loader_E.py         | 518  : run                      | if df after "_normalize_df" is a pd.DataFrame: True
2026-07-03 19:19:17 | INFO   | mt5_data_loader_E.py         | 526  : run                      | TF=M1 | requested=1023 | returned=2221619 | range=2020-01-02 06:00:00+00:00 → 2026-07-03 15:49:00+00:00
2026-07-03 19:19:17 | DEBUG  | mt5_data_loader_E.py         | 156  : _normalize_df            | starting "_normalize_df" function
2026-07-03 19:19:17 | DEBUG  | mt5_data_loader_E.py         | 165  : _normalize_df            | columns of df at end of part 1 is : ['open', 'high', 'low', 'close', 'volume', 'spread']
2026-07-03 19:19:17 | DEBUG  | mt5_data_loader_E.py         | 171  : _normalize_df            | columns of df at end of part 2 is : ['open', 'high', 'low', 'close', 'volume', 'spread']
2026-07-03 19:19:18 | DEBUG  | mt5_data_loader_E.py         | 156  : _normalize_df            | starting "_normalize_df" function
2026-07-03 19:19:18 | DEBUG  | mt5_data_loader_E.py         | 165  : _normalize_df            | columns of df at end of part 1 is : ['open', 'high', 'low', 'close', 'volume', 'spread']
2026-07-03 19:19:18 | DEBUG  | mt5_data_loader_E.py         | 171  : _normalize_df            | columns of df at end of part 2 is : ['open', 'high', 'low', 'close', 'volume', 'spread']
2026-07-03 19:19:23 | INFO   | mt5_data_loader_E.py         | 536  : run                      | Saved: XAUUSD_i M1 → E:\Bot-RL-3\f03_data\raw\XAUUSD_i\M1.parquet (rows: +0 / total 6839046)
2026-07-03 19:19:23 | DEBUG  | mt5_data_loader_E.py         | 343  : _fetch_candles           | symbol        for _fetch_candles is XAUUSD_i
2026-07-03 19:19:23 | DEBUG  | mt5_data_loader_E.py         | 344  : _fetch_candles           | timeframe     for _fetch_candles is M2
2026-07-03 19:19:23 | DEBUG  | mt5_data_loader_E.py         | 345  : _fetch_candles           | lookback_bars for _fetch_candles is 1023
2026-07-03 19:19:23 | DEBUG  | mt5_data_loader_E.py         | 346  : _fetch_candles           | date_from     for _fetch_candles is 2020-01-01 00:00:00+00:00
2026-07-03 19:19:23 | DEBUG  | mt5_data_loader_E.py         | 347  : _fetch_candles           | date_to       for _fetch_candles is 2026-07-03 15:49:16.832801+00:00
2026-07-03 19:19:23 | DEBUG  | mt5_data_loader_E.py         | 348  : _fetch_candles           | range_policy  for _fetch_candles is date
2026-07-03 19:19:23 | DEBUG  | mt5_data_loader_E.py         | 514  : run                      | if df after "_fetch_candles" is a pd.DataFrame: True
2026-07-03 19:19:23 | DEBUG  | mt5_data_loader_E.py         | 156  : _normalize_df            | starting "_normalize_df" function
2026-07-03 19:19:23 | DEBUG  | mt5_data_loader_E.py         | 165  : _normalize_df            | columns of df at end of part 1 is : ['open', 'high', 'low', 'close', 'volume', 'spread']
2026-07-03 19:19:23 | DEBUG  | mt5_data_loader_E.py         | 171  : _normalize_df            | columns of df at end of part 2 is : ['open', 'high', 'low', 'close', 'volume', 'spread']
2026-07-03 19:19:24 | DEBUG  | mt5_data_loader_E.py         | 518  : run                      | if df after "_normalize_df" is a pd.DataFrame: True
2026-07-03 19:19:24 | INFO   | mt5_data_loader_E.py         | 526  : run                      | TF=M2 | requested=1023 | returned=1112531 | range=2020-01-02 06:00:00+00:00 → 2026-07-03 15:48:00+00:00
2026-07-03 19:19:24 | DEBUG  | mt5_data_loader_E.py         | 156  : _normalize_df            | starting "_normalize_df" function
2026-07-03 19:19:24 | DEBUG  | mt5_data_loader_E.py         | 165  : _normalize_df            | columns of df at end of part 1 is : ['open', 'high', 'low', 'close', 'volume', 'spread']
2026-07-03 19:19:24 | DEBUG  | mt5_data_loader_E.py         | 171  : _normalize_df            | columns of df at end of part 2 is : ['open', 'high', 'low', 'close', 'volume', 'spread']
2026-07-03 19:19:24 | DEBUG  | mt5_data_loader_E.py         | 156  : _normalize_df            | starting "_normalize_df" function
2026-07-03 19:19:24 | DEBUG  | mt5_data_loader_E.py         | 165  : _normalize_df            | columns of df at end of part 1 is : ['open', 'high', 'low', 'close', 'volume', 'spread']
2026-07-03 19:19:24 | DEBUG  | mt5_data_loader_E.py         | 171  : _normalize_df            | columns of df at end of part 2 is : ['open', 'high', 'low', 'close', 'volume', 'spread']
2026-07-03 19:19:27 | INFO   | mt5_data_loader_E.py         | 536  : run                      | Saved: XAUUSD_i M2 → E:\Bot-RL-3\f03_data\raw\XAUUSD_i\M2.parquet (rows: +0 / total 3529538)
2026-07-03 19:19:27 | DEBUG  | mt5_data_loader_E.py         | 343  : _fetch_candles           | symbol        for _fetch_candles is XAUUSD_i
2026-07-03 19:19:27 | DEBUG  | mt5_data_loader_E.py         | 344  : _fetch_candles           | timeframe     for _fetch_candles is M4
2026-07-03 19:19:27 | DEBUG  | mt5_data_loader_E.py         | 345  : _fetch_candles           | lookback_bars for _fetch_candles is 1023
2026-07-03 19:19:27 | DEBUG  | mt5_data_loader_E.py         | 346  : _fetch_candles           | date_from     for _fetch_candles is 2020-01-01 00:00:00+00:00
2026-07-03 19:19:27 | DEBUG  | mt5_data_loader_E.py         | 347  : _fetch_candles           | date_to       for _fetch_candles is 2026-07-03 15:49:16.832801+00:00
2026-07-03 19:19:27 | DEBUG  | mt5_data_loader_E.py         | 348  : _fetch_candles           | range_policy  for _fetch_candles is date
2026-07-03 19:19:27 | DEBUG  | mt5_data_loader_E.py         | 514  : run                      | if df after "_fetch_candles" is a pd.DataFrame: True
2026-07-03 19:19:27 | DEBUG  | mt5_data_loader_E.py         | 156  : _normalize_df            | starting "_normalize_df" function
2026-07-03 19:19:27 | DEBUG  | mt5_data_loader_E.py         | 165  : _normalize_df            | columns of df at end of part 1 is : ['open', 'high', 'low', 'close', 'volume', 'spread']
2026-07-03 19:19:27 | DEBUG  | mt5_data_loader_E.py         | 171  : _normalize_df            | columns of df at end of part 2 is : ['open', 'high', 'low', 'close', 'volume', 'spread']
2026-07-03 19:19:27 | DEBUG  | mt5_data_loader_E.py         | 518  : run                      | if df after "_normalize_df" is a pd.DataFrame: True
2026-07-03 19:19:27 | INFO   | mt5_data_loader_E.py         | 526  : run                      | TF=M4 | requested=1023 | returned=556312 | range=2020-01-02 06:00:00+00:00 → 2026-07-03 15:48:00+00:00
2026-07-03 19:19:27 | DEBUG  | mt5_data_loader_E.py         | 156  : _normalize_df            | starting "_normalize_df" function
2026-07-03 19:19:27 | DEBUG  | mt5_data_loader_E.py         | 165  : _normalize_df            | columns of df at end of part 1 is : ['open', 'high', 'low', 'close', 'volume', 'spread']
2026-07-03 19:19:27 | DEBUG  | mt5_data_loader_E.py         | 171  : _normalize_df            | columns of df at end of part 2 is : ['open', 'high', 'low', 'close', 'volume', 'spread']
2026-07-03 19:19:27 | DEBUG  | mt5_data_loader_E.py         | 156  : _normalize_df            | starting "_normalize_df" function
2026-07-03 19:19:27 | DEBUG  | mt5_data_loader_E.py         | 165  : _normalize_df            | columns of df at end of part 1 is : ['open', 'high', 'low', 'close', 'volume', 'spread']
2026-07-03 19:19:27 | DEBUG  | mt5_data_loader_E.py         | 171  : _normalize_df            | columns of df at end of part 2 is : ['open', 'high', 'low', 'close', 'volume', 'spread']
2026-07-03 19:19:28 | INFO   | mt5_data_loader_E.py         | 536  : run                      | Saved: XAUUSD_i M4 → E:\Bot-RL-3\f03_data\raw\XAUUSD_i\M4.parquet (rows: +0 / total 1807910)
2026-07-03 19:19:28 | DEBUG  | mt5_data_loader_E.py         | 343  : _fetch_candles           | symbol        for _fetch_candles is XAUUSD_i
2026-07-03 19:19:28 | DEBUG  | mt5_data_loader_E.py         | 344  : _fetch_candles           | timeframe     for _fetch_candles is M20
2026-07-03 19:19:28 | DEBUG  | mt5_data_loader_E.py         | 345  : _fetch_candles           | lookback_bars for _fetch_candles is 1023
2026-07-03 19:19:28 | DEBUG  | mt5_data_loader_E.py         | 346  : _fetch_candles           | date_from     for _fetch_candles is 2020-01-01 00:00:00+00:00
2026-07-03 19:19:28 | DEBUG  | mt5_data_loader_E.py         | 347  : _fetch_candles           | date_to       for _fetch_candles is 2026-07-03 15:49:16.832801+00:00
2026-07-03 19:19:28 | DEBUG  | mt5_data_loader_E.py         | 348  : _fetch_candles           | range_policy  for _fetch_candles is date
2026-07-03 19:19:28 | DEBUG  | mt5_data_loader_E.py         | 514  : run                      | if df after "_fetch_candles" is a pd.DataFrame: True
2026-07-03 19:19:28 | DEBUG  | mt5_data_loader_E.py         | 156  : _normalize_df            | starting "_normalize_df" function
2026-07-03 19:19:28 | DEBUG  | mt5_data_loader_E.py         | 165  : _normalize_df            | columns of df at end of part 1 is : ['open', 'high', 'low', 'close', 'volume', 'spread']
2026-07-03 19:19:28 | DEBUG  | mt5_data_loader_E.py         | 171  : _normalize_df            | columns of df at end of part 2 is : ['open', 'high', 'low', 'close', 'volume', 'spread']
2026-07-03 19:19:28 | DEBUG  | mt5_data_loader_E.py         | 518  : run                      | if df after "_normalize_df" is a pd.DataFrame: True
2026-07-03 19:19:28 | INFO   | mt5_data_loader_E.py         | 526  : run                      | TF=M20 | requested=1023 | returned=111941 | range=2020-01-02 06:00:00+00:00 → 2026-07-03 15:40:00+00:00
2026-07-03 19:19:29 | DEBUG  | mt5_data_loader_E.py         | 156  : _normalize_df            | starting "_normalize_df" function
2026-07-03 19:19:29 | DEBUG  | mt5_data_loader_E.py         | 165  : _normalize_df            | columns of df at end of part 1 is : ['open', 'high', 'low', 'close', 'volume', 'spread']
2026-07-03 19:19:29 | DEBUG  | mt5_data_loader_E.py         | 171  : _normalize_df            | columns of df at end of part 2 is : ['open', 'high', 'low', 'close', 'volume', 'spread']
2026-07-03 19:19:29 | DEBUG  | mt5_data_loader_E.py         | 156  : _normalize_df            | starting "_normalize_df" function
2026-07-03 19:19:29 | DEBUG  | mt5_data_loader_E.py         | 165  : _normalize_df            | columns of df at end of part 1 is : ['open', 'high', 'low', 'close', 'volume', 'spread']
2026-07-03 19:19:29 | DEBUG  | mt5_data_loader_E.py         | 171  : _normalize_df            | columns of df at end of part 2 is : ['open', 'high', 'low', 'close', 'volume', 'spread']
2026-07-03 19:19:29 | INFO   | mt5_data_loader_E.py         | 536  : run                      | Saved: XAUUSD_i M20 → E:\Bot-RL-3\f03_data\raw\XAUUSD_i\M20.parquet (rows: +0 / total 374730)
2026-07-03 19:19:29 | DEBUG  | mt5_data_loader_E.py         | 343  : _fetch_candles           | symbol        for _fetch_candles is XAUUSD_i
2026-07-03 19:19:29 | DEBUG  | mt5_data_loader_E.py         | 344  : _fetch_candles           | timeframe     for _fetch_candles is H1
2026-07-03 19:19:29 | DEBUG  | mt5_data_loader_E.py         | 345  : _fetch_candles           | lookback_bars for _fetch_candles is 1023
2026-07-03 19:19:29 | DEBUG  | mt5_data_loader_E.py         | 346  : _fetch_candles           | date_from     for _fetch_candles is 2020-01-01 00:00:00+00:00
2026-07-03 19:19:29 | DEBUG  | mt5_data_loader_E.py         | 347  : _fetch_candles           | date_to       for _fetch_candles is 2026-07-03 15:49:16.832801+00:00
2026-07-03 19:19:29 | DEBUG  | mt5_data_loader_E.py         | 348  : _fetch_candles           | range_policy  for _fetch_candles is date
2026-07-03 19:19:29 | DEBUG  | mt5_data_loader_E.py         | 514  : run                      | if df after "_fetch_candles" is a pd.DataFrame: True
2026-07-03 19:19:29 | DEBUG  | mt5_data_loader_E.py         | 156  : _normalize_df            | starting "_normalize_df" function
2026-07-03 19:19:29 | DEBUG  | mt5_data_loader_E.py         | 165  : _normalize_df            | columns of df at end of part 1 is : ['open', 'high', 'low', 'close', 'volume', 'spread']
2026-07-03 19:19:29 | DEBUG  | mt5_data_loader_E.py         | 171  : _normalize_df            | columns of df at end of part 2 is : ['open', 'high', 'low', 'close', 'volume', 'spread']
2026-07-03 19:19:29 | DEBUG  | mt5_data_loader_E.py         | 518  : run                      | if df after "_normalize_df" is a pd.DataFrame: True
2026-07-03 19:19:29 | INFO   | mt5_data_loader_E.py         | 526  : run                      | TF=H1 | requested=1023 | returned=37325 | range=2020-01-02 06:00:00+00:00 → 2026-07-03 15:00:00+00:00
2026-07-03 19:19:29 | DEBUG  | mt5_data_loader_E.py         | 156  : _normalize_df            | starting "_normalize_df" function
2026-07-03 19:19:29 | DEBUG  | mt5_data_loader_E.py         | 165  : _normalize_df            | columns of df at end of part 1 is : ['open', 'high', 'low', 'close', 'volume', 'spread']
2026-07-03 19:19:29 | DEBUG  | mt5_data_loader_E.py         | 171  : _normalize_df            | columns of df at end of part 2 is : ['open', 'high', 'low', 'close', 'volume', 'spread']
2026-07-03 19:19:29 | DEBUG  | mt5_data_loader_E.py         | 156  : _normalize_df            | starting "_normalize_df" function
2026-07-03 19:19:29 | DEBUG  | mt5_data_loader_E.py         | 165  : _normalize_df            | columns of df at end of part 1 is : ['open', 'high', 'low', 'close', 'volume', 'spread']
2026-07-03 19:19:29 | DEBUG  | mt5_data_loader_E.py         | 171  : _normalize_df            | columns of df at end of part 2 is : ['open', 'high', 'low', 'close', 'volume', 'spread']
2026-07-03 19:19:29 | INFO   | mt5_data_loader_E.py         | 536  : run                      | Saved: XAUUSD_i H1 → E:\Bot-RL-3\f03_data\raw\XAUUSD_i\H1.parquet (rows: +0 / total 126176)
2026-07-03 19:19:29 | DEBUG  | mt5_data_loader_E.py         | 343  : _fetch_candles           | symbol        for _fetch_candles is XAUUSD_i
2026-07-03 19:19:29 | DEBUG  | mt5_data_loader_E.py         | 344  : _fetch_candles           | timeframe     for _fetch_candles is H4
2026-07-03 19:19:29 | DEBUG  | mt5_data_loader_E.py         | 345  : _fetch_candles           | lookback_bars for _fetch_candles is 1023
2026-07-03 19:19:29 | DEBUG  | mt5_data_loader_E.py         | 346  : _fetch_candles           | date_from     for _fetch_candles is 2020-01-01 00:00:00+00:00
2026-07-03 19:19:29 | DEBUG  | mt5_data_loader_E.py         | 347  : _fetch_candles           | date_to       for _fetch_candles is 2026-07-03 15:49:16.832801+00:00
2026-07-03 19:19:29 | DEBUG  | mt5_data_loader_E.py         | 348  : _fetch_candles           | range_policy  for _fetch_candles is date
2026-07-03 19:19:29 | DEBUG  | mt5_data_loader_E.py         | 514  : run                      | if df after "_fetch_candles" is a pd.DataFrame: True
2026-07-03 19:19:29 | DEBUG  | mt5_data_loader_E.py         | 156  : _normalize_df            | starting "_normalize_df" function
2026-07-03 19:19:29 | DEBUG  | mt5_data_loader_E.py         | 165  : _normalize_df            | columns of df at end of part 1 is : ['open', 'high', 'low', 'close', 'volume', 'spread']
2026-07-03 19:19:29 | DEBUG  | mt5_data_loader_E.py         | 171  : _normalize_df            | columns of df at end of part 2 is : ['open', 'high', 'low', 'close', 'volume', 'spread']
2026-07-03 19:19:29 | DEBUG  | mt5_data_loader_E.py         | 518  : run                      | if df after "_normalize_df" is a pd.DataFrame: True
2026-07-03 19:19:29 | INFO   | mt5_data_loader_E.py         | 526  : run                      | TF=H4 | requested=1023 | returned=10057 | range=2020-01-02 04:00:00+00:00 → 2026-07-03 12:00:00+00:00
2026-07-03 19:19:29 | DEBUG  | mt5_data_loader_E.py         | 156  : _normalize_df            | starting "_normalize_df" function
2026-07-03 19:19:29 | DEBUG  | mt5_data_loader_E.py         | 165  : _normalize_df            | columns of df at end of part 1 is : ['open', 'high', 'low', 'close', 'volume', 'spread']
2026-07-03 19:19:29 | DEBUG  | mt5_data_loader_E.py         | 171  : _normalize_df            | columns of df at end of part 2 is : ['open', 'high', 'low', 'close', 'volume', 'spread']
2026-07-03 19:19:29 | DEBUG  | mt5_data_loader_E.py         | 156  : _normalize_df            | starting "_normalize_df" function
2026-07-03 19:19:29 | DEBUG  | mt5_data_loader_E.py         | 165  : _normalize_df            | columns of df at end of part 1 is : ['open', 'high', 'low', 'close', 'volume', 'spread']
2026-07-03 19:19:29 | DEBUG  | mt5_data_loader_E.py         | 171  : _normalize_df            | columns of df at end of part 2 is : ['open', 'high', 'low', 'close', 'volume', 'spread']
2026-07-03 19:19:29 | INFO   | mt5_data_loader_E.py         | 536  : run                      | Saved: XAUUSD_i H4 → E:\Bot-RL-3\f03_data\raw\XAUUSD_i\H4.parquet (rows: +0 / total 33783)
2026-07-03 19:19:29 | INFO   | mt5_connector.py             | 315  : shutdown                 | MT5 shutdown complete.
2026-07-03 19:19:29 | INFO   | main_6_2_orch.py             | 641  : download_historical_data | Downloaded: XAUUSD_i/M1 - 0 rows
2026-07-03 19:19:29 | INFO   | main_6_2_orch.py             | 641  : download_historical_data | Downloaded: XAUUSD_i/M2 - 0 rows
2026-07-03 19:19:29 | INFO   | main_6_2_orch.py             | 641  : download_historical_data | Downloaded: XAUUSD_i/M4 - 0 rows
2026-07-03 19:19:29 | INFO   | main_6_2_orch.py             | 641  : download_historical_data | Downloaded: XAUUSD_i/M20 - 0 rows
2026-07-03 19:19:29 | INFO   | main_6_2_orch.py             | 641  : download_historical_data | Downloaded: XAUUSD_i/H1 - 0 rows
2026-07-03 19:19:29 | INFO   | main_6_2_orch.py             | 641  : download_historical_data | Downloaded: XAUUSD_i/H4 - 0 rows
2026-07-03 19:19:29 | INFO   | main_6_2_orch.py             | 642  : download_historical_data | Historical data download completed
2026-07-03 19:19:29 | INFO   | mt5_connector.py             | 315  : shutdown                 | MT5 shutdown complete.
2026-07-03 19:29:16 | INFO   | main_6_2_orch.py             | 113  : setup_logging            | ============================================================
2026-07-03 19:29:16 | INFO   | main_6_2_orch.py             | 114  : setup_logging            | Bot-RL-3 Starting - Listener-based, No Polling
2026-07-03 19:29:16 | INFO   | main_6_2_orch.py             | 115  : setup_logging            | ============================================================
2026-07-03 19:29:16 | DEBUG  | config_loader.py             | 259  : recurse                  | ENV override connection.mt5_credentials.login (BOT_CONNECTION_MT5_CREDENTIALS_LOGIN) = 52950820
2026-07-03 19:29:16 | DEBUG  | config_loader.py             | 259  : recurse                  | ENV override connection.mt5_credentials.password (BOT_CONNECTION_MT5_CREDENTIALS_PASSWORD) = '99%BeginNika88%'
2026-07-03 19:29:16 | DEBUG  | config_loader.py             | 259  : recurse                  | ENV override connection.mt5_credentials.server (BOT_CONNECTION_MT5_CREDENTIALS_SERVER) = 'Alpari-MT5-Demo'
2026-07-03 19:29:16 | INFO   | config_loader.py             | 476  : reload                   | Config loaded: E:\Bot-RL-3\f01_config\config.yaml (env prefix=BOT_)
2026-07-03 19:29:16 | INFO   | main_6_2_orch.py             | 232  : load_configuration       | Configuration loaded successfully
2026-07-03 19:29:16 | INFO   | feature_B_bootstrap.py       | 146  : build_feature_system     | function 'build_feature_system' is started
2026-07-03 19:29:16 | DEBUG  | config_loader.py             | 259  : recurse                  | ENV override connection.mt5_credentials.login (BOT_CONNECTION_MT5_CREDENTIALS_LOGIN) = 52950820
2026-07-03 19:29:16 | DEBUG  | config_loader.py             | 259  : recurse                  | ENV override connection.mt5_credentials.password (BOT_CONNECTION_MT5_CREDENTIALS_PASSWORD) = '99%BeginNika88%'
2026-07-03 19:29:16 | DEBUG  | config_loader.py             | 259  : recurse                  | ENV override connection.mt5_credentials.server (BOT_CONNECTION_MT5_CREDENTIALS_SERVER) = 'Alpari-MT5-Demo'
2026-07-03 19:29:16 | INFO   | config_loader.py             | 476  : reload                   | Config loaded: E:\Bot-RL-3\f01_config\config.yaml (env prefix=BOT_)
2026-07-03 19:29:16 | DEBUG  | parser.py                    | 244  : parse_spec               | parse_spec: sma(column='close',period=20)@M4 -> ParsedSpec(name='sma', args=[], kwargs={'column': 'close', 'period': 20}, timeframe='M4', raw="sma(column='close',period=20)@M4")
2026-07-03 19:29:16 | DEBUG  | parser.py                    | 244  : parse_spec               | parse_spec: sma(column='close',period=20)@M2 -> ParsedSpec(name='sma', args=[], kwargs={'column': 'close', 'period': 20}, timeframe='M2', raw="sma(column='close',period=20)@M2")
2026-07-03 19:29:16 | DEBUG  | parser.py                    | 244  : parse_spec               | parse_spec: sma(column='close',period=20)@M1 -> ParsedSpec(name='sma', args=[], kwargs={'column': 'close', 'period': 20}, timeframe='M1', raw="sma(column='close',period=20)@M1")
2026-07-03 19:29:16 | INFO   | main_6_2_orch.py             | 293  : _init_components         | MarketDataEngine initialized (live mode)
2026-07-03 19:29:16 | DEBUG  | parser.py                    | 244  : parse_spec               | parse_spec: sma(column='close',period=20)@M4 -> ParsedSpec(name='sma', args=[], kwargs={'column': 'close', 'period': 20}, timeframe='M4', raw="sma(column='close',period=20)@M4")
2026-07-03 19:29:16 | DEBUG  | parser.py                    | 244  : parse_spec               | parse_spec: sma(column='close',period=20)@M2 -> ParsedSpec(name='sma', args=[], kwargs={'column': 'close', 'period': 20}, timeframe='M2', raw="sma(column='close',period=20)@M2")
2026-07-03 19:29:16 | DEBUG  | parser.py                    | 244  : parse_spec               | parse_spec: sma(column='close',period=20)@M1 -> ParsedSpec(name='sma', args=[], kwargs={'column': 'close', 'period': 20}, timeframe='M1', raw="sma(column='close',period=20)@M1")
2026-07-03 19:29:16 | INFO   | main_6_2_orch.py             | 300  : _init_components         | DataHandler initialized and attached to EventBus
2026-07-03 19:29:16 | INFO   | main_6_2_orch.py             | 305  : _init_components         | DataHandler callback registered (listener mode)
2026-07-03 19:29:16 | INFO   | main_6_2_orch.py             | 327  : _init_components         | MT5DataLoader initialized
2026-07-03 19:29:16 | INFO   | main_6_2_orch.py             | 603  : download_historical_data | Starting historical data download...
2026-07-03 19:29:16 | INFO   | main_6_2_orch.py             | 604  : download_historical_data | Parameters: symbols=['XAUUSD_i'], timeframes=['M1', 'M2', 'M4', 'M20', 'H1', 'H4'], lookback_bars=12345678
2026-07-03 19:29:16 | INFO   | mt5_connector.py             | 235  : initialize               | MT5 connected: login=52950820 server=Alpari-MT5-Demo name=Farhad Vahedkia
2026-07-03 19:29:16 | DEBUG  | mt5_connector.py             | 345  : _auto_select_symbols     | Symbol selected: XAUUSD_i
2026-07-03 19:29:16 | INFO   | main_6_2_orch.py             | 626  : download_historical_data | Converted date_from=2020-01-01, date_to=2026-07-03T15:59:16.892051Z
2026-07-03 19:29:16 | INFO   | mt5_connector.py             | 235  : initialize               | MT5 connected: login=52950820 server=Alpari-MT5-Demo name=Farhad Vahedkia
2026-07-03 19:29:16 | DEBUG  | mt5_connector.py             | 345  : _auto_select_symbols     | Symbol selected: XAUUSD_i
2026-07-03 19:29:16 | DEBUG  | mt5_data_loader_E.py         | 343  : _fetch_candles           | symbol        for _fetch_candles is XAUUSD_i
2026-07-03 19:29:16 | DEBUG  | mt5_data_loader_E.py         | 344  : _fetch_candles           | timeframe     for _fetch_candles is M1
2026-07-03 19:29:16 | DEBUG  | mt5_data_loader_E.py         | 345  : _fetch_candles           | lookback_bars for _fetch_candles is 12345678
2026-07-03 19:29:16 | DEBUG  | mt5_data_loader_E.py         | 346  : _fetch_candles           | date_from     for _fetch_candles is 2020-01-01 00:00:00+00:00
2026-07-03 19:29:16 | DEBUG  | mt5_data_loader_E.py         | 347  : _fetch_candles           | date_to       for _fetch_candles is 2026-07-03 15:59:16.892051+00:00
2026-07-03 19:29:16 | DEBUG  | mt5_data_loader_E.py         | 348  : _fetch_candles           | range_policy  for _fetch_candles is date
2026-07-03 19:29:17 | DEBUG  | mt5_data_loader_E.py         | 514  : run                      | if df after "_fetch_candles" is a pd.DataFrame: True
2026-07-03 19:29:17 | DEBUG  | mt5_data_loader_E.py         | 156  : _normalize_df            | starting "_normalize_df" function
2026-07-03 19:29:17 | DEBUG  | mt5_data_loader_E.py         | 165  : _normalize_df            | columns of df at end of part 1 is : ['open', 'high', 'low', 'close', 'volume', 'spread']
2026-07-03 19:29:17 | DEBUG  | mt5_data_loader_E.py         | 171  : _normalize_df            | columns of df at end of part 2 is : ['open', 'high', 'low', 'close', 'volume', 'spread']
2026-07-03 19:29:17 | DEBUG  | mt5_data_loader_E.py         | 518  : run                      | if df after "_normalize_df" is a pd.DataFrame: True
2026-07-03 19:29:17 | INFO   | mt5_data_loader_E.py         | 526  : run                      | TF=M1 | requested=12345678 | returned=2221629 | range=2020-01-02 06:00:00+00:00 → 2026-07-03 15:59:00+00:00
2026-07-03 19:29:17 | DEBUG  | mt5_data_loader_E.py         | 156  : _normalize_df            | starting "_normalize_df" function
2026-07-03 19:29:17 | DEBUG  | mt5_data_loader_E.py         | 165  : _normalize_df            | columns of df at end of part 1 is : ['open', 'high', 'low', 'close', 'volume', 'spread']
2026-07-03 19:29:17 | DEBUG  | mt5_data_loader_E.py         | 171  : _normalize_df            | columns of df at end of part 2 is : ['open', 'high', 'low', 'close', 'volume', 'spread']
2026-07-03 19:29:18 | DEBUG  | mt5_data_loader_E.py         | 156  : _normalize_df            | starting "_normalize_df" function
2026-07-03 19:29:18 | DEBUG  | mt5_data_loader_E.py         | 165  : _normalize_df            | columns of df at end of part 1 is : ['open', 'high', 'low', 'close', 'volume', 'spread']
2026-07-03 19:29:18 | DEBUG  | mt5_data_loader_E.py         | 171  : _normalize_df            | columns of df at end of part 2 is : ['open', 'high', 'low', 'close', 'volume', 'spread']
2026-07-03 19:29:23 | INFO   | mt5_data_loader_E.py         | 536  : run                      | Saved: XAUUSD_i M1 → E:\Bot-RL-3\f03_data\raw\XAUUSD_i\M1.parquet (rows: +0 / total 6839046)
2026-07-03 19:29:23 | DEBUG  | mt5_data_loader_E.py         | 343  : _fetch_candles           | symbol        for _fetch_candles is XAUUSD_i
2026-07-03 19:29:23 | DEBUG  | mt5_data_loader_E.py         | 344  : _fetch_candles           | timeframe     for _fetch_candles is M2
2026-07-03 19:29:23 | DEBUG  | mt5_data_loader_E.py         | 345  : _fetch_candles           | lookback_bars for _fetch_candles is 12345678
2026-07-03 19:29:23 | DEBUG  | mt5_data_loader_E.py         | 346  : _fetch_candles           | date_from     for _fetch_candles is 2020-01-01 00:00:00+00:00
2026-07-03 19:29:23 | DEBUG  | mt5_data_loader_E.py         | 347  : _fetch_candles           | date_to       for _fetch_candles is 2026-07-03 15:59:16.892051+00:00
2026-07-03 19:29:23 | DEBUG  | mt5_data_loader_E.py         | 348  : _fetch_candles           | range_policy  for _fetch_candles is date
2026-07-03 19:29:24 | DEBUG  | mt5_data_loader_E.py         | 514  : run                      | if df after "_fetch_candles" is a pd.DataFrame: True
2026-07-03 19:29:24 | DEBUG  | mt5_data_loader_E.py         | 156  : _normalize_df            | starting "_normalize_df" function
2026-07-03 19:29:24 | DEBUG  | mt5_data_loader_E.py         | 165  : _normalize_df            | columns of df at end of part 1 is : ['open', 'high', 'low', 'close', 'volume', 'spread']
2026-07-03 19:29:24 | DEBUG  | mt5_data_loader_E.py         | 171  : _normalize_df            | columns of df at end of part 2 is : ['open', 'high', 'low', 'close', 'volume', 'spread']
2026-07-03 19:29:24 | DEBUG  | mt5_data_loader_E.py         | 518  : run                      | if df after "_normalize_df" is a pd.DataFrame: True
2026-07-03 19:29:24 | INFO   | mt5_data_loader_E.py         | 526  : run                      | TF=M2 | requested=12345678 | returned=1112536 | range=2020-01-02 06:00:00+00:00 → 2026-07-03 15:58:00+00:00
2026-07-03 19:29:24 | DEBUG  | mt5_data_loader_E.py         | 156  : _normalize_df            | starting "_normalize_df" function
2026-07-03 19:29:24 | DEBUG  | mt5_data_loader_E.py         | 165  : _normalize_df            | columns of df at end of part 1 is : ['open', 'high', 'low', 'close', 'volume', 'spread']
2026-07-03 19:29:24 | DEBUG  | mt5_data_loader_E.py         | 171  : _normalize_df            | columns of df at end of part 2 is : ['open', 'high', 'low', 'close', 'volume', 'spread']
2026-07-03 19:29:24 | DEBUG  | mt5_data_loader_E.py         | 156  : _normalize_df            | starting "_normalize_df" function
2026-07-03 19:29:24 | DEBUG  | mt5_data_loader_E.py         | 165  : _normalize_df            | columns of df at end of part 1 is : ['open', 'high', 'low', 'close', 'volume', 'spread']
2026-07-03 19:29:24 | DEBUG  | mt5_data_loader_E.py         | 171  : _normalize_df            | columns of df at end of part 2 is : ['open', 'high', 'low', 'close', 'volume', 'spread']
2026-07-03 19:29:27 | INFO   | mt5_data_loader_E.py         | 536  : run                      | Saved: XAUUSD_i M2 → E:\Bot-RL-3\f03_data\raw\XAUUSD_i\M2.parquet (rows: +0 / total 3529538)
2026-07-03 19:29:27 | DEBUG  | mt5_data_loader_E.py         | 343  : _fetch_candles           | symbol        for _fetch_candles is XAUUSD_i
2026-07-03 19:29:27 | DEBUG  | mt5_data_loader_E.py         | 344  : _fetch_candles           | timeframe     for _fetch_candles is M4
2026-07-03 19:29:27 | DEBUG  | mt5_data_loader_E.py         | 345  : _fetch_candles           | lookback_bars for _fetch_candles is 12345678
2026-07-03 19:29:27 | DEBUG  | mt5_data_loader_E.py         | 346  : _fetch_candles           | date_from     for _fetch_candles is 2020-01-01 00:00:00+00:00
2026-07-03 19:29:27 | DEBUG  | mt5_data_loader_E.py         | 347  : _fetch_candles           | date_to       for _fetch_candles is 2026-07-03 15:59:16.892051+00:00
2026-07-03 19:29:27 | DEBUG  | mt5_data_loader_E.py         | 348  : _fetch_candles           | range_policy  for _fetch_candles is date
2026-07-03 19:29:27 | DEBUG  | mt5_data_loader_E.py         | 514  : run                      | if df after "_fetch_candles" is a pd.DataFrame: True
2026-07-03 19:29:27 | DEBUG  | mt5_data_loader_E.py         | 156  : _normalize_df            | starting "_normalize_df" function
2026-07-03 19:29:27 | DEBUG  | mt5_data_loader_E.py         | 165  : _normalize_df            | columns of df at end of part 1 is : ['open', 'high', 'low', 'close', 'volume', 'spread']
2026-07-03 19:29:27 | DEBUG  | mt5_data_loader_E.py         | 171  : _normalize_df            | columns of df at end of part 2 is : ['open', 'high', 'low', 'close', 'volume', 'spread']
2026-07-03 19:29:27 | DEBUG  | mt5_data_loader_E.py         | 518  : run                      | if df after "_normalize_df" is a pd.DataFrame: True
2026-07-03 19:29:27 | INFO   | mt5_data_loader_E.py         | 526  : run                      | TF=M4 | requested=12345678 | returned=556314 | range=2020-01-02 06:00:00+00:00 → 2026-07-03 15:56:00+00:00
2026-07-03 19:29:27 | DEBUG  | mt5_data_loader_E.py         | 156  : _normalize_df            | starting "_normalize_df" function
2026-07-03 19:29:27 | DEBUG  | mt5_data_loader_E.py         | 165  : _normalize_df            | columns of df at end of part 1 is : ['open', 'high', 'low', 'close', 'volume', 'spread']
2026-07-03 19:29:27 | DEBUG  | mt5_data_loader_E.py         | 171  : _normalize_df            | columns of df at end of part 2 is : ['open', 'high', 'low', 'close', 'volume', 'spread']
2026-07-03 19:29:27 | DEBUG  | mt5_data_loader_E.py         | 156  : _normalize_df            | starting "_normalize_df" function
2026-07-03 19:29:27 | DEBUG  | mt5_data_loader_E.py         | 165  : _normalize_df            | columns of df at end of part 1 is : ['open', 'high', 'low', 'close', 'volume', 'spread']
2026-07-03 19:29:27 | DEBUG  | mt5_data_loader_E.py         | 171  : _normalize_df            | columns of df at end of part 2 is : ['open', 'high', 'low', 'close', 'volume', 'spread']
2026-07-03 19:29:29 | INFO   | mt5_data_loader_E.py         | 536  : run                      | Saved: XAUUSD_i M4 → E:\Bot-RL-3\f03_data\raw\XAUUSD_i\M4.parquet (rows: +0 / total 1807910)
2026-07-03 19:29:29 | DEBUG  | mt5_data_loader_E.py         | 343  : _fetch_candles           | symbol        for _fetch_candles is XAUUSD_i
2026-07-03 19:29:29 | DEBUG  | mt5_data_loader_E.py         | 344  : _fetch_candles           | timeframe     for _fetch_candles is M20
2026-07-03 19:29:29 | DEBUG  | mt5_data_loader_E.py         | 345  : _fetch_candles           | lookback_bars for _fetch_candles is 12345678
2026-07-03 19:29:29 | DEBUG  | mt5_data_loader_E.py         | 346  : _fetch_candles           | date_from     for _fetch_candles is 2020-01-01 00:00:00+00:00
2026-07-03 19:29:29 | DEBUG  | mt5_data_loader_E.py         | 347  : _fetch_candles           | date_to       for _fetch_candles is 2026-07-03 15:59:16.892051+00:00
2026-07-03 19:29:29 | DEBUG  | mt5_data_loader_E.py         | 348  : _fetch_candles           | range_policy  for _fetch_candles is date
2026-07-03 19:29:29 | DEBUG  | mt5_data_loader_E.py         | 514  : run                      | if df after "_fetch_candles" is a pd.DataFrame: True
2026-07-03 19:29:29 | DEBUG  | mt5_data_loader_E.py         | 156  : _normalize_df            | starting "_normalize_df" function
2026-07-03 19:29:29 | DEBUG  | mt5_data_loader_E.py         | 165  : _normalize_df            | columns of df at end of part 1 is : ['open', 'high', 'low', 'close', 'volume', 'spread']
2026-07-03 19:29:29 | DEBUG  | mt5_data_loader_E.py         | 171  : _normalize_df            | columns of df at end of part 2 is : ['open', 'high', 'low', 'close', 'volume', 'spread']
2026-07-03 19:29:29 | DEBUG  | mt5_data_loader_E.py         | 518  : run                      | if df after "_normalize_df" is a pd.DataFrame: True
2026-07-03 19:29:29 | INFO   | mt5_data_loader_E.py         | 526  : run                      | TF=M20 | requested=12345678 | returned=111941 | range=2020-01-02 06:00:00+00:00 → 2026-07-03 15:40:00+00:00
2026-07-03 19:29:29 | DEBUG  | mt5_data_loader_E.py         | 156  : _normalize_df            | starting "_normalize_df" function
2026-07-03 19:29:29 | DEBUG  | mt5_data_loader_E.py         | 165  : _normalize_df            | columns of df at end of part 1 is : ['open', 'high', 'low', 'close', 'volume', 'spread']
2026-07-03 19:29:29 | DEBUG  | mt5_data_loader_E.py         | 171  : _normalize_df            | columns of df at end of part 2 is : ['open', 'high', 'low', 'close', 'volume', 'spread']
2026-07-03 19:29:29 | DEBUG  | mt5_data_loader_E.py         | 156  : _normalize_df            | starting "_normalize_df" function
2026-07-03 19:29:29 | DEBUG  | mt5_data_loader_E.py         | 165  : _normalize_df            | columns of df at end of part 1 is : ['open', 'high', 'low', 'close', 'volume', 'spread']
2026-07-03 19:29:29 | DEBUG  | mt5_data_loader_E.py         | 171  : _normalize_df            | columns of df at end of part 2 is : ['open', 'high', 'low', 'close', 'volume', 'spread']
2026-07-03 19:29:29 | INFO   | mt5_data_loader_E.py         | 536  : run                      | Saved: XAUUSD_i M20 → E:\Bot-RL-3\f03_data\raw\XAUUSD_i\M20.parquet (rows: +0 / total 374730)
2026-07-03 19:29:29 | DEBUG  | mt5_data_loader_E.py         | 343  : _fetch_candles           | symbol        for _fetch_candles is XAUUSD_i
2026-07-03 19:29:29 | DEBUG  | mt5_data_loader_E.py         | 344  : _fetch_candles           | timeframe     for _fetch_candles is H1
2026-07-03 19:29:29 | DEBUG  | mt5_data_loader_E.py         | 345  : _fetch_candles           | lookback_bars for _fetch_candles is 12345678
2026-07-03 19:29:29 | DEBUG  | mt5_data_loader_E.py         | 346  : _fetch_candles           | date_from     for _fetch_candles is 2020-01-01 00:00:00+00:00
2026-07-03 19:29:29 | DEBUG  | mt5_data_loader_E.py         | 347  : _fetch_candles           | date_to       for _fetch_candles is 2026-07-03 15:59:16.892051+00:00
2026-07-03 19:29:29 | DEBUG  | mt5_data_loader_E.py         | 348  : _fetch_candles           | range_policy  for _fetch_candles is date
2026-07-03 19:29:29 | DEBUG  | mt5_data_loader_E.py         | 514  : run                      | if df after "_fetch_candles" is a pd.DataFrame: True
2026-07-03 19:29:29 | DEBUG  | mt5_data_loader_E.py         | 156  : _normalize_df            | starting "_normalize_df" function
2026-07-03 19:29:29 | DEBUG  | mt5_data_loader_E.py         | 165  : _normalize_df            | columns of df at end of part 1 is : ['open', 'high', 'low', 'close', 'volume', 'spread']
2026-07-03 19:29:29 | DEBUG  | mt5_data_loader_E.py         | 171  : _normalize_df            | columns of df at end of part 2 is : ['open', 'high', 'low', 'close', 'volume', 'spread']
2026-07-03 19:29:29 | DEBUG  | mt5_data_loader_E.py         | 518  : run                      | if df after "_normalize_df" is a pd.DataFrame: True
2026-07-03 19:29:29 | INFO   | mt5_data_loader_E.py         | 526  : run                      | TF=H1 | requested=12345678 | returned=37325 | range=2020-01-02 06:00:00+00:00 → 2026-07-03 15:00:00+00:00
2026-07-03 19:29:29 | DEBUG  | mt5_data_loader_E.py         | 156  : _normalize_df            | starting "_normalize_df" function
2026-07-03 19:29:29 | DEBUG  | mt5_data_loader_E.py         | 165  : _normalize_df            | columns of df at end of part 1 is : ['open', 'high', 'low', 'close', 'volume', 'spread']
2026-07-03 19:29:29 | DEBUG  | mt5_data_loader_E.py         | 171  : _normalize_df            | columns of df at end of part 2 is : ['open', 'high', 'low', 'close', 'volume', 'spread']
2026-07-03 19:29:29 | DEBUG  | mt5_data_loader_E.py         | 156  : _normalize_df            | starting "_normalize_df" function
2026-07-03 19:29:29 | DEBUG  | mt5_data_loader_E.py         | 165  : _normalize_df            | columns of df at end of part 1 is : ['open', 'high', 'low', 'close', 'volume', 'spread']
2026-07-03 19:29:29 | DEBUG  | mt5_data_loader_E.py         | 171  : _normalize_df            | columns of df at end of part 2 is : ['open', 'high', 'low', 'close', 'volume', 'spread']
2026-07-03 19:29:29 | INFO   | mt5_data_loader_E.py         | 536  : run                      | Saved: XAUUSD_i H1 → E:\Bot-RL-3\f03_data\raw\XAUUSD_i\H1.parquet (rows: +0 / total 126176)
2026-07-03 19:29:29 | DEBUG  | mt5_data_loader_E.py         | 343  : _fetch_candles           | symbol        for _fetch_candles is XAUUSD_i
2026-07-03 19:29:29 | DEBUG  | mt5_data_loader_E.py         | 344  : _fetch_candles           | timeframe     for _fetch_candles is H4
2026-07-03 19:29:29 | DEBUG  | mt5_data_loader_E.py         | 345  : _fetch_candles           | lookback_bars for _fetch_candles is 12345678
2026-07-03 19:29:29 | DEBUG  | mt5_data_loader_E.py         | 346  : _fetch_candles           | date_from     for _fetch_candles is 2020-01-01 00:00:00+00:00
2026-07-03 19:29:29 | DEBUG  | mt5_data_loader_E.py         | 347  : _fetch_candles           | date_to       for _fetch_candles is 2026-07-03 15:59:16.892051+00:00
2026-07-03 19:29:29 | DEBUG  | mt5_data_loader_E.py         | 348  : _fetch_candles           | range_policy  for _fetch_candles is date
2026-07-03 19:29:29 | DEBUG  | mt5_data_loader_E.py         | 514  : run                      | if df after "_fetch_candles" is a pd.DataFrame: True
2026-07-03 19:29:29 | DEBUG  | mt5_data_loader_E.py         | 156  : _normalize_df            | starting "_normalize_df" function
2026-07-03 19:29:29 | DEBUG  | mt5_data_loader_E.py         | 165  : _normalize_df            | columns of df at end of part 1 is : ['open', 'high', 'low', 'close', 'volume', 'spread']
2026-07-03 19:29:29 | DEBUG  | mt5_data_loader_E.py         | 171  : _normalize_df            | columns of df at end of part 2 is : ['open', 'high', 'low', 'close', 'volume', 'spread']
2026-07-03 19:29:29 | DEBUG  | mt5_data_loader_E.py         | 518  : run                      | if df after "_normalize_df" is a pd.DataFrame: True
2026-07-03 19:29:29 | INFO   | mt5_data_loader_E.py         | 526  : run                      | TF=H4 | requested=12345678 | returned=10057 | range=2020-01-02 04:00:00+00:00 → 2026-07-03 12:00:00+00:00
2026-07-03 19:29:29 | DEBUG  | mt5_data_loader_E.py         | 156  : _normalize_df            | starting "_normalize_df" function
2026-07-03 19:29:29 | DEBUG  | mt5_data_loader_E.py         | 165  : _normalize_df            | columns of df at end of part 1 is : ['open', 'high', 'low', 'close', 'volume', 'spread']
2026-07-03 19:29:29 | DEBUG  | mt5_data_loader_E.py         | 171  : _normalize_df            | columns of df at end of part 2 is : ['open', 'high', 'low', 'close', 'volume', 'spread']
2026-07-03 19:29:29 | DEBUG  | mt5_data_loader_E.py         | 156  : _normalize_df            | starting "_normalize_df" function
2026-07-03 19:29:29 | DEBUG  | mt5_data_loader_E.py         | 165  : _normalize_df            | columns of df at end of part 1 is : ['open', 'high', 'low', 'close', 'volume', 'spread']
2026-07-03 19:29:29 | DEBUG  | mt5_data_loader_E.py         | 171  : _normalize_df            | columns of df at end of part 2 is : ['open', 'high', 'low', 'close', 'volume', 'spread']
2026-07-03 19:29:29 | INFO   | mt5_data_loader_E.py         | 536  : run                      | Saved: XAUUSD_i H4 → E:\Bot-RL-3\f03_data\raw\XAUUSD_i\H4.parquet (rows: +0 / total 33783)
2026-07-03 19:29:29 | INFO   | mt5_connector.py             | 315  : shutdown                 | MT5 shutdown complete.
2026-07-03 19:29:29 | INFO   | main_6_2_orch.py             | 641  : download_historical_data | Downloaded: XAUUSD_i/M1 - 0 rows
2026-07-03 19:29:29 | INFO   | main_6_2_orch.py             | 641  : download_historical_data | Downloaded: XAUUSD_i/M2 - 0 rows
2026-07-03 19:29:29 | INFO   | main_6_2_orch.py             | 641  : download_historical_data | Downloaded: XAUUSD_i/M4 - 0 rows
2026-07-03 19:29:29 | INFO   | main_6_2_orch.py             | 641  : download_historical_data | Downloaded: XAUUSD_i/M20 - 0 rows
2026-07-03 19:29:29 | INFO   | main_6_2_orch.py             | 641  : download_historical_data | Downloaded: XAUUSD_i/H1 - 0 rows
2026-07-03 19:29:29 | INFO   | main_6_2_orch.py             | 641  : download_historical_data | Downloaded: XAUUSD_i/H4 - 0 rows
2026-07-03 19:29:29 | INFO   | main_6_2_orch.py             | 642  : download_historical_data | Historical data download completed
2026-07-03 19:29:29 | INFO   | mt5_connector.py             | 315  : shutdown                 | MT5 shutdown complete.
2026-07-18 21:28:25 | INFO   | logging_utils.py             | 102  : setup_logging            | ============================================================
2026-07-18 21:28:25 | INFO   | logging_utils.py             | 103  : setup_logging            | Bot-RL-3 Starting - Listener-based, No Polling
2026-07-18 21:28:25 | INFO   | logging_utils.py             | 104  : setup_logging            | ============================================================
2026-07-18 21:28:25 | DEBUG  | config_loader.py             | 309  : recurse                  | ENV override connection.mt5_credentials.login (BOT_CONNECTION_MT5_CREDENTIALS_LOGIN) = 52950820
2026-07-18 21:28:25 | DEBUG  | config_loader.py             | 309  : recurse                  | ENV override connection.mt5_credentials.password (BOT_CONNECTION_MT5_CREDENTIALS_PASSWORD) = '99%BeginNika88%'
2026-07-18 21:28:25 | DEBUG  | config_loader.py             | 309  : recurse                  | ENV override connection.mt5_credentials.server (BOT_CONNECTION_MT5_CREDENTIALS_SERVER) = 'Alpari-MT5-Demo'
2026-07-18 21:28:25 | INFO   | config_loader.py             | 528  : reload                   | Config loaded: E:\Bot-RL-3\f01_config\config.yaml (env prefix=BOT_)
2026-07-18 21:28:25 | INFO   | feature_B_bootstrap.py       | 85   : build                    | Feature system initialized successfully.
2026-07-18 21:28:25 | DEBUG  | parser.py                    | 244  : parse_spec               | parse_spec: sma(column='close',period=20)@M4 -> ParsedSpec(name='sma', args=[], kwargs={'column': 'close', 'period': 20}, timeframe='M4', raw="sma(column='close',period=20)@M4")
2026-07-18 21:28:25 | DEBUG  | parser.py                    | 244  : parse_spec               | parse_spec: sma(column='close',period=20)@M2 -> ParsedSpec(name='sma', args=[], kwargs={'column': 'close', 'period': 20}, timeframe='M2', raw="sma(column='close',period=20)@M2")
2026-07-18 21:28:25 | DEBUG  | parser.py                    | 244  : parse_spec               | parse_spec: sma(column='close',period=20)@M1 -> ParsedSpec(name='sma', args=[], kwargs={'column': 'close', 'period': 20}, timeframe='M1', raw="sma(column='close',period=20)@M1")
2026-07-18 21:28:25 | INFO   | data_pipeline.py             | 44   : __init__                 | DataPipeline initialized for symbol=BITCOIN_i
2026-07-18 21:28:25 | INFO   | data_handler_F_2_3_n.py      | 761  : __init__                 | timeframes changed from ['M1', 'M2', 'M30', 'H1'] to ['M2', 'M30', 'H1']
2026-07-18 21:28:25 | DEBUG  | data_handler_F_2_3_n.py      | 895  : _load_raw                | ==== start _load_raw =================
2026-07-18 21:28:25 | DEBUG  | data_handler_F_2_3_n.py      | 896  : _load_raw                | symbol = BITCOIN_i
2026-07-18 21:28:25 | DEBUG  | data_handler_F_2_3_n.py      | 897  : _load_raw                | timeframe = M1
2026-07-18 21:28:25 | DEBUG  | data_handler_F_2_3_n.py      | 898  : _load_raw                | fmt = parquet
2026-07-18 21:28:25 | DEBUG  | data_handler_F_2_3_n.py      | 899  : _load_raw                | mode = number
2026-07-18 21:28:25 | DEBUG  | data_handler_F_2_3_n.py      | 900  : _load_raw                | start_lastrows = None
2026-07-18 21:28:25 | DEBUG  | data_handler_F_2_3_n.py      | 901  : _load_raw                | end_lastrows = None
2026-07-18 21:28:25 | DEBUG  | data_handler_F_2_3_n.py      | 902  : _load_raw                | start_time = None
2026-07-18 21:28:25 | DEBUG  | data_handler_F_2_3_n.py      | 903  : _load_raw                | end_time = None
2026-07-18 21:28:25 | DEBUG  | data_handler_F_2_3_n.py      | 108  : _read_raw_df             | ==== start _read_raw_df ========================
2026-07-18 21:28:25 | DEBUG  | data_handler_F_2_3_n.py      | 109  : _read_raw_df             | path = E:\Bot-RL-3\f03_data\raw\BITCOIN_i\M1.parquet
2026-07-18 21:28:25 | DEBUG  | data_handler_F_2_3_n.py      | 110  : _read_raw_df             | mode = number
2026-07-18 21:28:25 | DEBUG  | data_handler_F_2_3_n.py      | 111  : _read_raw_df             | start_lastrows = None
2026-07-18 21:28:25 | DEBUG  | data_handler_F_2_3_n.py      | 112  : _read_raw_df             | end_lastrows = None
2026-07-18 21:28:25 | DEBUG  | data_handler_F_2_3_n.py      | 113  : _read_raw_df             | start_time = None
2026-07-18 21:28:25 | DEBUG  | data_handler_F_2_3_n.py      | 114  : _read_raw_df             | end_time = None
2026-07-18 21:28:25 | DEBUG  | data_handler_F_2_3_n.py      | 115  : _read_raw_df             | ==== end _read_raw_df ==========================
2026-07-18 21:28:25 | DEBUG  | data_handler_F_2_3_n.py      | 144  : _read_raw_df             |  -----> type of index = <class 'pandas._libs.tslibs.timestamps.Timestamp'>
2026-07-18 21:28:25 | DEBUG  | mt5_data_loader_E.py         | 154  : normalize_df             | starting "normalize_df" function
2026-07-18 21:28:25 | DEBUG  | mt5_data_loader_E.py         | 163  : normalize_df             | columns of df at end of part 1 is : ['open', 'high', 'low', 'close', 'volume', 'spread']
2026-07-18 21:28:25 | DEBUG  | mt5_data_loader_E.py         | 169  : normalize_df             | columns of df at end of part 2 is : ['open', 'high', 'low', 'close', 'volume', 'spread']
2026-07-18 21:28:25 | DEBUG  | data_handler_F_2_3_n.py      | 240  : _read_raw_df             | len of result of _read_raw_df = 752527
2026-07-18 21:28:25 | DEBUG  | data_handler_F_2_3_n.py      | 935  : _load_raw                | ====  end  _load_raw =================
2026-07-18 21:28:25 | DEBUG  | data_handler_F_2_3_n.py      | 895  : _load_raw                | ==== start _load_raw =================
2026-07-18 21:28:25 | DEBUG  | data_handler_F_2_3_n.py      | 896  : _load_raw                | symbol = BITCOIN_i
2026-07-18 21:28:25 | DEBUG  | data_handler_F_2_3_n.py      | 897  : _load_raw                | timeframe = M2
2026-07-18 21:28:25 | DEBUG  | data_handler_F_2_3_n.py      | 898  : _load_raw                | fmt = parquet
2026-07-18 21:28:25 | DEBUG  | data_handler_F_2_3_n.py      | 899  : _load_raw                | mode = number
2026-07-18 21:28:25 | DEBUG  | data_handler_F_2_3_n.py      | 900  : _load_raw                | start_lastrows = None
2026-07-18 21:28:25 | DEBUG  | data_handler_F_2_3_n.py      | 901  : _load_raw                | end_lastrows = None
2026-07-18 21:28:25 | DEBUG  | data_handler_F_2_3_n.py      | 902  : _load_raw                | start_time = None
2026-07-18 21:28:25 | DEBUG  | data_handler_F_2_3_n.py      | 903  : _load_raw                | end_time = None
2026-07-18 21:28:25 | DEBUG  | data_handler_F_2_3_n.py      | 108  : _read_raw_df             | ==== start _read_raw_df ========================
2026-07-18 21:28:25 | DEBUG  | data_handler_F_2_3_n.py      | 109  : _read_raw_df             | path = E:\Bot-RL-3\f03_data\raw\BITCOIN_i\M2.parquet
2026-07-18 21:28:25 | DEBUG  | data_handler_F_2_3_n.py      | 110  : _read_raw_df             | mode = number
2026-07-18 21:28:25 | DEBUG  | data_handler_F_2_3_n.py      | 111  : _read_raw_df             | start_lastrows = None
2026-07-18 21:28:25 | DEBUG  | data_handler_F_2_3_n.py      | 112  : _read_raw_df             | end_lastrows = None
2026-07-18 21:28:25 | DEBUG  | data_handler_F_2_3_n.py      | 113  : _read_raw_df             | start_time = None
2026-07-18 21:28:25 | DEBUG  | data_handler_F_2_3_n.py      | 114  : _read_raw_df             | end_time = None
2026-07-18 21:28:25 | DEBUG  | data_handler_F_2_3_n.py      | 115  : _read_raw_df             | ==== end _read_raw_df ==========================
2026-07-18 21:28:25 | DEBUG  | mt5_data_loader_E.py         | 154  : normalize_df             | starting "normalize_df" function
2026-07-18 21:28:25 | DEBUG  | mt5_data_loader_E.py         | 163  : normalize_df             | columns of df at end of part 1 is : ['open', 'high', 'low', 'close', 'volume', 'spread']
2026-07-18 21:28:25 | DEBUG  | mt5_data_loader_E.py         | 169  : normalize_df             | columns of df at end of part 2 is : ['open', 'high', 'low', 'close', 'volume', 'spread']
2026-07-18 21:28:25 | DEBUG  | data_handler_F_2_3_n.py      | 240  : _read_raw_df             | len of result of _read_raw_df = 4462
2026-07-18 21:28:25 | DEBUG  | data_handler_F_2_3_n.py      | 935  : _load_raw                | ====  end  _load_raw =================
2026-07-18 21:28:25 | DEBUG  | data_handler_F_2_3_n.py      | 895  : _load_raw                | ==== start _load_raw =================
2026-07-18 21:28:25 | DEBUG  | data_handler_F_2_3_n.py      | 896  : _load_raw                | symbol = BITCOIN_i
2026-07-18 21:28:25 | DEBUG  | data_handler_F_2_3_n.py      | 897  : _load_raw                | timeframe = M30
2026-07-18 21:28:25 | DEBUG  | data_handler_F_2_3_n.py      | 898  : _load_raw                | fmt = parquet
2026-07-18 21:28:25 | DEBUG  | data_handler_F_2_3_n.py      | 899  : _load_raw                | mode = number
2026-07-18 21:28:25 | DEBUG  | data_handler_F_2_3_n.py      | 900  : _load_raw                | start_lastrows = None
2026-07-18 21:28:25 | DEBUG  | data_handler_F_2_3_n.py      | 901  : _load_raw                | end_lastrows = None
2026-07-18 21:28:25 | DEBUG  | data_handler_F_2_3_n.py      | 902  : _load_raw                | start_time = None
2026-07-18 21:28:25 | DEBUG  | data_handler_F_2_3_n.py      | 903  : _load_raw                | end_time = None
2026-07-18 21:28:25 | DEBUG  | data_handler_F_2_3_n.py      | 108  : _read_raw_df             | ==== start _read_raw_df ========================
2026-07-18 21:28:25 | DEBUG  | data_handler_F_2_3_n.py      | 109  : _read_raw_df             | path = E:\Bot-RL-3\f03_data\raw\BITCOIN_i\M30.parquet
2026-07-18 21:28:25 | DEBUG  | data_handler_F_2_3_n.py      | 110  : _read_raw_df             | mode = number
2026-07-18 21:28:25 | DEBUG  | data_handler_F_2_3_n.py      | 111  : _read_raw_df             | start_lastrows = None
2026-07-18 21:28:25 | DEBUG  | data_handler_F_2_3_n.py      | 112  : _read_raw_df             | end_lastrows = None
2026-07-18 21:28:25 | DEBUG  | data_handler_F_2_3_n.py      | 113  : _read_raw_df             | start_time = None
2026-07-18 21:28:25 | DEBUG  | data_handler_F_2_3_n.py      | 114  : _read_raw_df             | end_time = None
2026-07-18 21:28:25 | DEBUG  | data_handler_F_2_3_n.py      | 115  : _read_raw_df             | ==== end _read_raw_df ==========================
2026-07-18 21:28:25 | DEBUG  | data_handler_F_2_3_n.py      | 144  : _read_raw_df             |  -----> type of index = <class 'pandas._libs.tslibs.timestamps.Timestamp'>
2026-07-18 21:28:25 | DEBUG  | mt5_data_loader_E.py         | 154  : normalize_df             | starting "normalize_df" function
2026-07-18 21:28:25 | DEBUG  | mt5_data_loader_E.py         | 163  : normalize_df             | columns of df at end of part 1 is : ['open', 'high', 'low', 'close', 'volume', 'spread']
2026-07-18 21:28:25 | DEBUG  | mt5_data_loader_E.py         | 169  : normalize_df             | columns of df at end of part 2 is : ['open', 'high', 'low', 'close', 'volume', 'spread']
2026-07-18 21:28:25 | DEBUG  | data_handler_F_2_3_n.py      | 240  : _read_raw_df             | len of result of _read_raw_df = 23192
2026-07-18 21:28:25 | DEBUG  | data_handler_F_2_3_n.py      | 935  : _load_raw                | ====  end  _load_raw =================
2026-07-18 21:28:25 | DEBUG  | data_handler_F_2_3_n.py      | 895  : _load_raw                | ==== start _load_raw =================
2026-07-18 21:28:25 | DEBUG  | data_handler_F_2_3_n.py      | 896  : _load_raw                | symbol = BITCOIN_i
2026-07-18 21:28:25 | DEBUG  | data_handler_F_2_3_n.py      | 897  : _load_raw                | timeframe = H1
2026-07-18 21:28:25 | DEBUG  | data_handler_F_2_3_n.py      | 898  : _load_raw                | fmt = parquet
2026-07-18 21:28:25 | DEBUG  | data_handler_F_2_3_n.py      | 899  : _load_raw                | mode = number
2026-07-18 21:28:25 | DEBUG  | data_handler_F_2_3_n.py      | 900  : _load_raw                | start_lastrows = None
2026-07-18 21:28:25 | DEBUG  | data_handler_F_2_3_n.py      | 901  : _load_raw                | end_lastrows = None
2026-07-18 21:28:25 | DEBUG  | data_handler_F_2_3_n.py      | 902  : _load_raw                | start_time = None
2026-07-18 21:28:25 | DEBUG  | data_handler_F_2_3_n.py      | 903  : _load_raw                | end_time = None
2026-07-18 21:28:25 | DEBUG  | data_handler_F_2_3_n.py      | 108  : _read_raw_df             | ==== start _read_raw_df ========================
2026-07-18 21:28:25 | DEBUG  | data_handler_F_2_3_n.py      | 109  : _read_raw_df             | path = E:\Bot-RL-3\f03_data\raw\BITCOIN_i\H1.parquet
2026-07-18 21:28:25 | DEBUG  | data_handler_F_2_3_n.py      | 110  : _read_raw_df             | mode = number
2026-07-18 21:28:25 | DEBUG  | data_handler_F_2_3_n.py      | 111  : _read_raw_df             | start_lastrows = None
2026-07-18 21:28:25 | DEBUG  | data_handler_F_2_3_n.py      | 112  : _read_raw_df             | end_lastrows = None
2026-07-18 21:28:25 | DEBUG  | data_handler_F_2_3_n.py      | 113  : _read_raw_df             | start_time = None
2026-07-18 21:28:25 | DEBUG  | data_handler_F_2_3_n.py      | 114  : _read_raw_df             | end_time = None
2026-07-18 21:28:25 | DEBUG  | data_handler_F_2_3_n.py      | 115  : _read_raw_df             | ==== end _read_raw_df ==========================
2026-07-18 21:28:25 | DEBUG  | mt5_data_loader_E.py         | 154  : normalize_df             | starting "normalize_df" function
2026-07-18 21:28:25 | DEBUG  | mt5_data_loader_E.py         | 163  : normalize_df             | columns of df at end of part 1 is : ['open', 'high', 'low', 'close', 'volume', 'spread']
2026-07-18 21:28:25 | DEBUG  | mt5_data_loader_E.py         | 169  : normalize_df             | columns of df at end of part 2 is : ['open', 'high', 'low', 'close', 'volume', 'spread']
2026-07-18 21:28:25 | DEBUG  | data_handler_F_2_3_n.py      | 240  : _read_raw_df             | len of result of _read_raw_df = 10000
2026-07-18 21:28:25 | DEBUG  | data_handler_F_2_3_n.py      | 935  : _load_raw                | ====  end  _load_raw =================
2026-07-18 21:28:25 | DEBUG  | parser.py                    | 244  : parse_spec               | parse_spec: sma(column='close',period=20)@M4 -> ParsedSpec(name='sma', args=[], kwargs={'column': 'close', 'period': 20}, timeframe='M4', raw="sma(column='close',period=20)@M4")
2026-07-18 21:28:25 | DEBUG  | parser.py                    | 244  : parse_spec               | parse_spec: sma(column='close',period=20)@M2 -> ParsedSpec(name='sma', args=[], kwargs={'column': 'close', 'period': 20}, timeframe='M2', raw="sma(column='close',period=20)@M2")
2026-07-18 21:28:25 | DEBUG  | parser.py                    | 244  : parse_spec               | parse_spec: sma(column='close',period=20)@M1 -> ParsedSpec(name='sma', args=[], kwargs={'column': 'close', 'period': 20}, timeframe='M1', raw="sma(column='close',period=20)@M1")
2026-07-18 21:28:25 | INFO   | feature_C_engine_4.py        | 88   : execute                  | Parsed 3 feature specs.
2026-07-18 21:28:25 | WARNING | feature_C_engine_4.py        | 149  : _apply_spec              | Spec has no timeframe: sma(column='close',period=20)@M1
2026-07-18 21:28:25 | WARNING | feature_C_engine_4.py        | 149  : _apply_spec              | Spec has no timeframe: sma(column='close',period=20)@M2
2026-07-18 21:28:25 | WARNING | feature_C_engine_4.py        | 149  : _apply_spec              | Spec has no timeframe: sma(column='close',period=20)@M4
2026-07-18 21:28:25 | INFO   | feature_C_engine_4.py        | 124  : execute                  | Feature calculation completed on 4 timeframes.
